#
# There is insufficient memory for the Java Runtime Environment to continue.
# Native memory allocation (mmap) failed to map 2097152 bytes. Error detail: G1 virtual space
# Possible reasons:
#   The system is out of physical RAM or swap space
#   This process is running with CompressedOops enabled, and the Java Heap may be blocking the growth of the native heap
# Possible solutions:
#   Reduce memory load on the system
#   Increase physical memory or swap space
#   Check if swap backing store is full
#   Decrease Java heap size (-Xmx/-Xms)
#   Decrease number of Java threads
#   Decrease Java thread stack sizes (-Xss)
#   Set larger code cache with -XX:ReservedCodeCacheSize=
#   JVM is running with Zero Based Compressed Oops mode in which the Java heap is
#     placed in the first 32GB address space. The Java Heap base address is the
#     maximum limit for the native heap growth. Please use -XX:HeapBaseMinAddress
#     to set the Java Heap base and to place the Java Heap above 32GB virtual address.
# This output file may be truncated or incomplete.
#
#  Out of Memory Error (os_windows.cpp:3686), pid=21424, tid=22604
#
# JRE version: OpenJDK Runtime Environment Zulu21.42+19-CA (21.0.7+6) (build 21.0.7+6-LTS)
# Java VM: OpenJDK 64-Bit Server VM Zulu21.42+19-CA (21.0.7+6-LTS, mixed mode, sharing, tiered, compressed oops, compressed class ptrs, g1 gc, windows-amd64)
# No core dump will be written. Minidumps are not enabled by default on client versions of Windows
#

---------------  S U M M A R Y ------------

Command Line: --add-opens=java.base/java.lang=ALL-UNNAMED --add-opens=java.base/java.lang.invoke=ALL-UNNAMED --add-opens=java.base/java.util=ALL-UNNAMED --add-opens=java.prefs/java.util.prefs=ALL-UNNAMED --add-exports=jdk.compiler/com.sun.tools.javac.api=ALL-UNNAMED --add-exports=jdk.compiler/com.sun.tools.javac.util=ALL-UNNAMED --add-opens=java.base/java.util=ALL-UNNAMED --add-opens=java.prefs/java.util.prefs=ALL-UNNAMED --add-opens=java.base/java.nio.charset=ALL-UNNAMED --add-opens=java.base/java.net=ALL-UNNAMED --add-opens=java.base/java.util.concurrent.atomic=ALL-UNNAMED --add-opens=java.xml/javax.xml.namespace=ALL-UNNAMED -Xmx4g -Dfile.encoding=UTF-8 -Duser.country=GB -Duser.language=en -Duser.variant -javaagent:C:\Users\Administrator\.gradle\wrapper\dists\gradle-8.14.3-bin\cv11ve7ro1n3o1j4so8xd9n66\gradle-8.14.3\lib\agents\gradle-instrumentation-agent-8.14.3.jar org.gradle.launcher.daemon.bootstrap.GradleDaemon 8.14.3

Host: AMD Ryzen 5 7600X 6-Core Processor             , 12 cores, 31G,  Windows 11 , 64 bit Build 26100 (10.0.26100.5514)
Time: Thu Feb 26 19:34:50 2026 GMT Standard Time elapsed time: 778.501785 seconds (0d 0h 12m 58s)

---------------  T H R E A D  ---------------

Current thread (0x000002bb1c47f450):  WorkerThread "GC Thread#3"    [id=22604, stack(0x000000ee1fb00000,0x000000ee1fc00000) (1024K)]

Stack: [0x000000ee1fb00000,0x000000ee1fc00000]
Native frames: (J=compiled Java code, j=interpreted, Vv=VM code, C=native code)
V  [jvm.dll+0x6fb989]
V  [jvm.dll+0x8defdf]
V  [jvm.dll+0x8e13d8]
V  [jvm.dll+0x8e1b43]
V  [jvm.dll+0x299c76]
V  [jvm.dll+0x6f80d5]
V  [jvm.dll+0x6ebfda]
V  [jvm.dll+0x374eca]
V  [jvm.dll+0x37cbd6]
V  [jvm.dll+0x3d1302]
V  [jvm.dll+0x3d19d4]
V  [jvm.dll+0x3d1a9d]
V  [jvm.dll+0x3482cc]
V  [jvm.dll+0x348025]
V  [jvm.dll+0x336b3d]
V  [jvm.dll+0x337991]
V  [jvm.dll+0x337e28]
V  [jvm.dll+0x337887]
V  [jvm.dll+0x376df6]
V  [jvm.dll+0x3771ca]
V  [jvm.dll+0x37827a]
V  [jvm.dll+0x377ef4]
V  [jvm.dll+0x38c509]
V  [jvm.dll+0x38cbda]
V  [jvm.dll+0x38ccd7]
V  [jvm.dll+0x38dbde]
V  [jvm.dll+0x90d63e]
V  [jvm.dll+0x886426]
V  [jvm.dll+0x6fa044]
C  [ucrtbase.dll+0x37b0]
C  [KERNEL32.DLL+0x2e8d7]
C  [ntdll.dll+0x9c5dc]


---------------  P R O C E S S  ---------------

Threads class SMR info:
_java_thread_list=0x000002bb25cd72d0, length=218, elements={
0x000002babb51fe10, 0x000002bad845bfa0, 0x000002bad845cbb0, 0x000002bad8462ab0,
0x000002bad8463c00, 0x000002bad8465fc0, 0x000002bad8468be0, 0x000002bad846b090,
0x000002bb1c083a50, 0x000002bb1c081000, 0x000002bb1c2f8880, 0x000002bb226ac2a0,
0x000002bb226af7f0, 0x000002bb223a25c0, 0x000002bb225253c0, 0x000002bb22525a50,
0x000002bb225260e0, 0x000002bb23d13030, 0x000002bb23d16b40, 0x000002bb23d17ef0,
0x000002bb23d18c10, 0x000002bb1c24f240, 0x000002bb1c24c450, 0x000002bb1c24cae0,
0x000002bb1c252d50, 0x000002bb2e829d40, 0x000002bb2e82a3d0, 0x000002bb2e82b780,
0x000002bb2e82be10, 0x000002bb2e82dee0, 0x000002bb2f02dc60, 0x000002bb2f02cf40,
0x000002bb2f02c220, 0x000002bb2f02d5d0, 0x000002bb2f02a7e0, 0x000002bb2f02e2f0,
0x000002bb2f02ae70, 0x000002bb2f02f010, 0x000002bb2f031e00, 0x000002bb2f0310e0,
0x000002bb2f02e980, 0x000002bb2f032490, 0x000002bb2f02f6a0, 0x000002bb2f032b20,
0x000002bb2f0331b0, 0x000002bb2f0303c0, 0x000002bb2f034bf0, 0x000002bb2f034560,
0x000002bb2f033840, 0x000002bb2f035fa0, 0x000002bb2f038070, 0x000002bb2f037350,
0x000002bb2f035280, 0x000002bb2f036cc0, 0x000002bb2f036630, 0x000002bb2f0379e0,
0x000002bb2f035910, 0x000002bb2f038700, 0x000002bb2f03c210, 0x000002bb2f03bb80,
0x000002bb2f038d90, 0x000002bb2f03b4f0, 0x000002bb2f031770, 0x000002bb2f03c8a0,
0x000002bb2f039420, 0x000002bb2f03ae60, 0x000002bb2f03cf30, 0x000002bb2f039ab0,
0x000002bb2f03a140, 0x000002bb2f03dc50, 0x000002bb2f03a7d0, 0x000002bb2f03f000,
0x000002bb2f03f690, 0x000002bb2f0403b0, 0x000002bb2f03fd20, 0x000002bb2f03e2e0,
0x000002bb2f041df0, 0x000002bb2f0410d0, 0x000002bb2f03e970, 0x000002bb2f041760,
0x000002bb2f040a40, 0x000002bb2f044be0, 0x000002bb2f044550, 0x000002bb2f042b10,
0x000002bb2f042480, 0x000002bb2f045f90, 0x000002bb2f043ec0, 0x000002bb2f045270,
0x000002bb2f0431a0, 0x000002bb2f046620, 0x000002bb2f045900, 0x000002bb2f046cb0,
0x000002bb2f043830, 0x000002bb2f047340, 0x000002bb2e82cb30, 0x000002bb2e82aa60,
0x000002bb2e82d850, 0x000002bb2e80ffd0, 0x000002bb2e80f940, 0x000002bb2e810cf0,
0x000002bb2e80f2b0, 0x000002bb2e811380, 0x000002bb2e811a10, 0x000002bb2e8120a0,
0x000002bb2e810660, 0x000002bb2e80ec20, 0x000002bb2e812730, 0x000002bb2e813ae0,
0x000002bb2e813450, 0x000002bb2e814170, 0x000002bb2e814800, 0x000002bb2e815520,
0x000002bb2e815bb0, 0x000002bb2e816240, 0x000002bb2e812dc0, 0x000002bb2e819030,
0x000002bb2e819d50, 0x000002bb2e8168d0, 0x000002bb2e8196c0, 0x000002bb2e81a3e0,
0x000002bb2e8175f0, 0x000002bb2e816f60, 0x000002bb2e818310, 0x000002bb2e81aa70,
0x000002bb2e81b100, 0x000002bb2e817c80, 0x000002bb2e81be20, 0x000002bb2e81b790,
0x000002bb2e81d1d0, 0x000002bb2e81d860, 0x000002bb2e81e580, 0x000002bb2e81ec10,
0x000002bb2e81cb40, 0x000002bb2e81f930, 0x000002bb2e81c4b0, 0x000002bb2e820650,
0x000002bb2e820ce0, 0x000002bb2e822720, 0x000002bb2e821a00, 0x000002bb2e823440,
0x000002bb2e81ffc0, 0x000002bb2e823ad0, 0x000002bb2e822090, 0x000002bb2e826230,
0x000002bb2e8247f0, 0x000002bb2e826f50, 0x000002bb2e824160, 0x000002bb2e825ba0,
0x000002bb2e824e80, 0x000002bb2e8268c0, 0x000002bb2e825510, 0x000002bb2e8275e0,
0x000002bb2e827c70, 0x000002bb26c76a60, 0x000002bb26c791c0, 0x000002bb26c78b30,
0x000002bb26c79ee0, 0x000002bb26c77780, 0x000002bb26c7b290, 0x000002bb26c77e10,
0x000002bb26c7eda0, 0x000002bb26c7b920, 0x000002bb26c7d360, 0x000002bb26c7e710,
0x000002bb26c7bfb0, 0x000002bb26c7f430, 0x000002bb26c7fac0, 0x000002bb26c7c640,
0x000002bb26c807e0, 0x000002bb26c80150, 0x000002bb26c7e080, 0x000002bb26c7d9f0,
0x000002bb26c85010, 0x000002bb26c81b90, 0x000002bb26c856a0, 0x000002bb26c82220,
0x000002bb26c828b0, 0x000002bb26c842f0, 0x000002bb26c82f40, 0x000002bb241dcdf0,
0x000002bb241e0270, 0x000002bb241e0900, 0x000002bb241d85c0, 0x000002bb241d78a0,
0x000002bb241d8c50, 0x000002bb241d9970, 0x000002bb241deec0, 0x000002bb241dd480,
0x000002bb241dfbe0, 0x000002bb241de830, 0x000002bb241e4410, 0x000002bb241e0f90,
0x000002bb241e2340, 0x000002bb241e3060, 0x000002bb2510e190, 0x000002bb3033d5f0,
0x000002bb3033dc80, 0x000002bb3033cf60, 0x000002bb3033e310, 0x000002bb2f2404c0,
0x000002bb2f23f110, 0x000002bb2f2411e0, 0x000002bb2f985cc0, 0x000002bb2f984fa0,
0x000002bb21cf22c0, 0x000002bb21cf2950, 0x000002bb2f9ff770, 0x000002bb241da000,
0x000002bb2f985630, 0x000002bb3054baf0, 0x000002bb36819050, 0x000002bb35a5fb10,
0x000002bb37f36d80, 0x000002bb2e36d040, 0x000002bb3054c180, 0x000002bb3510ba80,
0x000002bb372cd120, 0x000002bb352522d0
}

Java Threads: ( => current thread )
  0x000002babb51fe10 JavaThread "main"                              [_thread_blocked, id=21116, stack(0x000000ee1e500000,0x000000ee1e600000) (1024K)]
  0x000002bad845bfa0 JavaThread "Reference Handler"          daemon [_thread_blocked, id=13008, stack(0x000000ee1ed00000,0x000000ee1ee00000) (1024K)]
  0x000002bad845cbb0 JavaThread "Finalizer"                  daemon [_thread_blocked, id=4920, stack(0x000000ee1ee00000,0x000000ee1ef00000) (1024K)]
  0x000002bad8462ab0 JavaThread "Signal Dispatcher"          daemon [_thread_blocked, id=15632, stack(0x000000ee1ef00000,0x000000ee1f000000) (1024K)]
  0x000002bad8463c00 JavaThread "Attach Listener"            daemon [_thread_blocked, id=7680, stack(0x000000ee1f000000,0x000000ee1f100000) (1024K)]
  0x000002bad8465fc0 JavaThread "Service Thread"             daemon [_thread_blocked, id=15032, stack(0x000000ee1f100000,0x000000ee1f200000) (1024K)]
  0x000002bad8468be0 JavaThread "Monitor Deflation Thread"   daemon [_thread_blocked, id=21368, stack(0x000000ee1f200000,0x000000ee1f300000) (1024K)]
  0x000002bad846b090 JavaThread "C2 CompilerThread0"         daemon [_thread_blocked, id=22968, stack(0x000000ee1f300000,0x000000ee1f400000) (1024K)]
  0x000002bb1c083a50 JavaThread "C1 CompilerThread0"         daemon [_thread_blocked, id=7936, stack(0x000000ee1f400000,0x000000ee1f500000) (1024K)]
  0x000002bb1c081000 JavaThread "Common-Cleaner"             daemon [_thread_blocked, id=11048, stack(0x000000ee1f500000,0x000000ee1f600000) (1024K)]
  0x000002bb1c2f8880 JavaThread "Notification Thread"        daemon [_thread_blocked, id=22880, stack(0x000000ee1f600000,0x000000ee1f700000) (1024K)]
  0x000002bb226ac2a0 JavaThread "Daemon health stats"               [_thread_blocked, id=13516, stack(0x000000ee20200000,0x000000ee20300000) (1024K)]
  0x000002bb226af7f0 JavaThread "Incoming local TCP Connector on port 52700"        [_thread_in_native, id=6076, stack(0x000000ee20300000,0x000000ee20400000) (1024K)]
  0x000002bb223a25c0 JavaThread "Daemon periodic checks"            [_thread_blocked, id=9012, stack(0x000000ee20400000,0x000000ee20500000) (1024K)]
  0x000002bb225253c0 JavaThread "Cache worker for journal cache (C:\Users\Administrator\.gradle\caches\journal-1)"        [_thread_blocked, id=8572, stack(0x000000ee20c00000,0x000000ee20d00000) (1024K)]
  0x000002bb22525a50 JavaThread "File lock request listener"        [_thread_in_native, id=5220, stack(0x000000ee20d00000,0x000000ee20e00000) (1024K)]
  0x000002bb225260e0 JavaThread "Cache worker for file hash cache (C:\Users\Administrator\.gradle\caches\8.14.3\fileHashes)"        [_thread_blocked, id=17732, stack(0x000000ee20e00000,0x000000ee20f00000) (1024K)]
  0x000002bb23d13030 JavaThread "File watcher server"        daemon [_thread_blocked, id=21240, stack(0x000000ee21400000,0x000000ee21500000) (1024K)]
  0x000002bb23d16b40 JavaThread "File watcher consumer"      daemon [_thread_blocked, id=1864, stack(0x000000ee21500000,0x000000ee21600000) (1024K)]
  0x000002bb23d17ef0 JavaThread "Cache worker for file content cache (C:\Users\Administrator\.gradle\caches\8.14.3\fileContent)"        [_thread_blocked, id=3680, stack(0x000000ee21700000,0x000000ee21800000) (1024K)]
  0x000002bb23d18c10 JavaThread "Memory manager"                    [_thread_blocked, id=1856, stack(0x000000ee21b00000,0x000000ee21c00000) (1024K)]
  0x000002bb1c24f240 JavaThread "RMI Scheduler(0)"           daemon [_thread_blocked, id=20564, stack(0x000000ee2b400000,0x000000ee2b500000) (1024K)]
  0x000002bb1c24c450 JavaThread "RMI GC Daemon"              daemon [_thread_blocked, id=2596, stack(0x000000ee2b600000,0x000000ee2b700000) (1024K)]
  0x000002bb1c24cae0 JavaThread "RMI TCP Accept-0"           daemon [_thread_in_native, id=16672, stack(0x000000ee2b700000,0x000000ee2b800000) (1024K)]
  0x000002bb1c252d50 JavaThread "RMI Reaper"                        [_thread_blocked, id=23124, stack(0x000000ee2b800000,0x000000ee2b900000) (1024K)]
  0x000002bb2e829d40 JavaThread "Daemon Thread 3"                   [_thread_blocked, id=4984, stack(0x000000ee1e200000,0x000000ee1e300000) (1024K)]
  0x000002bb2e82a3d0 JavaThread "Handler for socket connection from /127.0.0.1:52700 to /127.0.0.1:53838"        [_thread_in_native, id=18044, stack(0x000000ee1e300000,0x000000ee1e400000) (1024K)]
  0x000002bb2e82b780 JavaThread "Cancel handler"                    [_thread_blocked, id=21476, stack(0x000000ee1e400000,0x000000ee1e500000) (1024K)]
  0x000002bb2e82be10 JavaThread "Daemon worker Thread 3"            [_thread_blocked, id=1452, stack(0x000000ee1f700000,0x000000ee1f800000) (1024K)]
  0x000002bb2e82dee0 JavaThread "Asynchronous log dispatcher for DefaultDaemonConnection: socket connection from /127.0.0.1:52700 to /127.0.0.1:53838"        [_thread_blocked, id=23268, stack(0x000000ee1f800000,0x000000ee1f900000) (1024K)]
  0x000002bb2f02dc60 JavaThread "Stdin handler"                     [_thread_blocked, id=20716, stack(0x000000ee20500000,0x000000ee20600000) (1024K)]
  0x000002bb2f02cf40 JavaThread "Daemon client event forwarder"        [_thread_blocked, id=8424, stack(0x000000ee20600000,0x000000ee20700000) (1024K)]
  0x000002bb2f02c220 JavaThread "Cache worker for file hash cache (C:\Users\Administrator\Desktop\Android Studio\Antigravity\Anikku\anikku\.gradle\8.14.3\fileHashes)"        [_thread_blocked, id=9408, stack(0x000000ee20700000,0x000000ee20800000) (1024K)]
  0x000002bb2f02d5d0 JavaThread "Cache worker for Build Output Cleanup Cache (C:\Users\Administrator\Desktop\Android Studio\Antigravity\Anikku\anikku\.gradle\buildOutputCleanup)"        [_thread_blocked, id=21488, stack(0x000000ee20900000,0x000000ee20a00000) (1024K)]
  0x000002bb2f02a7e0 JavaThread "Cache worker for Build Output Cleanup Cache (C:\Users\Administrator\Desktop\Android Studio\Antigravity\Anikku\anikku\buildSrc\.gradle\buildOutputCleanup)"        [_thread_blocked, id=15100, stack(0x000000ee20a00000,0x000000ee20b00000) (1024K)]
  0x000002bb2f02e2f0 JavaThread "Cache worker for checksums cache (C:\Users\Administrator\Desktop\Android Studio\Antigravity\Anikku\anikku\.gradle\8.14.3\checksums)"        [_thread_blocked, id=7200, stack(0x000000ee20b00000,0x000000ee20c00000) (1024K)]
  0x000002bb2f02ae70 JavaThread "Cache worker for cache directory md-supplier (C:\Users\Administrator\.gradle\caches\8.14.3\md-supplier)"        [_thread_blocked, id=22076, stack(0x000000ee21100000,0x000000ee21200000) (1024K)]
  0x000002bb2f02f010 JavaThread "Cache worker for cache directory md-rule (C:\Users\Administrator\.gradle\caches\8.14.3\md-rule)"        [_thread_blocked, id=14212, stack(0x000000ee21200000,0x000000ee21300000) (1024K)]
  0x000002bb2f031e00 JavaThread "Problems report writer"            [_thread_blocked, id=8136, stack(0x000000ee21300000,0x000000ee21400000) (1024K)]
  0x000002bb2f0310e0 JavaThread "Unconstrained build operations"        [_thread_blocked, id=7940, stack(0x000000ee21800000,0x000000ee21900000) (1024K)]
  0x000002bb2f02e980 JavaThread "Unconstrained build operations Thread 2"        [_thread_blocked, id=21712, stack(0x000000ee21900000,0x000000ee21a00000) (1024K)]
  0x000002bb2f032490 JavaThread "Unconstrained build operations Thread 3"        [_thread_blocked, id=21524, stack(0x000000ee21a00000,0x000000ee21b00000) (1024K)]
  0x000002bb2f02f6a0 JavaThread "Unconstrained build operations Thread 4"        [_thread_blocked, id=12592, stack(0x000000ee21c00000,0x000000ee21d00000) (1024K)]
  0x000002bb2f032b20 JavaThread "Unconstrained build operations Thread 5"        [_thread_blocked, id=22600, stack(0x000000ee21d00000,0x000000ee21e00000) (1024K)]
  0x000002bb2f0331b0 JavaThread "Unconstrained build operations Thread 6"        [_thread_blocked, id=20024, stack(0x000000ee21e00000,0x000000ee21f00000) (1024K)]
  0x000002bb2f0303c0 JavaThread "Unconstrained build operations Thread 7"        [_thread_blocked, id=6628, stack(0x000000ee21f00000,0x000000ee22000000) (1024K)]
  0x000002bb2f034bf0 JavaThread "Unconstrained build operations Thread 8"        [_thread_blocked, id=19484, stack(0x000000ee22000000,0x000000ee22100000) (1024K)]
  0x000002bb2f034560 JavaThread "Unconstrained build operations Thread 9"        [_thread_blocked, id=8492, stack(0x000000ee22100000,0x000000ee22200000) (1024K)]
  0x000002bb2f033840 JavaThread "Unconstrained build operations Thread 10"        [_thread_blocked, id=22092, stack(0x000000ee22200000,0x000000ee22300000) (1024K)]
  0x000002bb2f035fa0 JavaThread "Unconstrained build operations Thread 11"        [_thread_blocked, id=1532, stack(0x000000ee22300000,0x000000ee22400000) (1024K)]
  0x000002bb2f038070 JavaThread "Unconstrained build operations Thread 12"        [_thread_blocked, id=21876, stack(0x000000ee22400000,0x000000ee22500000) (1024K)]
  0x000002bb2f037350 JavaThread "Unconstrained build operations Thread 13"        [_thread_blocked, id=10616, stack(0x000000ee22500000,0x000000ee22600000) (1024K)]
  0x000002bb2f035280 JavaThread "Unconstrained build operations Thread 14"        [_thread_blocked, id=16128, stack(0x000000ee22600000,0x000000ee22700000) (1024K)]
  0x000002bb2f036cc0 JavaThread "Unconstrained build operations Thread 15"        [_thread_blocked, id=21416, stack(0x000000ee22700000,0x000000ee22800000) (1024K)]
  0x000002bb2f036630 JavaThread "Unconstrained build operations Thread 16"        [_thread_blocked, id=14956, stack(0x000000ee22800000,0x000000ee22900000) (1024K)]
  0x000002bb2f0379e0 JavaThread "Unconstrained build operations Thread 17"        [_thread_blocked, id=14748, stack(0x000000ee22900000,0x000000ee22a00000) (1024K)]
  0x000002bb2f035910 JavaThread "Unconstrained build operations Thread 18"        [_thread_blocked, id=23088, stack(0x000000ee22a00000,0x000000ee22b00000) (1024K)]
  0x000002bb2f038700 JavaThread "Unconstrained build operations Thread 19"        [_thread_blocked, id=11952, stack(0x000000ee22b00000,0x000000ee22c00000) (1024K)]
  0x000002bb2f03c210 JavaThread "Unconstrained build operations Thread 20"        [_thread_blocked, id=11764, stack(0x000000ee22c00000,0x000000ee22d00000) (1024K)]
  0x000002bb2f03bb80 JavaThread "Unconstrained build operations Thread 21"        [_thread_blocked, id=13748, stack(0x000000ee22d00000,0x000000ee22e00000) (1024K)]
  0x000002bb2f038d90 JavaThread "Unconstrained build operations Thread 22"        [_thread_blocked, id=22832, stack(0x000000ee22e00000,0x000000ee22f00000) (1024K)]
  0x000002bb2f03b4f0 JavaThread "build event listener"              [_thread_blocked, id=8460, stack(0x000000ee22f00000,0x000000ee23000000) (1024K)]
  0x000002bb2f031770 JavaThread "included builds"                   [_thread_blocked, id=17724, stack(0x000000ee23000000,0x000000ee23100000) (1024K)]
  0x000002bb2f03c8a0 JavaThread "Execution worker"                  [_thread_blocked, id=15548, stack(0x000000ee23100000,0x000000ee23200000) (1024K)]
  0x000002bb2f039420 JavaThread "Execution worker Thread 2"         [_thread_blocked, id=16212, stack(0x000000ee23200000,0x000000ee23300000) (1024K)]
  0x000002bb2f03ae60 JavaThread "Execution worker Thread 3"         [_thread_blocked, id=10756, stack(0x000000ee23300000,0x000000ee23400000) (1024K)]
  0x000002bb2f03cf30 JavaThread "Execution worker Thread 4"         [_thread_blocked, id=14984, stack(0x000000ee23400000,0x000000ee23500000) (1024K)]
  0x000002bb2f039ab0 JavaThread "Execution worker Thread 5"         [_thread_blocked, id=1828, stack(0x000000ee23500000,0x000000ee23600000) (1024K)]
  0x000002bb2f03a140 JavaThread "Execution worker Thread 6"         [_thread_blocked, id=19784, stack(0x000000ee23600000,0x000000ee23700000) (1024K)]
  0x000002bb2f03dc50 JavaThread "Execution worker Thread 7"         [_thread_blocked, id=11108, stack(0x000000ee23700000,0x000000ee23800000) (1024K)]
  0x000002bb2f03a7d0 JavaThread "Execution worker Thread 8"         [_thread_blocked, id=21856, stack(0x000000ee23800000,0x000000ee23900000) (1024K)]
  0x000002bb2f03f000 JavaThread "Execution worker Thread 9"         [_thread_blocked, id=13060, stack(0x000000ee23900000,0x000000ee23a00000) (1024K)]
  0x000002bb2f03f690 JavaThread "Execution worker Thread 10"        [_thread_blocked, id=9856, stack(0x000000ee23a00000,0x000000ee23b00000) (1024K)]
  0x000002bb2f0403b0 JavaThread "Execution worker Thread 11"        [_thread_blocked, id=20104, stack(0x000000ee23b00000,0x000000ee23c00000) (1024K)]
  0x000002bb2f03fd20 JavaThread "Cache worker for execution history cache (C:\Users\Administrator\Desktop\Android Studio\Antigravity\Anikku\anikku\buildSrc\.gradle\8.14.3\executionHistory)"        [_thread_blocked, id=192, stack(0x000000ee23c00000,0x000000ee23d00000) (1024K)]
  0x000002bb2f03e2e0 JavaThread "Unconstrained build operations Thread 23"        [_thread_blocked, id=12304, stack(0x000000ee23d00000,0x000000ee23e00000) (1024K)]
  0x000002bb2f041df0 JavaThread "Unconstrained build operations Thread 24"        [_thread_blocked, id=9876, stack(0x000000ee23e00000,0x000000ee23f00000) (1024K)]
  0x000002bb2f0410d0 JavaThread "Unconstrained build operations Thread 25"        [_thread_blocked, id=8892, stack(0x000000ee23f00000,0x000000ee24000000) (1024K)]
  0x000002bb2f03e970 JavaThread "Unconstrained build operations Thread 26"        [_thread_blocked, id=8676, stack(0x000000ee24000000,0x000000ee24100000) (1024K)]
  0x000002bb2f041760 JavaThread "Unconstrained build operations Thread 27"        [_thread_blocked, id=9880, stack(0x000000ee24100000,0x000000ee24200000) (1024K)]
  0x000002bb2f040a40 JavaThread "Unconstrained build operations Thread 28"        [_thread_blocked, id=7656, stack(0x000000ee24200000,0x000000ee24300000) (1024K)]
  0x000002bb2f044be0 JavaThread "Unconstrained build operations Thread 29"        [_thread_blocked, id=8392, stack(0x000000ee24300000,0x000000ee24400000) (1024K)]
  0x000002bb2f044550 JavaThread "Unconstrained build operations Thread 30"        [_thread_blocked, id=7424, stack(0x000000ee24400000,0x000000ee24500000) (1024K)]
  0x000002bb2f042b10 JavaThread "Unconstrained build operations Thread 31"        [_thread_blocked, id=8004, stack(0x000000ee24500000,0x000000ee24600000) (1024K)]
  0x000002bb2f042480 JavaThread "Unconstrained build operations Thread 32"        [_thread_blocked, id=12464, stack(0x000000ee24600000,0x000000ee24700000) (1024K)]
  0x000002bb2f045f90 JavaThread "Unconstrained build operations Thread 33"        [_thread_blocked, id=16512, stack(0x000000ee24700000,0x000000ee24800000) (1024K)]
  0x000002bb2f043ec0 JavaThread "Unconstrained build operations Thread 34"        [_thread_blocked, id=8148, stack(0x000000ee24800000,0x000000ee24900000) (1024K)]
  0x000002bb2f045270 JavaThread "Unconstrained build operations Thread 35"        [_thread_blocked, id=5368, stack(0x000000ee24900000,0x000000ee24a00000) (1024K)]
  0x000002bb2f0431a0 JavaThread "Unconstrained build operations Thread 36"        [_thread_blocked, id=15320, stack(0x000000ee24a00000,0x000000ee24b00000) (1024K)]
  0x000002bb2f046620 JavaThread "Unconstrained build operations Thread 37"        [_thread_blocked, id=9340, stack(0x000000ee24b00000,0x000000ee24c00000) (1024K)]
  0x000002bb2f045900 JavaThread "Unconstrained build operations Thread 38"        [_thread_blocked, id=22012, stack(0x000000ee24c00000,0x000000ee24d00000) (1024K)]
  0x000002bb2f046cb0 JavaThread "Unconstrained build operations Thread 39"        [_thread_blocked, id=10144, stack(0x000000ee24d00000,0x000000ee24e00000) (1024K)]
  0x000002bb2f043830 JavaThread "Unconstrained build operations Thread 40"        [_thread_blocked, id=21136, stack(0x000000ee24e00000,0x000000ee24f00000) (1024K)]
  0x000002bb2f047340 JavaThread "Unconstrained build operations Thread 41"        [_thread_blocked, id=1948, stack(0x000000ee24f00000,0x000000ee25000000) (1024K)]
  0x000002bb2e82cb30 JavaThread "Unconstrained build operations Thread 42"        [_thread_blocked, id=9828, stack(0x000000ee25000000,0x000000ee25100000) (1024K)]
  0x000002bb2e82aa60 JavaThread "Unconstrained build operations Thread 43"        [_thread_blocked, id=2520, stack(0x000000ee25100000,0x000000ee25200000) (1024K)]
  0x000002bb2e82d850 JavaThread "Unconstrained build operations Thread 44"        [_thread_blocked, id=11400, stack(0x000000ee25200000,0x000000ee25300000) (1024K)]
  0x000002bb2e80ffd0 JavaThread "Unconstrained build operations Thread 45"        [_thread_blocked, id=12124, stack(0x000000ee25300000,0x000000ee25400000) (1024K)]
  0x000002bb2e80f940 JavaThread "Unconstrained build operations Thread 46"        [_thread_blocked, id=1876, stack(0x000000ee25400000,0x000000ee25500000) (1024K)]
  0x000002bb2e810cf0 JavaThread "Unconstrained build operations Thread 47"        [_thread_blocked, id=19788, stack(0x000000ee25500000,0x000000ee25600000) (1024K)]
  0x000002bb2e80f2b0 JavaThread "Unconstrained build operations Thread 48"        [_thread_blocked, id=21148, stack(0x000000ee25600000,0x000000ee25700000) (1024K)]
  0x000002bb2e811380 JavaThread "Unconstrained build operations Thread 49"        [_thread_blocked, id=6752, stack(0x000000ee25700000,0x000000ee25800000) (1024K)]
  0x000002bb2e811a10 JavaThread "Unconstrained build operations Thread 50"        [_thread_blocked, id=23060, stack(0x000000ee25800000,0x000000ee25900000) (1024K)]
  0x000002bb2e8120a0 JavaThread "Unconstrained build operations Thread 51"        [_thread_blocked, id=23220, stack(0x000000ee25900000,0x000000ee25a00000) (1024K)]
  0x000002bb2e810660 JavaThread "Unconstrained build operations Thread 52"        [_thread_blocked, id=9028, stack(0x000000ee25a00000,0x000000ee25b00000) (1024K)]
  0x000002bb2e80ec20 JavaThread "Unconstrained build operations Thread 53"        [_thread_blocked, id=23384, stack(0x000000ee25b00000,0x000000ee25c00000) (1024K)]
  0x000002bb2e812730 JavaThread "Unconstrained build operations Thread 54"        [_thread_blocked, id=6944, stack(0x000000ee25c00000,0x000000ee25d00000) (1024K)]
  0x000002bb2e813ae0 JavaThread "Unconstrained build operations Thread 55"        [_thread_blocked, id=17588, stack(0x000000ee25d00000,0x000000ee25e00000) (1024K)]
  0x000002bb2e813450 JavaThread "Unconstrained build operations Thread 56"        [_thread_blocked, id=12176, stack(0x000000ee25e00000,0x000000ee25f00000) (1024K)]
  0x000002bb2e814170 JavaThread "Unconstrained build operations Thread 57"        [_thread_blocked, id=17072, stack(0x000000ee25f00000,0x000000ee26000000) (1024K)]
  0x000002bb2e814800 JavaThread "Unconstrained build operations Thread 58"        [_thread_blocked, id=6440, stack(0x000000ee26000000,0x000000ee26100000) (1024K)]
  0x000002bb2e815520 JavaThread "Unconstrained build operations Thread 59"        [_thread_blocked, id=14120, stack(0x000000ee26100000,0x000000ee26200000) (1024K)]
  0x000002bb2e815bb0 JavaThread "Unconstrained build operations Thread 60"        [_thread_blocked, id=6648, stack(0x000000ee26200000,0x000000ee26300000) (1024K)]
  0x000002bb2e816240 JavaThread "Unconstrained build operations Thread 61"        [_thread_blocked, id=23188, stack(0x000000ee26300000,0x000000ee26400000) (1024K)]
  0x000002bb2e812dc0 JavaThread "Unconstrained build operations Thread 62"        [_thread_blocked, id=3584, stack(0x000000ee26400000,0x000000ee26500000) (1024K)]
  0x000002bb2e819030 JavaThread "Unconstrained build operations Thread 63"        [_thread_blocked, id=15400, stack(0x000000ee26500000,0x000000ee26600000) (1024K)]
  0x000002bb2e819d50 JavaThread "Unconstrained build operations Thread 64"        [_thread_blocked, id=11560, stack(0x000000ee26600000,0x000000ee26700000) (1024K)]
  0x000002bb2e8168d0 JavaThread "Unconstrained build operations Thread 65"        [_thread_blocked, id=20368, stack(0x000000ee26700000,0x000000ee26800000) (1024K)]
  0x000002bb2e8196c0 JavaThread "Unconstrained build operations Thread 66"        [_thread_blocked, id=13904, stack(0x000000ee26800000,0x000000ee26900000) (1024K)]
  0x000002bb2e81a3e0 JavaThread "Unconstrained build operations Thread 67"        [_thread_blocked, id=11192, stack(0x000000ee26900000,0x000000ee26a00000) (1024K)]
  0x000002bb2e8175f0 JavaThread "Unconstrained build operations Thread 68"        [_thread_blocked, id=15512, stack(0x000000ee26a00000,0x000000ee26b00000) (1024K)]
  0x000002bb2e816f60 JavaThread "Unconstrained build operations Thread 69"        [_thread_blocked, id=20812, stack(0x000000ee26b00000,0x000000ee26c00000) (1024K)]
  0x000002bb2e818310 JavaThread "Unconstrained build operations Thread 70"        [_thread_blocked, id=19040, stack(0x000000ee26c00000,0x000000ee26d00000) (1024K)]
  0x000002bb2e81aa70 JavaThread "Unconstrained build operations Thread 71"        [_thread_blocked, id=8864, stack(0x000000ee26d00000,0x000000ee26e00000) (1024K)]
  0x000002bb2e81b100 JavaThread "Unconstrained build operations Thread 72"        [_thread_blocked, id=14516, stack(0x000000ee26e00000,0x000000ee26f00000) (1024K)]
  0x000002bb2e817c80 JavaThread "Unconstrained build operations Thread 73"        [_thread_blocked, id=4224, stack(0x000000ee26f00000,0x000000ee27000000) (1024K)]
  0x000002bb2e81be20 JavaThread "Unconstrained build operations Thread 74"        [_thread_blocked, id=8916, stack(0x000000ee27000000,0x000000ee27100000) (1024K)]
  0x000002bb2e81b790 JavaThread "Unconstrained build operations Thread 75"        [_thread_blocked, id=22632, stack(0x000000ee27100000,0x000000ee27200000) (1024K)]
  0x000002bb2e81d1d0 JavaThread "Unconstrained build operations Thread 76"        [_thread_blocked, id=4888, stack(0x000000ee27200000,0x000000ee27300000) (1024K)]
  0x000002bb2e81d860 JavaThread "Unconstrained build operations Thread 77"        [_thread_blocked, id=9708, stack(0x000000ee27300000,0x000000ee27400000) (1024K)]
  0x000002bb2e81e580 JavaThread "Unconstrained build operations Thread 78"        [_thread_blocked, id=7712, stack(0x000000ee27400000,0x000000ee27500000) (1024K)]
  0x000002bb2e81ec10 JavaThread "Unconstrained build operations Thread 79"        [_thread_blocked, id=14844, stack(0x000000ee27500000,0x000000ee27600000) (1024K)]
  0x000002bb2e81cb40 JavaThread "Unconstrained build operations Thread 80"        [_thread_blocked, id=13944, stack(0x000000ee27600000,0x000000ee27700000) (1024K)]
  0x000002bb2e81f930 JavaThread "Unconstrained build operations Thread 81"        [_thread_blocked, id=5924, stack(0x000000ee27700000,0x000000ee27800000) (1024K)]
  0x000002bb2e81c4b0 JavaThread "Unconstrained build operations Thread 82"        [_thread_blocked, id=21772, stack(0x000000ee27800000,0x000000ee27900000) (1024K)]
  0x000002bb2e820650 JavaThread "Unconstrained build operations Thread 83"        [_thread_blocked, id=7448, stack(0x000000ee27900000,0x000000ee27a00000) (1024K)]
  0x000002bb2e820ce0 JavaThread "Unconstrained build operations Thread 84"        [_thread_blocked, id=23028, stack(0x000000ee27a00000,0x000000ee27b00000) (1024K)]
  0x000002bb2e822720 JavaThread "Unconstrained build operations Thread 85"        [_thread_blocked, id=1064, stack(0x000000ee27b00000,0x000000ee27c00000) (1024K)]
  0x000002bb2e821a00 JavaThread "Unconstrained build operations Thread 86"        [_thread_blocked, id=2164, stack(0x000000ee27c00000,0x000000ee27d00000) (1024K)]
  0x000002bb2e823440 JavaThread "Unconstrained build operations Thread 87"        [_thread_blocked, id=23516, stack(0x000000ee27d00000,0x000000ee27e00000) (1024K)]
  0x000002bb2e81ffc0 JavaThread "Unconstrained build operations Thread 88"        [_thread_blocked, id=12160, stack(0x000000ee27e00000,0x000000ee27f00000) (1024K)]
  0x000002bb2e823ad0 JavaThread "Unconstrained build operations Thread 89"        [_thread_blocked, id=7480, stack(0x000000ee27f00000,0x000000ee28000000) (1024K)]
  0x000002bb2e822090 JavaThread "Unconstrained build operations Thread 90"        [_thread_blocked, id=10668, stack(0x000000ee28000000,0x000000ee28100000) (1024K)]
  0x000002bb2e826230 JavaThread "Unconstrained build operations Thread 91"        [_thread_blocked, id=16252, stack(0x000000ee28100000,0x000000ee28200000) (1024K)]
  0x000002bb2e8247f0 JavaThread "Unconstrained build operations Thread 92"        [_thread_blocked, id=5828, stack(0x000000ee28200000,0x000000ee28300000) (1024K)]
  0x000002bb2e826f50 JavaThread "Unconstrained build operations Thread 93"        [_thread_blocked, id=21324, stack(0x000000ee28300000,0x000000ee28400000) (1024K)]
  0x000002bb2e824160 JavaThread "Unconstrained build operations Thread 94"        [_thread_blocked, id=7192, stack(0x000000ee28400000,0x000000ee28500000) (1024K)]
  0x000002bb2e825ba0 JavaThread "Unconstrained build operations Thread 95"        [_thread_blocked, id=17608, stack(0x000000ee28500000,0x000000ee28600000) (1024K)]
  0x000002bb2e824e80 JavaThread "Unconstrained build operations Thread 96"        [_thread_blocked, id=8540, stack(0x000000ee28600000,0x000000ee28700000) (1024K)]
  0x000002bb2e8268c0 JavaThread "Unconstrained build operations Thread 97"        [_thread_blocked, id=1968, stack(0x000000ee28700000,0x000000ee28800000) (1024K)]
  0x000002bb2e825510 JavaThread "Unconstrained build operations Thread 98"        [_thread_blocked, id=8372, stack(0x000000ee28800000,0x000000ee28900000) (1024K)]
  0x000002bb2e8275e0 JavaThread "build event listener"              [_thread_blocked, id=18880, stack(0x000000ee28900000,0x000000ee28a00000) (1024K)]
  0x000002bb2e827c70 JavaThread "build event listener"              [_thread_blocked, id=8048, stack(0x000000ee28a00000,0x000000ee28b00000) (1024K)]
  0x000002bb26c76a60 JavaThread "Exec process Thread 7"             [_thread_blocked, id=15580, stack(0x000000ee28b00000,0x000000ee28c00000) (1024K)]
  0x000002bb26c791c0 JavaThread "Exec process Thread 8"             [_thread_blocked, id=23292, stack(0x000000ee28c00000,0x000000ee28d00000) (1024K)]
  0x000002bb26c78b30 JavaThread "Exec process Thread 9"             [_thread_blocked, id=8760, stack(0x000000ee28d00000,0x000000ee28e00000) (1024K)]
  0x000002bb26c79ee0 JavaThread "Cache worker for execution history cache (C:\Users\Administrator\Desktop\Android Studio\Antigravity\Anikku\anikku\.gradle\8.14.3\executionHistory)"        [_thread_blocked, id=10352, stack(0x000000ee28e00000,0x000000ee28f00000) (1024K)]
  0x000002bb26c77780 JavaThread "Unconstrained build operations Thread 99"        [_thread_blocked, id=3608, stack(0x000000ee28f00000,0x000000ee29000000) (1024K)]
  0x000002bb26c7b290 JavaThread "Unconstrained build operations Thread 100"        [_thread_blocked, id=13296, stack(0x000000ee29000000,0x000000ee29100000) (1024K)]
  0x000002bb26c77e10 JavaThread "Unconstrained build operations Thread 101"        [_thread_blocked, id=8920, stack(0x000000ee29100000,0x000000ee29200000) (1024K)]
  0x000002bb26c7eda0 JavaThread "Unconstrained build operations Thread 102"        [_thread_blocked, id=19780, stack(0x000000ee29200000,0x000000ee29300000) (1024K)]
  0x000002bb26c7b920 JavaThread "Unconstrained build operations Thread 103"        [_thread_blocked, id=11344, stack(0x000000ee29300000,0x000000ee29400000) (1024K)]
  0x000002bb26c7d360 JavaThread "Unconstrained build operations Thread 104"        [_thread_blocked, id=6068, stack(0x000000ee29400000,0x000000ee29500000) (1024K)]
  0x000002bb26c7e710 JavaThread "Unconstrained build operations Thread 105"        [_thread_blocked, id=8112, stack(0x000000ee29500000,0x000000ee29600000) (1024K)]
  0x000002bb26c7bfb0 JavaThread "Unconstrained build operations Thread 106"        [_thread_blocked, id=12680, stack(0x000000ee29600000,0x000000ee29700000) (1024K)]
  0x000002bb26c7f430 JavaThread "Unconstrained build operations Thread 107"        [_thread_blocked, id=9344, stack(0x000000ee29700000,0x000000ee29800000) (1024K)]
  0x000002bb26c7fac0 JavaThread "Unconstrained build operations Thread 108"        [_thread_blocked, id=15748, stack(0x000000ee29800000,0x000000ee29900000) (1024K)]
  0x000002bb26c7c640 JavaThread "Unconstrained build operations Thread 109"        [_thread_blocked, id=8388, stack(0x000000ee29900000,0x000000ee29a00000) (1024K)]
  0x000002bb26c807e0 JavaThread "Unconstrained build operations Thread 110"        [_thread_blocked, id=21288, stack(0x000000ee29a00000,0x000000ee29b00000) (1024K)]
  0x000002bb26c80150 JavaThread "Unconstrained build operations Thread 112"        [_thread_blocked, id=19672, stack(0x000000ee29b00000,0x000000ee29c00000) (1024K)]
  0x000002bb26c7e080 JavaThread "Unconstrained build operations Thread 111"        [_thread_blocked, id=19884, stack(0x000000ee29c00000,0x000000ee29d00000) (1024K)]
  0x000002bb26c7d9f0 JavaThread "Unconstrained build operations Thread 113"        [_thread_blocked, id=9672, stack(0x000000ee29d00000,0x000000ee29e00000) (1024K)]
  0x000002bb26c85010 JavaThread "Unconstrained build operations Thread 114"        [_thread_blocked, id=2976, stack(0x000000ee29e00000,0x000000ee29f00000) (1024K)]
  0x000002bb26c81b90 JavaThread "Unconstrained build operations Thread 115"        [_thread_blocked, id=14416, stack(0x000000ee29f00000,0x000000ee2a000000) (1024K)]
  0x000002bb26c856a0 JavaThread "Unconstrained build operations Thread 116"        [_thread_blocked, id=14856, stack(0x000000ee2a000000,0x000000ee2a100000) (1024K)]
  0x000002bb26c82220 JavaThread "Unconstrained build operations Thread 117"        [_thread_blocked, id=15500, stack(0x000000ee2a100000,0x000000ee2a200000) (1024K)]
  0x000002bb26c828b0 JavaThread "Unconstrained build operations Thread 118"        [_thread_blocked, id=10068, stack(0x000000ee2a200000,0x000000ee2a300000) (1024K)]
  0x000002bb26c842f0 JavaThread "Unconstrained build operations Thread 119"        [_thread_blocked, id=23236, stack(0x000000ee2a300000,0x000000ee2a400000) (1024K)]
  0x000002bb26c82f40 JavaThread "Unconstrained build operations Thread 120"        [_thread_blocked, id=9368, stack(0x000000ee2a400000,0x000000ee2a500000) (1024K)]
  0x000002bb241dcdf0 JavaThread "WorkerExecutor Queue"              [_thread_blocked, id=19748, stack(0x000000ee20800000,0x000000ee20900000) (1024K)]
  0x000002bb241e0270 JavaThread "RMI TCP Connection(idle)"   daemon [_thread_blocked, id=15068, stack(0x000000ee2a600000,0x000000ee2a700000) (1024K)]
  0x000002bb241e0900 JavaThread "RMI TCP Connection(29)-127.0.0.1" daemon [_thread_blocked, id=13588, stack(0x000000ee2a700000,0x000000ee2a800000) (1024K)]
  0x000002bb241d85c0 JavaThread "Cache worker for Java compile cache (C:\Users\Administrator\.gradle\caches\8.14.3\javaCompile)"        [_thread_blocked, id=15592, stack(0x000000ee2a500000,0x000000ee2a600000) (1024K)]
  0x000002bb241d78a0 JavaThread "Build operations"                  [_thread_blocked, id=5844, stack(0x000000ee2a900000,0x000000ee2aa00000) (1024K)]
  0x000002bb241d8c50 JavaThread "Build operations Thread 2"         [_thread_blocked, id=17660, stack(0x000000ee2aa00000,0x000000ee2ab00000) (1024K)]
  0x000002bb241d9970 JavaThread "Build operations Thread 3"         [_thread_blocked, id=3532, stack(0x000000ee2ab00000,0x000000ee2ac00000) (1024K)]
  0x000002bb241deec0 JavaThread "Build operations Thread 4"         [_thread_blocked, id=15728, stack(0x000000ee2ac00000,0x000000ee2ad00000) (1024K)]
  0x000002bb241dd480 JavaThread "Build operations Thread 5"         [_thread_blocked, id=20616, stack(0x000000ee2ad00000,0x000000ee2ae00000) (1024K)]
  0x000002bb241dfbe0 JavaThread "Build operations Thread 6"         [_thread_blocked, id=5276, stack(0x000000ee2ae00000,0x000000ee2af00000) (1024K)]
  0x000002bb241de830 JavaThread "Build operations Thread 7"         [_thread_blocked, id=7924, stack(0x000000ee2af00000,0x000000ee2b000000) (1024K)]
  0x000002bb241e4410 JavaThread "Build operations Thread 8"         [_thread_blocked, id=11432, stack(0x000000ee2b000000,0x000000ee2b100000) (1024K)]
  0x000002bb241e0f90 JavaThread "Build operations Thread 9"         [_thread_blocked, id=16936, stack(0x000000ee2b100000,0x000000ee2b200000) (1024K)]
  0x000002bb241e2340 JavaThread "Build operations Thread 10"        [_thread_blocked, id=8464, stack(0x000000ee2b200000,0x000000ee2b300000) (1024K)]
  0x000002bb241e3060 JavaThread "Build operations Thread 11"        [_thread_blocked, id=12824, stack(0x000000ee2b300000,0x000000ee2b400000) (1024K)]
  0x000002bb2510e190 JavaThread "C2 CompilerThread1"         daemon [_thread_blocked, id=23052, stack(0x000000ee21600000,0x000000ee21700000) (1024K)]
  0x000002bb3033d5f0 JavaThread "WorkerExecutor Queue Thread 2"        [_thread_blocked, id=16192, stack(0x000000ee2b500000,0x000000ee2b600000) (1024K)]
  0x000002bb3033dc80 JavaThread "WorkerExecutor Queue Thread 3"        [_thread_blocked, id=7064, stack(0x000000ee2b900000,0x000000ee2ba00000) (1024K)]
  0x000002bb3033cf60 JavaThread "WorkerExecutor Queue Thread 4"        [_thread_blocked, id=14272, stack(0x000000ee2ba00000,0x000000ee2bb00000) (1024K)]
  0x000002bb3033e310 JavaThread "WorkerExecutor Queue Thread 5"        [_thread_blocked, id=19692, stack(0x000000ee2bb00000,0x000000ee2bc00000) (1024K)]
  0x000002bb2f2404c0 JavaThread "WorkerExecutor Queue Thread 6"        [_thread_blocked, id=21152, stack(0x000000ee2bc00000,0x000000ee2bd00000) (1024K)]
  0x000002bb2f23f110 JavaThread "WorkerExecutor Queue Thread 7"        [_thread_blocked, id=23412, stack(0x000000ee2bd00000,0x000000ee2be00000) (1024K)]
  0x000002bb2f2411e0 JavaThread "WorkerExecutor Queue Thread 8"        [_thread_blocked, id=14988, stack(0x000000ee2be00000,0x000000ee2bf00000) (1024K)]
  0x000002bb2f985cc0 JavaThread "WorkerExecutor Queue Thread 9"        [_thread_blocked, id=15864, stack(0x000000ee2bf00000,0x000000ee2c000000) (1024K)]
  0x000002bb2f984fa0 JavaThread "WorkerExecutor Queue Thread 10"        [_thread_blocked, id=22940, stack(0x000000ee2c000000,0x000000ee2c100000) (1024K)]
  0x000002bb21cf22c0 JavaThread "WorkerExecutor Queue Thread 11"        [_thread_blocked, id=10740, stack(0x000000ee2c100000,0x000000ee2c200000) (1024K)]
  0x000002bb21cf2950 JavaThread "WorkerExecutor Queue Thread 12"        [_thread_blocked, id=7172, stack(0x000000ee2c200000,0x000000ee2c300000) (1024K)]
  0x000002bb2f9ff770 JavaThread "C2 CompilerThread2"         daemon [_thread_blocked, id=16016, stack(0x000000ee2a800000,0x000000ee2a900000) (1024K)]
  0x000002bb241da000 JavaThread "ForkJoinPool.commonPool-worker-1" daemon [_thread_blocked, id=5836, stack(0x000000ee2c400000,0x000000ee2c500000) (1024K)]
  0x000002bb2f985630 JavaThread "ForkJoinPool.commonPool-worker-2" daemon [_thread_blocked, id=6420, stack(0x000000ee2c500000,0x000000ee2c600000) (1024K)]
  0x000002bb3054baf0 JavaThread "ForkJoinPool.commonPool-worker-5" daemon [_thread_blocked, id=5236, stack(0x000000ee2c600000,0x000000ee2c700000) (1024K)]
  0x000002bb36819050 JavaThread "ForkJoinPool.commonPool-worker-4" daemon [_thread_blocked, id=12308, stack(0x000000ee2c700000,0x000000ee2c800000) (1024K)]
  0x000002bb35a5fb10 JavaThread "ForkJoinPool.commonPool-worker-3" daemon [_thread_blocked, id=6792, stack(0x000000ee2c800000,0x000000ee2c900000) (1024K)]
  0x000002bb37f36d80 JavaThread "ForkJoinPool.commonPool-worker-6" daemon [_thread_blocked, id=23424, stack(0x000000ee2c900000,0x000000ee2ca00000) (1024K)]
  0x000002bb2e36d040 JavaThread "ForkJoinPool.commonPool-worker-7" daemon [_thread_blocked, id=2276, stack(0x000000ee2ca00000,0x000000ee2cb00000) (1024K)]
  0x000002bb3054c180 JavaThread "ForkJoinPool.commonPool-worker-8" daemon [_thread_blocked, id=7828, stack(0x000000ee2cb00000,0x000000ee2cc00000) (1024K)]
  0x000002bb3510ba80 JavaThread "ForkJoinPool.commonPool-worker-9" daemon [_thread_blocked, id=8568, stack(0x000000ee2cc00000,0x000000ee2cd00000) (1024K)]
  0x000002bb372cd120 JavaThread "ForkJoinPool.commonPool-worker-10" daemon [_thread_blocked, id=5536, stack(0x000000ee2cd00000,0x000000ee2ce00000) (1024K)]
  0x000002bb352522d0 JavaThread "ForkJoinPool.commonPool-worker-11" daemon [_thread_blocked, id=9288, stack(0x000000ee2ce00000,0x000000ee2cf00000) (1024K)]
Total: 218

Other Threads:
  0x000002bad8440de0 VMThread "VM Thread"                           [id=21452, stack(0x000000ee1ec00000,0x000000ee1ed00000) (1024K)]
  0x000002bb1c080090 WatcherThread "VM Periodic Task Thread"        [id=13308, stack(0x000000ee1eb00000,0x000000ee1ec00000) (1024K)]
  0x000002babb5898a0 WorkerThread "GC Thread#0"                     [id=8120, stack(0x000000ee1e600000,0x000000ee1e700000) (1024K)]
  0x000002bb1c4b8870 WorkerThread "GC Thread#1"                     [id=23272, stack(0x000000ee1f900000,0x000000ee1fa00000) (1024K)]
  0x000002bb1c47f0a0 WorkerThread "GC Thread#2"                     [id=19908, stack(0x000000ee1fa00000,0x000000ee1fb00000) (1024K)]
=>0x000002bb1c47f450 WorkerThread "GC Thread#3"                     [id=22604, stack(0x000000ee1fb00000,0x000000ee1fc00000) (1024K)]
  0x000002bb1c4046a0 WorkerThread "GC Thread#4"                     [id=18216, stack(0x000000ee1fc00000,0x000000ee1fd00000) (1024K)]
  0x000002bb1c4a39a0 WorkerThread "GC Thread#5"                     [id=15180, stack(0x000000ee1fd00000,0x000000ee1fe00000) (1024K)]
  0x000002bb1c4a4c10 WorkerThread "GC Thread#6"                     [id=5268, stack(0x000000ee1fe00000,0x000000ee1ff00000) (1024K)]
  0x000002bb1c4a4100 WorkerThread "GC Thread#7"                     [id=12068, stack(0x000000ee1ff00000,0x000000ee20000000) (1024K)]
  0x000002bb1c4a4fc0 WorkerThread "GC Thread#8"                     [id=8448, stack(0x000000ee20000000,0x000000ee20100000) (1024K)]
  0x000002bb1c4a44b0 WorkerThread "GC Thread#9"                     [id=1328, stack(0x000000ee20100000,0x000000ee20200000) (1024K)]
  0x000002babb5da010 ConcurrentGCThread "G1 Main Marker"            [id=16752, stack(0x000000ee1e700000,0x000000ee1e800000) (1024K)]
  0x000002babb5dc080 WorkerThread "G1 Conc#0"                       [id=9256, stack(0x000000ee1e800000,0x000000ee1e900000) (1024K)]
  0x000002bb22362e60 WorkerThread "G1 Conc#1"                       [id=4212, stack(0x000000ee20f00000,0x000000ee21000000) (1024K)]
  0x000002bb22361840 WorkerThread "G1 Conc#2"                       [id=13576, stack(0x000000ee21000000,0x000000ee21100000) (1024K)]
  0x000002bad83863e0 ConcurrentGCThread "G1 Refine#0"               [id=21464, stack(0x000000ee1e900000,0x000000ee1ea00000) (1024K)]
  0x000002bad8386d10 ConcurrentGCThread "G1 Service"                [id=9112, stack(0x000000ee1ea00000,0x000000ee1eb00000) (1024K)]
Total: 18

Threads with active compile tasks:
Total: 0

VM state: at safepoint (normal execution)

VM Mutex/Monitor currently owned by a thread:  ([mutex/lock_event])
[0x00007ff8edc97628] FreeList_lock - owner thread: 0x000002bb1c47f450
[0x00007ff8edc99b28] Threads_lock - owner thread: 0x000002bad8440de0
[0x00007ff8edc99c28] Heap_lock - owner thread: 0x000002bb226ac2a0

Heap address: 0x0000000700000000, size: 4096 MB, Compressed Oops mode: Zero based, Oop shift amount: 3

CDS archive(s) mapped at: [0x000002badb000000-0x000002badbcd0000-0x000002badbcd0000), size 13434880, SharedBaseAddress: 0x000002badb000000, ArchiveRelocationMode: 1.
Compressed class space mapped at: 0x000002badc000000-0x000002bb1c000000, reserved size: 1073741824
Narrow klass base: 0x000002badb000000, Narrow klass shift: 0, Narrow klass range: 0x100000000

GC Precious Log:
 CardTable entry size: 512
 Card Set container configuration: InlinePtr #cards 4 size 8 Array Of Cards #cards 16 size 48 Howl #buckets 8 coarsen threshold 3686 Howl Bitmap #cards 512 size 80 coarsen threshold 460 Card regions per heap region 1 cards per card region 4096
 CPUs: 12 total, 12 available
 Memory: 31913M
 Large Page Support: Disabled
 NUMA Support: Disabled
 Compressed Oops: Enabled (Zero based)
 Heap Region Size: 2M
 Heap Min Capacity: 8M
 Heap Initial Capacity: 500M
 Heap Max Capacity: 4G
 Pre-touch: Disabled
 Parallel Workers: 10
 Concurrent Workers: 3
 Concurrent Refinement Workers: 10
 Periodic GC: Disabled

Heap:
 garbage-first heap   total 2297856K, used 2253433K [0x0000000700000000, 0x0000000800000000)
  region size 2048K, 335 young (686080K), 21 survivors (43008K)
 Metaspace       used 199630K, committed 202944K, reserved 1245184K
  class space    used 25737K, committed 27392K, reserved 1048576K

Heap Regions: E=young(eden), S=young(survivor), O=old, HS=humongous(starts), HC=humongous(continues), CS=collection set, F=free, TAMS=top-at-mark-start, PB=parsable bottom
|   0|0x0000000700000000, 0x0000000700200000, 0x0000000700200000|100%|HS|  |TAMS 0x0000000700000000| PB 0x0000000700000000| Complete 
|   1|0x0000000700200000, 0x0000000700400000, 0x0000000700400000|100%|HC|  |TAMS 0x0000000700200000| PB 0x0000000700200000| Complete 
|   2|0x0000000700400000, 0x0000000700600000, 0x0000000700600000|100%| O|  |TAMS 0x0000000700400000| PB 0x0000000700400000| Untracked 
|   3|0x0000000700600000, 0x0000000700800000, 0x0000000700800000|100%| O|  |TAMS 0x0000000700600000| PB 0x0000000700600000| Untracked 
|   4|0x0000000700800000, 0x0000000700a00000, 0x0000000700a00000|100%| O|  |TAMS 0x0000000700800000| PB 0x0000000700800000| Untracked 
|   5|0x0000000700a00000, 0x0000000700c00000, 0x0000000700c00000|100%| O|  |TAMS 0x0000000700a00000| PB 0x0000000700a00000| Untracked 
|   6|0x0000000700c00000, 0x0000000700e00000, 0x0000000700e00000|100%| O|  |TAMS 0x0000000700c00000| PB 0x0000000700c00000| Untracked 
|   7|0x0000000700e00000, 0x0000000701000000, 0x0000000701000000|100%| O|  |TAMS 0x0000000700e00000| PB 0x0000000700e00000| Untracked 
|   8|0x0000000701000000, 0x0000000701200000, 0x0000000701200000|100%| O|  |TAMS 0x0000000701000000| PB 0x0000000701000000| Untracked 
|   9|0x0000000701200000, 0x0000000701400000, 0x0000000701400000|100%| O|  |TAMS 0x0000000701200000| PB 0x0000000701200000| Untracked 
|  10|0x0000000701400000, 0x0000000701600000, 0x0000000701600000|100%| O|  |TAMS 0x0000000701400000| PB 0x0000000701400000| Untracked 
|  11|0x0000000701600000, 0x0000000701800000, 0x0000000701800000|100%| O|  |TAMS 0x0000000701600000| PB 0x0000000701600000| Untracked 
|  12|0x0000000701800000, 0x0000000701a00000, 0x0000000701a00000|100%| O|  |TAMS 0x0000000701800000| PB 0x0000000701800000| Untracked 
|  13|0x0000000701a00000, 0x0000000701c00000, 0x0000000701c00000|100%| O|  |TAMS 0x0000000701a00000| PB 0x0000000701a00000| Untracked 
|  14|0x0000000701c00000, 0x0000000701e00000, 0x0000000701e00000|100%| O|  |TAMS 0x0000000701c00000| PB 0x0000000701c00000| Untracked 
|  15|0x0000000701e00000, 0x0000000702000000, 0x0000000702000000|100%| O|  |TAMS 0x0000000701e00000| PB 0x0000000701e00000| Untracked 
|  16|0x0000000702000000, 0x0000000702200000, 0x0000000702200000|100%| O|  |TAMS 0x0000000702000000| PB 0x0000000702000000| Untracked 
|  17|0x0000000702200000, 0x0000000702400000, 0x0000000702400000|100%| O|  |TAMS 0x0000000702200000| PB 0x0000000702200000| Untracked 
|  18|0x0000000702400000, 0x0000000702600000, 0x0000000702600000|100%| O|  |TAMS 0x0000000702400000| PB 0x0000000702400000| Untracked 
|  19|0x0000000702600000, 0x0000000702800000, 0x0000000702800000|100%| O|  |TAMS 0x0000000702600000| PB 0x0000000702600000| Untracked 
|  20|0x0000000702800000, 0x0000000702a00000, 0x0000000702a00000|100%|HS|  |TAMS 0x0000000702800000| PB 0x0000000702800000| Complete 
|  21|0x0000000702a00000, 0x0000000702c00000, 0x0000000702c00000|100%| O|  |TAMS 0x0000000702a00000| PB 0x0000000702a00000| Untracked 
|  22|0x0000000702c00000, 0x0000000702e00000, 0x0000000702e00000|100%|HS|  |TAMS 0x0000000702c00000| PB 0x0000000702c00000| Complete 
|  23|0x0000000702e00000, 0x0000000703000000, 0x0000000703000000|100%|HS|  |TAMS 0x0000000702e00000| PB 0x0000000702e00000| Complete 
|  24|0x0000000703000000, 0x0000000703200000, 0x0000000703200000|100%|HS|  |TAMS 0x0000000703000000| PB 0x0000000703000000| Complete 
|  25|0x0000000703200000, 0x0000000703400000, 0x0000000703400000|100%|HC|  |TAMS 0x0000000703200000| PB 0x0000000703200000| Complete 
|  26|0x0000000703400000, 0x0000000703600000, 0x0000000703600000|100%| O|  |TAMS 0x0000000703400000| PB 0x0000000703400000| Untracked 
|  27|0x0000000703600000, 0x0000000703800000, 0x0000000703800000|100%| O|  |TAMS 0x0000000703600000| PB 0x0000000703600000| Untracked 
|  28|0x0000000703800000, 0x0000000703a00000, 0x0000000703a00000|100%| O|  |TAMS 0x0000000703800000| PB 0x0000000703800000| Untracked 
|  29|0x0000000703a00000, 0x0000000703c00000, 0x0000000703c00000|100%|HS|  |TAMS 0x0000000703a00000| PB 0x0000000703a00000| Complete 
|  30|0x0000000703c00000, 0x0000000703e00000, 0x0000000703e00000|100%|HC|  |TAMS 0x0000000703c00000| PB 0x0000000703c00000| Complete 
|  31|0x0000000703e00000, 0x0000000704000000, 0x0000000704000000|100%| O|  |TAMS 0x0000000703e00000| PB 0x0000000703e00000| Untracked 
|  32|0x0000000704000000, 0x0000000704200000, 0x0000000704200000|100%| O|  |TAMS 0x0000000704000000| PB 0x0000000704000000| Untracked 
|  33|0x0000000704200000, 0x0000000704400000, 0x0000000704400000|100%|HS|  |TAMS 0x0000000704200000| PB 0x0000000704200000| Complete 
|  34|0x0000000704400000, 0x0000000704600000, 0x0000000704600000|100%| O|  |TAMS 0x0000000704400000| PB 0x0000000704400000| Untracked 
|  35|0x0000000704600000, 0x0000000704800000, 0x0000000704800000|100%| O|  |TAMS 0x0000000704600000| PB 0x0000000704600000| Untracked 
|  36|0x0000000704800000, 0x0000000704a00000, 0x0000000704a00000|100%| O|  |TAMS 0x0000000704800000| PB 0x0000000704800000| Untracked 
|  37|0x0000000704a00000, 0x0000000704c00000, 0x0000000704c00000|100%| O|  |TAMS 0x0000000704a00000| PB 0x0000000704a00000| Untracked 
|  38|0x0000000704c00000, 0x0000000704e00000, 0x0000000704e00000|100%| O|Cm|TAMS 0x0000000704c00000| PB 0x0000000704c00000| Complete 
|  39|0x0000000704e00000, 0x0000000705000000, 0x0000000705000000|100%| O|  |TAMS 0x0000000704e00000| PB 0x0000000704e00000| Untracked 
|  40|0x0000000705000000, 0x0000000705200000, 0x0000000705200000|100%| O|  |TAMS 0x0000000705000000| PB 0x0000000705000000| Untracked 
|  41|0x0000000705200000, 0x0000000705400000, 0x0000000705400000|100%| O|  |TAMS 0x0000000705200000| PB 0x0000000705200000| Untracked 
|  42|0x0000000705400000, 0x0000000705600000, 0x0000000705600000|100%| O|Cm|TAMS 0x0000000705400000| PB 0x0000000705400000| Complete 
|  43|0x0000000705600000, 0x0000000705800000, 0x0000000705800000|100%| O|  |TAMS 0x0000000705600000| PB 0x0000000705600000| Untracked 
|  44|0x0000000705800000, 0x0000000705a00000, 0x0000000705a00000|100%| O|Cm|TAMS 0x0000000705800000| PB 0x0000000705800000| Complete 
|  45|0x0000000705a00000, 0x0000000705c00000, 0x0000000705c00000|100%| O|  |TAMS 0x0000000705a00000| PB 0x0000000705a00000| Untracked 
|  46|0x0000000705c00000, 0x0000000705e00000, 0x0000000705e00000|100%| O|  |TAMS 0x0000000705c00000| PB 0x0000000705c00000| Untracked 
|  47|0x0000000705e00000, 0x0000000706000000, 0x0000000706000000|100%| O|Cm|TAMS 0x0000000705e00000| PB 0x0000000705e00000| Complete 
|  48|0x0000000706000000, 0x0000000706200000, 0x0000000706200000|100%| O|  |TAMS 0x0000000706000000| PB 0x0000000706000000| Untracked 
|  49|0x0000000706200000, 0x0000000706400000, 0x0000000706400000|100%| O|  |TAMS 0x0000000706200000| PB 0x0000000706200000| Untracked 
|  50|0x0000000706400000, 0x0000000706600000, 0x0000000706600000|100%| O|  |TAMS 0x0000000706400000| PB 0x0000000706400000| Untracked 
|  51|0x0000000706600000, 0x0000000706800000, 0x0000000706800000|100%| O|  |TAMS 0x0000000706600000| PB 0x0000000706600000| Untracked 
|  52|0x0000000706800000, 0x0000000706a00000, 0x0000000706a00000|100%| O|  |TAMS 0x0000000706800000| PB 0x0000000706800000| Untracked 
|  53|0x0000000706a00000, 0x0000000706c00000, 0x0000000706c00000|100%| O|  |TAMS 0x0000000706a00000| PB 0x0000000706a00000| Untracked 
|  54|0x0000000706c00000, 0x0000000706e00000, 0x0000000706e00000|100%| O|  |TAMS 0x0000000706c00000| PB 0x0000000706c00000| Untracked 
|  55|0x0000000706e00000, 0x0000000707000000, 0x0000000707000000|100%| O|  |TAMS 0x0000000706e00000| PB 0x0000000706e00000| Untracked 
|  56|0x0000000707000000, 0x0000000707200000, 0x0000000707200000|100%| O|Cm|TAMS 0x0000000707000000| PB 0x0000000707000000| Complete 
|  57|0x0000000707200000, 0x0000000707400000, 0x0000000707400000|100%| O|  |TAMS 0x0000000707200000| PB 0x0000000707200000| Untracked 
|  58|0x0000000707400000, 0x0000000707600000, 0x0000000707600000|100%| O|  |TAMS 0x0000000707400000| PB 0x0000000707400000| Untracked 
|  59|0x0000000707600000, 0x0000000707800000, 0x0000000707800000|100%| O|  |TAMS 0x0000000707600000| PB 0x0000000707600000| Untracked 
|  60|0x0000000707800000, 0x0000000707a00000, 0x0000000707a00000|100%| O|  |TAMS 0x0000000707800000| PB 0x0000000707800000| Untracked 
|  61|0x0000000707a00000, 0x0000000707c00000, 0x0000000707c00000|100%| O|  |TAMS 0x0000000707a00000| PB 0x0000000707a00000| Untracked 
|  62|0x0000000707c00000, 0x0000000707e00000, 0x0000000707e00000|100%| O|  |TAMS 0x0000000707c00000| PB 0x0000000707c00000| Untracked 
|  63|0x0000000707e00000, 0x0000000708000000, 0x0000000708000000|100%| O|  |TAMS 0x0000000707e00000| PB 0x0000000707e00000| Untracked 
|  64|0x0000000708000000, 0x0000000708200000, 0x0000000708200000|100%| O|  |TAMS 0x0000000708000000| PB 0x0000000708000000| Untracked 
|  65|0x0000000708200000, 0x0000000708400000, 0x0000000708400000|100%| O|  |TAMS 0x0000000708200000| PB 0x0000000708200000| Untracked 
|  66|0x0000000708400000, 0x0000000708600000, 0x0000000708600000|100%|HS|  |TAMS 0x0000000708400000| PB 0x0000000708400000| Complete 
|  67|0x0000000708600000, 0x0000000708800000, 0x0000000708800000|100%| O|  |TAMS 0x0000000708600000| PB 0x0000000708600000| Untracked 
|  68|0x0000000708800000, 0x0000000708a00000, 0x0000000708a00000|100%| O|  |TAMS 0x0000000708800000| PB 0x0000000708800000| Untracked 
|  69|0x0000000708a00000, 0x0000000708c00000, 0x0000000708c00000|100%| O|  |TAMS 0x0000000708a00000| PB 0x0000000708a00000| Untracked 
|  70|0x0000000708c00000, 0x0000000708e00000, 0x0000000708e00000|100%| O|  |TAMS 0x0000000708c00000| PB 0x0000000708c00000| Untracked 
|  71|0x0000000708e00000, 0x0000000709000000, 0x0000000709000000|100%| O|Cm|TAMS 0x0000000708e00000| PB 0x0000000708e00000| Complete 
|  72|0x0000000709000000, 0x0000000709200000, 0x0000000709200000|100%| O|  |TAMS 0x0000000709000000| PB 0x0000000709000000| Untracked 
|  73|0x0000000709200000, 0x0000000709400000, 0x0000000709400000|100%| O|  |TAMS 0x0000000709200000| PB 0x0000000709200000| Untracked 
|  74|0x0000000709400000, 0x0000000709600000, 0x0000000709600000|100%| O|  |TAMS 0x0000000709400000| PB 0x0000000709400000| Untracked 
|  75|0x0000000709600000, 0x0000000709800000, 0x0000000709800000|100%| O|  |TAMS 0x0000000709600000| PB 0x0000000709600000| Untracked 
|  76|0x0000000709800000, 0x0000000709a00000, 0x0000000709a00000|100%| O|  |TAMS 0x0000000709800000| PB 0x0000000709800000| Untracked 
|  77|0x0000000709a00000, 0x0000000709c00000, 0x0000000709c00000|100%| O|  |TAMS 0x0000000709a00000| PB 0x0000000709a00000| Untracked 
|  78|0x0000000709c00000, 0x0000000709e00000, 0x0000000709e00000|100%| O|Cm|TAMS 0x0000000709c00000| PB 0x0000000709c00000| Complete 
|  79|0x0000000709e00000, 0x000000070a000000, 0x000000070a000000|100%| O|Cm|TAMS 0x0000000709e00000| PB 0x0000000709e00000| Complete 
|  80|0x000000070a000000, 0x000000070a200000, 0x000000070a200000|100%|HS|  |TAMS 0x000000070a000000| PB 0x000000070a000000| Complete 
|  81|0x000000070a200000, 0x000000070a400000, 0x000000070a400000|100%| O|  |TAMS 0x000000070a200000| PB 0x000000070a200000| Untracked 
|  82|0x000000070a400000, 0x000000070a600000, 0x000000070a600000|100%| O|Cm|TAMS 0x000000070a400000| PB 0x000000070a400000| Complete 
|  83|0x000000070a600000, 0x000000070a800000, 0x000000070a800000|100%| O|  |TAMS 0x000000070a600000| PB 0x000000070a600000| Untracked 
|  84|0x000000070a800000, 0x000000070aa00000, 0x000000070aa00000|100%| O|  |TAMS 0x000000070a800000| PB 0x000000070a800000| Untracked 
|  85|0x000000070aa00000, 0x000000070ac00000, 0x000000070ac00000|100%| O|  |TAMS 0x000000070aa00000| PB 0x000000070aa00000| Untracked 
|  86|0x000000070ac00000, 0x000000070ae00000, 0x000000070ae00000|100%| O|  |TAMS 0x000000070ac00000| PB 0x000000070ac00000| Untracked 
|  87|0x000000070ae00000, 0x000000070b000000, 0x000000070b000000|100%| O|  |TAMS 0x000000070ae00000| PB 0x000000070ae00000| Untracked 
|  88|0x000000070b000000, 0x000000070b200000, 0x000000070b200000|100%| O|  |TAMS 0x000000070b000000| PB 0x000000070b000000| Untracked 
|  89|0x000000070b200000, 0x000000070b400000, 0x000000070b400000|100%| O|Cm|TAMS 0x000000070b200000| PB 0x000000070b200000| Complete 
|  90|0x000000070b400000, 0x000000070b600000, 0x000000070b600000|100%| O|  |TAMS 0x000000070b400000| PB 0x000000070b400000| Untracked 
|  91|0x000000070b600000, 0x000000070b800000, 0x000000070b800000|100%| O|  |TAMS 0x000000070b600000| PB 0x000000070b600000| Untracked 
|  92|0x000000070b800000, 0x000000070ba00000, 0x000000070ba00000|100%| O|  |TAMS 0x000000070b800000| PB 0x000000070b800000| Untracked 
|  93|0x000000070ba00000, 0x000000070bc00000, 0x000000070bc00000|100%| O|  |TAMS 0x000000070ba00000| PB 0x000000070ba00000| Untracked 
|  94|0x000000070bc00000, 0x000000070be00000, 0x000000070be00000|100%| O|  |TAMS 0x000000070bc00000| PB 0x000000070bc00000| Untracked 
|  95|0x000000070be00000, 0x000000070c000000, 0x000000070c000000|100%| O|  |TAMS 0x000000070be00000| PB 0x000000070be00000| Untracked 
|  96|0x000000070c000000, 0x000000070c200000, 0x000000070c200000|100%| O|Cm|TAMS 0x000000070c000000| PB 0x000000070c000000| Complete 
|  97|0x000000070c200000, 0x000000070c400000, 0x000000070c400000|100%| O|  |TAMS 0x000000070c200000| PB 0x000000070c200000| Untracked 
|  98|0x000000070c400000, 0x000000070c600000, 0x000000070c600000|100%| O|  |TAMS 0x000000070c400000| PB 0x000000070c400000| Untracked 
|  99|0x000000070c600000, 0x000000070c800000, 0x000000070c800000|100%| O|  |TAMS 0x000000070c600000| PB 0x000000070c600000| Untracked 
| 100|0x000000070c800000, 0x000000070ca00000, 0x000000070ca00000|100%| O|  |TAMS 0x000000070c800000| PB 0x000000070c800000| Untracked 
| 101|0x000000070ca00000, 0x000000070cc00000, 0x000000070cc00000|100%| O|  |TAMS 0x000000070ca00000| PB 0x000000070ca00000| Untracked 
| 102|0x000000070cc00000, 0x000000070ce00000, 0x000000070ce00000|100%| O|  |TAMS 0x000000070cc00000| PB 0x000000070cc00000| Untracked 
| 103|0x000000070ce00000, 0x000000070d000000, 0x000000070d000000|100%| O|  |TAMS 0x000000070ce00000| PB 0x000000070ce00000| Untracked 
| 104|0x000000070d000000, 0x000000070d200000, 0x000000070d200000|100%| O|  |TAMS 0x000000070d000000| PB 0x000000070d000000| Untracked 
| 105|0x000000070d200000, 0x000000070d400000, 0x000000070d400000|100%| O|  |TAMS 0x000000070d200000| PB 0x000000070d200000| Untracked 
| 106|0x000000070d400000, 0x000000070d600000, 0x000000070d600000|100%|HS|  |TAMS 0x000000070d400000| PB 0x000000070d400000| Complete 
| 107|0x000000070d600000, 0x000000070d800000, 0x000000070d800000|100%|HC|  |TAMS 0x000000070d600000| PB 0x000000070d600000| Complete 
| 108|0x000000070d800000, 0x000000070da00000, 0x000000070da00000|100%| O|  |TAMS 0x000000070d800000| PB 0x000000070d800000| Untracked 
| 109|0x000000070da00000, 0x000000070dc00000, 0x000000070dc00000|100%| O|  |TAMS 0x000000070da00000| PB 0x000000070da00000| Untracked 
| 110|0x000000070dc00000, 0x000000070de00000, 0x000000070de00000|100%| O|  |TAMS 0x000000070dc00000| PB 0x000000070dc00000| Untracked 
| 111|0x000000070de00000, 0x000000070e000000, 0x000000070e000000|100%| O|  |TAMS 0x000000070de00000| PB 0x000000070de00000| Untracked 
| 112|0x000000070e000000, 0x000000070e200000, 0x000000070e200000|100%| O|  |TAMS 0x000000070e000000| PB 0x000000070e000000| Untracked 
| 113|0x000000070e200000, 0x000000070e400000, 0x000000070e400000|100%| O|  |TAMS 0x000000070e200000| PB 0x000000070e200000| Untracked 
| 114|0x000000070e400000, 0x000000070e600000, 0x000000070e600000|100%| O|  |TAMS 0x000000070e400000| PB 0x000000070e400000| Untracked 
| 115|0x000000070e600000, 0x000000070e800000, 0x000000070e800000|100%| O|  |TAMS 0x000000070e600000| PB 0x000000070e600000| Untracked 
| 116|0x000000070e800000, 0x000000070ea00000, 0x000000070ea00000|100%| O|  |TAMS 0x000000070e800000| PB 0x000000070e800000| Untracked 
| 117|0x000000070ea00000, 0x000000070ec00000, 0x000000070ec00000|100%| O|  |TAMS 0x000000070ea00000| PB 0x000000070ea00000| Untracked 
| 118|0x000000070ec00000, 0x000000070ee00000, 0x000000070ee00000|100%| O|Cm|TAMS 0x000000070ec00000| PB 0x000000070ec00000| Complete 
| 119|0x000000070ee00000, 0x000000070f000000, 0x000000070f000000|100%| O|  |TAMS 0x000000070ee00000| PB 0x000000070ee00000| Untracked 
| 120|0x000000070f000000, 0x000000070f200000, 0x000000070f200000|100%| O|  |TAMS 0x000000070f000000| PB 0x000000070f000000| Untracked 
| 121|0x000000070f200000, 0x000000070f400000, 0x000000070f400000|100%| O|Cm|TAMS 0x000000070f200000| PB 0x000000070f200000| Complete 
| 122|0x000000070f400000, 0x000000070f600000, 0x000000070f600000|100%| O|  |TAMS 0x000000070f400000| PB 0x000000070f400000| Untracked 
| 123|0x000000070f600000, 0x000000070f800000, 0x000000070f800000|100%| O|  |TAMS 0x000000070f600000| PB 0x000000070f600000| Untracked 
| 124|0x000000070f800000, 0x000000070fa00000, 0x000000070fa00000|100%| O|Cm|TAMS 0x000000070f800000| PB 0x000000070f800000| Complete 
| 125|0x000000070fa00000, 0x000000070fc00000, 0x000000070fc00000|100%| O|  |TAMS 0x000000070fa00000| PB 0x000000070fa00000| Untracked 
| 126|0x000000070fc00000, 0x000000070fe00000, 0x000000070fe00000|100%| O|  |TAMS 0x000000070fc00000| PB 0x000000070fc00000| Untracked 
| 127|0x000000070fe00000, 0x0000000710000000, 0x0000000710000000|100%| O|  |TAMS 0x000000070fe00000| PB 0x000000070fe00000| Untracked 
| 128|0x0000000710000000, 0x0000000710200000, 0x0000000710200000|100%| O|Cm|TAMS 0x0000000710000000| PB 0x0000000710000000| Complete 
| 129|0x0000000710200000, 0x0000000710400000, 0x0000000710400000|100%| O|Cm|TAMS 0x0000000710200000| PB 0x0000000710200000| Complete 
| 130|0x0000000710400000, 0x0000000710600000, 0x0000000710600000|100%| O|  |TAMS 0x0000000710400000| PB 0x0000000710400000| Untracked 
| 131|0x0000000710600000, 0x0000000710800000, 0x0000000710800000|100%| O|  |TAMS 0x0000000710600000| PB 0x0000000710600000| Untracked 
| 132|0x0000000710800000, 0x0000000710a00000, 0x0000000710a00000|100%| O|Cm|TAMS 0x0000000710800000| PB 0x0000000710800000| Complete 
| 133|0x0000000710a00000, 0x0000000710c00000, 0x0000000710c00000|100%| O|  |TAMS 0x0000000710a00000| PB 0x0000000710a00000| Untracked 
| 134|0x0000000710c00000, 0x0000000710e00000, 0x0000000710e00000|100%| O|  |TAMS 0x0000000710c00000| PB 0x0000000710c00000| Untracked 
| 135|0x0000000710e00000, 0x0000000711000000, 0x0000000711000000|100%| O|  |TAMS 0x0000000710e00000| PB 0x0000000710e00000| Untracked 
| 136|0x0000000711000000, 0x0000000711200000, 0x0000000711200000|100%| O|  |TAMS 0x0000000711000000| PB 0x0000000711000000| Untracked 
| 137|0x0000000711200000, 0x0000000711400000, 0x0000000711400000|100%| O|  |TAMS 0x0000000711200000| PB 0x0000000711200000| Untracked 
| 138|0x0000000711400000, 0x0000000711600000, 0x0000000711600000|100%| O|  |TAMS 0x0000000711400000| PB 0x0000000711400000| Untracked 
| 139|0x0000000711600000, 0x0000000711800000, 0x0000000711800000|100%| O|  |TAMS 0x0000000711600000| PB 0x0000000711600000| Untracked 
| 140|0x0000000711800000, 0x0000000711a00000, 0x0000000711a00000|100%| O|  |TAMS 0x0000000711800000| PB 0x0000000711800000| Untracked 
| 141|0x0000000711a00000, 0x0000000711c00000, 0x0000000711c00000|100%| O|  |TAMS 0x0000000711a00000| PB 0x0000000711a00000| Untracked 
| 142|0x0000000711c00000, 0x0000000711e00000, 0x0000000711e00000|100%| O|  |TAMS 0x0000000711c00000| PB 0x0000000711c00000| Untracked 
| 143|0x0000000711e00000, 0x0000000712000000, 0x0000000712000000|100%| O|  |TAMS 0x0000000711e00000| PB 0x0000000711e00000| Untracked 
| 144|0x0000000712000000, 0x0000000712200000, 0x0000000712200000|100%| O|Cm|TAMS 0x0000000712000000| PB 0x0000000712000000| Complete 
| 145|0x0000000712200000, 0x0000000712400000, 0x0000000712400000|100%| O|Cm|TAMS 0x0000000712200000| PB 0x0000000712200000| Complete 
| 146|0x0000000712400000, 0x0000000712600000, 0x0000000712600000|100%| O|  |TAMS 0x0000000712400000| PB 0x0000000712400000| Untracked 
| 147|0x0000000712600000, 0x0000000712800000, 0x0000000712800000|100%| O|Cm|TAMS 0x0000000712600000| PB 0x0000000712600000| Complete 
| 148|0x0000000712800000, 0x0000000712a00000, 0x0000000712a00000|100%| O|  |TAMS 0x0000000712800000| PB 0x0000000712800000| Untracked 
| 149|0x0000000712a00000, 0x0000000712c00000, 0x0000000712c00000|100%| O|  |TAMS 0x0000000712a00000| PB 0x0000000712a00000| Untracked 
| 150|0x0000000712c00000, 0x0000000712e00000, 0x0000000712e00000|100%| O|  |TAMS 0x0000000712c00000| PB 0x0000000712c00000| Untracked 
| 151|0x0000000712e00000, 0x0000000713000000, 0x0000000713000000|100%| O|  |TAMS 0x0000000712e00000| PB 0x0000000712e00000| Untracked 
| 152|0x0000000713000000, 0x0000000713200000, 0x0000000713200000|100%| O|  |TAMS 0x0000000713000000| PB 0x0000000713000000| Untracked 
| 153|0x0000000713200000, 0x0000000713400000, 0x0000000713400000|100%| O|  |TAMS 0x0000000713200000| PB 0x0000000713200000| Untracked 
| 154|0x0000000713400000, 0x0000000713600000, 0x0000000713600000|100%| O|  |TAMS 0x0000000713400000| PB 0x0000000713400000| Untracked 
| 155|0x0000000713600000, 0x0000000713800000, 0x0000000713800000|100%| O|  |TAMS 0x0000000713600000| PB 0x0000000713600000| Untracked 
| 156|0x0000000713800000, 0x0000000713a00000, 0x0000000713a00000|100%| O|  |TAMS 0x0000000713800000| PB 0x0000000713800000| Untracked 
| 157|0x0000000713a00000, 0x0000000713c00000, 0x0000000713c00000|100%| O|  |TAMS 0x0000000713a00000| PB 0x0000000713a00000| Untracked 
| 158|0x0000000713c00000, 0x0000000713e00000, 0x0000000713e00000|100%| O|Cm|TAMS 0x0000000713c00000| PB 0x0000000713c00000| Complete 
| 159|0x0000000713e00000, 0x0000000714000000, 0x0000000714000000|100%| O|Cm|TAMS 0x0000000713e00000| PB 0x0000000713e00000| Complete 
| 160|0x0000000714000000, 0x0000000714200000, 0x0000000714200000|100%| O|  |TAMS 0x0000000714000000| PB 0x0000000714000000| Untracked 
| 161|0x0000000714200000, 0x0000000714400000, 0x0000000714400000|100%| O|  |TAMS 0x0000000714200000| PB 0x0000000714200000| Untracked 
| 162|0x0000000714400000, 0x0000000714600000, 0x0000000714600000|100%| O|  |TAMS 0x0000000714400000| PB 0x0000000714400000| Untracked 
| 163|0x0000000714600000, 0x0000000714800000, 0x0000000714800000|100%| O|Cm|TAMS 0x0000000714600000| PB 0x0000000714600000| Complete 
| 164|0x0000000714800000, 0x0000000714a00000, 0x0000000714a00000|100%| O|Cm|TAMS 0x0000000714800000| PB 0x0000000714800000| Complete 
| 165|0x0000000714a00000, 0x0000000714c00000, 0x0000000714c00000|100%| O|  |TAMS 0x0000000714a00000| PB 0x0000000714a00000| Untracked 
| 166|0x0000000714c00000, 0x0000000714e00000, 0x0000000714e00000|100%| O|  |TAMS 0x0000000714c00000| PB 0x0000000714c00000| Untracked 
| 167|0x0000000714e00000, 0x0000000715000000, 0x0000000715000000|100%| O|Cm|TAMS 0x0000000714e00000| PB 0x0000000714e00000| Complete 
| 168|0x0000000715000000, 0x0000000715200000, 0x0000000715200000|100%| O|  |TAMS 0x0000000715000000| PB 0x0000000715000000| Untracked 
| 169|0x0000000715200000, 0x0000000715400000, 0x0000000715400000|100%| O|  |TAMS 0x0000000715200000| PB 0x0000000715200000| Untracked 
| 170|0x0000000715400000, 0x0000000715600000, 0x0000000715600000|100%| O|Cm|TAMS 0x0000000715400000| PB 0x0000000715400000| Complete 
| 171|0x0000000715600000, 0x0000000715800000, 0x0000000715800000|100%| O|  |TAMS 0x0000000715600000| PB 0x0000000715600000| Untracked 
| 172|0x0000000715800000, 0x0000000715a00000, 0x0000000715a00000|100%| O|  |TAMS 0x0000000715800000| PB 0x0000000715800000| Untracked 
| 173|0x0000000715a00000, 0x0000000715c00000, 0x0000000715c00000|100%| O|  |TAMS 0x0000000715a00000| PB 0x0000000715a00000| Untracked 
| 174|0x0000000715c00000, 0x0000000715e00000, 0x0000000715e00000|100%| O|  |TAMS 0x0000000715c00000| PB 0x0000000715c00000| Untracked 
| 175|0x0000000715e00000, 0x0000000716000000, 0x0000000716000000|100%| O|Cm|TAMS 0x0000000715e00000| PB 0x0000000715e00000| Complete 
| 176|0x0000000716000000, 0x0000000716200000, 0x0000000716200000|100%| O|  |TAMS 0x0000000716000000| PB 0x0000000716000000| Untracked 
| 177|0x0000000716200000, 0x0000000716400000, 0x0000000716400000|100%| O|  |TAMS 0x0000000716200000| PB 0x0000000716200000| Untracked 
| 178|0x0000000716400000, 0x0000000716600000, 0x0000000716600000|100%| O|Cm|TAMS 0x0000000716400000| PB 0x0000000716400000| Complete 
| 179|0x0000000716600000, 0x0000000716800000, 0x0000000716800000|100%| O|  |TAMS 0x0000000716600000| PB 0x0000000716600000| Untracked 
| 180|0x0000000716800000, 0x0000000716a00000, 0x0000000716a00000|100%| O|  |TAMS 0x0000000716800000| PB 0x0000000716800000| Untracked 
| 181|0x0000000716a00000, 0x0000000716c00000, 0x0000000716c00000|100%| O|  |TAMS 0x0000000716a00000| PB 0x0000000716a00000| Untracked 
| 182|0x0000000716c00000, 0x0000000716e00000, 0x0000000716e00000|100%| O|  |TAMS 0x0000000716c00000| PB 0x0000000716c00000| Untracked 
| 183|0x0000000716e00000, 0x0000000717000000, 0x0000000717000000|100%| O|  |TAMS 0x0000000716e00000| PB 0x0000000716e00000| Untracked 
| 184|0x0000000717000000, 0x0000000717200000, 0x0000000717200000|100%| O|  |TAMS 0x0000000717000000| PB 0x0000000717000000| Untracked 
| 185|0x0000000717200000, 0x0000000717400000, 0x0000000717400000|100%| O|  |TAMS 0x0000000717200000| PB 0x0000000717200000| Untracked 
| 186|0x0000000717400000, 0x0000000717600000, 0x0000000717600000|100%| O|  |TAMS 0x0000000717400000| PB 0x0000000717400000| Untracked 
| 187|0x0000000717600000, 0x0000000717800000, 0x0000000717800000|100%| O|  |TAMS 0x0000000717600000| PB 0x0000000717600000| Untracked 
| 188|0x0000000717800000, 0x0000000717a00000, 0x0000000717a00000|100%| O|  |TAMS 0x0000000717800000| PB 0x0000000717800000| Untracked 
| 189|0x0000000717a00000, 0x0000000717c00000, 0x0000000717c00000|100%| O|  |TAMS 0x0000000717a00000| PB 0x0000000717a00000| Untracked 
| 190|0x0000000717c00000, 0x0000000717e00000, 0x0000000717e00000|100%| O|  |TAMS 0x0000000717c00000| PB 0x0000000717c00000| Untracked 
| 191|0x0000000717e00000, 0x0000000718000000, 0x0000000718000000|100%| O|Cm|TAMS 0x0000000717e00000| PB 0x0000000717e00000| Complete 
| 192|0x0000000718000000, 0x0000000718200000, 0x0000000718200000|100%| O|  |TAMS 0x0000000718000000| PB 0x0000000718000000| Untracked 
| 193|0x0000000718200000, 0x0000000718400000, 0x0000000718400000|100%| O|  |TAMS 0x0000000718200000| PB 0x0000000718200000| Untracked 
| 194|0x0000000718400000, 0x0000000718600000, 0x0000000718600000|100%| O|  |TAMS 0x0000000718400000| PB 0x0000000718400000| Untracked 
| 195|0x0000000718600000, 0x0000000718800000, 0x0000000718800000|100%| O|  |TAMS 0x0000000718600000| PB 0x0000000718600000| Untracked 
| 196|0x0000000718800000, 0x0000000718a00000, 0x0000000718a00000|100%| O|  |TAMS 0x0000000718800000| PB 0x0000000718800000| Untracked 
| 197|0x0000000718a00000, 0x0000000718c00000, 0x0000000718c00000|100%| O|  |TAMS 0x0000000718a00000| PB 0x0000000718a00000| Untracked 
| 198|0x0000000718c00000, 0x0000000718e00000, 0x0000000718e00000|100%| O|  |TAMS 0x0000000718c00000| PB 0x0000000718c00000| Untracked 
| 199|0x0000000718e00000, 0x0000000719000000, 0x0000000719000000|100%| O|  |TAMS 0x0000000718e00000| PB 0x0000000718e00000| Untracked 
| 200|0x0000000719000000, 0x0000000719200000, 0x0000000719200000|100%| O|  |TAMS 0x0000000719000000| PB 0x0000000719000000| Untracked 
| 201|0x0000000719200000, 0x0000000719400000, 0x0000000719400000|100%| O|  |TAMS 0x0000000719200000| PB 0x0000000719200000| Untracked 
| 202|0x0000000719400000, 0x0000000719600000, 0x0000000719600000|100%| O|  |TAMS 0x0000000719400000| PB 0x0000000719400000| Untracked 
| 203|0x0000000719600000, 0x0000000719800000, 0x0000000719800000|100%| O|Cm|TAMS 0x0000000719600000| PB 0x0000000719600000| Complete 
| 204|0x0000000719800000, 0x0000000719a00000, 0x0000000719a00000|100%| O|  |TAMS 0x0000000719800000| PB 0x0000000719800000| Untracked 
| 205|0x0000000719a00000, 0x0000000719c00000, 0x0000000719c00000|100%| O|  |TAMS 0x0000000719a00000| PB 0x0000000719a00000| Untracked 
| 206|0x0000000719c00000, 0x0000000719e00000, 0x0000000719e00000|100%| O|  |TAMS 0x0000000719c00000| PB 0x0000000719c00000| Untracked 
| 207|0x0000000719e00000, 0x000000071a000000, 0x000000071a000000|100%| O|  |TAMS 0x0000000719e00000| PB 0x0000000719e00000| Untracked 
| 208|0x000000071a000000, 0x000000071a200000, 0x000000071a200000|100%| O|  |TAMS 0x000000071a000000| PB 0x000000071a000000| Untracked 
| 209|0x000000071a200000, 0x000000071a400000, 0x000000071a400000|100%| O|Cm|TAMS 0x000000071a200000| PB 0x000000071a200000| Complete 
| 210|0x000000071a400000, 0x000000071a600000, 0x000000071a600000|100%| O|Cm|TAMS 0x000000071a400000| PB 0x000000071a400000| Complete 
| 211|0x000000071a600000, 0x000000071a800000, 0x000000071a800000|100%| O|Cm|TAMS 0x000000071a600000| PB 0x000000071a600000| Complete 
| 212|0x000000071a800000, 0x000000071aa00000, 0x000000071aa00000|100%| O|  |TAMS 0x000000071a800000| PB 0x000000071a800000| Untracked 
| 213|0x000000071aa00000, 0x000000071ac00000, 0x000000071ac00000|100%| O|Cm|TAMS 0x000000071aa00000| PB 0x000000071aa00000| Complete 
| 214|0x000000071ac00000, 0x000000071ae00000, 0x000000071ae00000|100%| O|  |TAMS 0x000000071ac00000| PB 0x000000071ac00000| Untracked 
| 215|0x000000071ae00000, 0x000000071b000000, 0x000000071b000000|100%| O|Cm|TAMS 0x000000071ae00000| PB 0x000000071ae00000| Complete 
| 216|0x000000071b000000, 0x000000071b200000, 0x000000071b200000|100%| O|  |TAMS 0x000000071b000000| PB 0x000000071b000000| Untracked 
| 217|0x000000071b200000, 0x000000071b400000, 0x000000071b400000|100%| O|Cm|TAMS 0x000000071b200000| PB 0x000000071b200000| Complete 
| 218|0x000000071b400000, 0x000000071b600000, 0x000000071b600000|100%| O|  |TAMS 0x000000071b400000| PB 0x000000071b400000| Untracked 
| 219|0x000000071b600000, 0x000000071b800000, 0x000000071b800000|100%| O|  |TAMS 0x000000071b600000| PB 0x000000071b600000| Untracked 
| 220|0x000000071b800000, 0x000000071ba00000, 0x000000071ba00000|100%| O|  |TAMS 0x000000071b800000| PB 0x000000071b800000| Untracked 
| 221|0x000000071ba00000, 0x000000071bc00000, 0x000000071bc00000|100%| O|  |TAMS 0x000000071ba00000| PB 0x000000071ba00000| Untracked 
| 222|0x000000071bc00000, 0x000000071be00000, 0x000000071be00000|100%| O|  |TAMS 0x000000071bc00000| PB 0x000000071bc00000| Untracked 
| 223|0x000000071be00000, 0x000000071c000000, 0x000000071c000000|100%| O|  |TAMS 0x000000071be00000| PB 0x000000071be00000| Untracked 
| 224|0x000000071c000000, 0x000000071c200000, 0x000000071c200000|100%| O|  |TAMS 0x000000071c000000| PB 0x000000071c000000| Untracked 
| 225|0x000000071c200000, 0x000000071c400000, 0x000000071c400000|100%| O|Cm|TAMS 0x000000071c200000| PB 0x000000071c200000| Complete 
| 226|0x000000071c400000, 0x000000071c600000, 0x000000071c600000|100%| O|Cm|TAMS 0x000000071c400000| PB 0x000000071c400000| Complete 
| 227|0x000000071c600000, 0x000000071c800000, 0x000000071c800000|100%| O|Cm|TAMS 0x000000071c600000| PB 0x000000071c600000| Complete 
| 228|0x000000071c800000, 0x000000071ca00000, 0x000000071ca00000|100%| O|  |TAMS 0x000000071c800000| PB 0x000000071c800000| Untracked 
| 229|0x000000071ca00000, 0x000000071cc00000, 0x000000071cc00000|100%| O|  |TAMS 0x000000071ca00000| PB 0x000000071ca00000| Untracked 
| 230|0x000000071cc00000, 0x000000071ce00000, 0x000000071ce00000|100%| O|Cm|TAMS 0x000000071cc00000| PB 0x000000071cc00000| Complete 
| 231|0x000000071ce00000, 0x000000071d000000, 0x000000071d000000|100%| O|  |TAMS 0x000000071ce00000| PB 0x000000071ce00000| Untracked 
| 232|0x000000071d000000, 0x000000071d200000, 0x000000071d200000|100%| O|  |TAMS 0x000000071d000000| PB 0x000000071d000000| Untracked 
| 233|0x000000071d200000, 0x000000071d400000, 0x000000071d400000|100%| O|  |TAMS 0x000000071d200000| PB 0x000000071d200000| Untracked 
| 234|0x000000071d400000, 0x000000071d600000, 0x000000071d600000|100%| O|  |TAMS 0x000000071d400000| PB 0x000000071d400000| Untracked 
| 235|0x000000071d600000, 0x000000071d800000, 0x000000071d800000|100%| O|  |TAMS 0x000000071d600000| PB 0x000000071d600000| Untracked 
| 236|0x000000071d800000, 0x000000071da00000, 0x000000071da00000|100%| O|  |TAMS 0x000000071d800000| PB 0x000000071d800000| Untracked 
| 237|0x000000071da00000, 0x000000071dc00000, 0x000000071dc00000|100%| O|  |TAMS 0x000000071da00000| PB 0x000000071da00000| Untracked 
| 238|0x000000071dc00000, 0x000000071de00000, 0x000000071de00000|100%| O|  |TAMS 0x000000071dc00000| PB 0x000000071dc00000| Untracked 
| 239|0x000000071de00000, 0x000000071e000000, 0x000000071e000000|100%| O|  |TAMS 0x000000071de00000| PB 0x000000071de00000| Untracked 
| 240|0x000000071e000000, 0x000000071e200000, 0x000000071e200000|100%| O|  |TAMS 0x000000071e000000| PB 0x000000071e000000| Untracked 
| 241|0x000000071e200000, 0x000000071e400000, 0x000000071e400000|100%| O|  |TAMS 0x000000071e200000| PB 0x000000071e200000| Untracked 
| 242|0x000000071e400000, 0x000000071e600000, 0x000000071e600000|100%| O|  |TAMS 0x000000071e400000| PB 0x000000071e400000| Untracked 
| 243|0x000000071e600000, 0x000000071e800000, 0x000000071e800000|100%| O|  |TAMS 0x000000071e600000| PB 0x000000071e600000| Untracked 
| 244|0x000000071e800000, 0x000000071ea00000, 0x000000071ea00000|100%| O|  |TAMS 0x000000071e800000| PB 0x000000071e800000| Untracked 
| 245|0x000000071ea00000, 0x000000071ec00000, 0x000000071ec00000|100%| O|Cm|TAMS 0x000000071ea00000| PB 0x000000071ea00000| Complete 
| 246|0x000000071ec00000, 0x000000071ee00000, 0x000000071ee00000|100%| O|  |TAMS 0x000000071ec00000| PB 0x000000071ec00000| Untracked 
| 247|0x000000071ee00000, 0x000000071f000000, 0x000000071f000000|100%| O|  |TAMS 0x000000071ee00000| PB 0x000000071ee00000| Untracked 
| 248|0x000000071f000000, 0x000000071f200000, 0x000000071f200000|100%| O|Cm|TAMS 0x000000071f000000| PB 0x000000071f000000| Complete 
| 249|0x000000071f200000, 0x000000071f400000, 0x000000071f400000|100%| O|  |TAMS 0x000000071f200000| PB 0x000000071f200000| Untracked 
| 250|0x000000071f400000, 0x000000071f600000, 0x000000071f600000|100%| O|  |TAMS 0x000000071f400000| PB 0x000000071f400000| Untracked 
| 251|0x000000071f600000, 0x000000071f800000, 0x000000071f800000|100%| O|Cm|TAMS 0x000000071f600000| PB 0x000000071f600000| Complete 
| 252|0x000000071f800000, 0x000000071fa00000, 0x000000071fa00000|100%| O|Cm|TAMS 0x000000071f800000| PB 0x000000071f800000| Complete 
| 253|0x000000071fa00000, 0x000000071fc00000, 0x000000071fc00000|100%| O|  |TAMS 0x000000071fa00000| PB 0x000000071fa00000| Untracked 
| 254|0x000000071fc00000, 0x000000071fe00000, 0x000000071fe00000|100%| O|Cm|TAMS 0x000000071fc00000| PB 0x000000071fc00000| Complete 
| 255|0x000000071fe00000, 0x0000000720000000, 0x0000000720000000|100%| O|  |TAMS 0x000000071fe00000| PB 0x000000071fe00000| Untracked 
| 256|0x0000000720000000, 0x0000000720200000, 0x0000000720200000|100%| O|Cm|TAMS 0x0000000720000000| PB 0x0000000720000000| Complete 
| 257|0x0000000720200000, 0x0000000720400000, 0x0000000720400000|100%| O|Cm|TAMS 0x0000000720200000| PB 0x0000000720200000| Complete 
| 258|0x0000000720400000, 0x0000000720600000, 0x0000000720600000|100%| O|  |TAMS 0x0000000720400000| PB 0x0000000720400000| Untracked 
| 259|0x0000000720600000, 0x0000000720800000, 0x0000000720800000|100%| O|  |TAMS 0x0000000720600000| PB 0x0000000720600000| Untracked 
| 260|0x0000000720800000, 0x0000000720a00000, 0x0000000720a00000|100%| O|  |TAMS 0x0000000720800000| PB 0x0000000720800000| Untracked 
| 261|0x0000000720a00000, 0x0000000720c00000, 0x0000000720c00000|100%| O|Cm|TAMS 0x0000000720a00000| PB 0x0000000720a00000| Complete 
| 262|0x0000000720c00000, 0x0000000720e00000, 0x0000000720e00000|100%| O|  |TAMS 0x0000000720c00000| PB 0x0000000720c00000| Untracked 
| 263|0x0000000720e00000, 0x0000000721000000, 0x0000000721000000|100%| O|Cm|TAMS 0x0000000720e00000| PB 0x0000000720e00000| Complete 
| 264|0x0000000721000000, 0x0000000721200000, 0x0000000721200000|100%| O|  |TAMS 0x0000000721000000| PB 0x0000000721000000| Untracked 
| 265|0x0000000721200000, 0x0000000721400000, 0x0000000721400000|100%| O|Cm|TAMS 0x0000000721200000| PB 0x0000000721200000| Complete 
| 266|0x0000000721400000, 0x0000000721600000, 0x0000000721600000|100%| O|  |TAMS 0x0000000721400000| PB 0x0000000721400000| Untracked 
| 267|0x0000000721600000, 0x0000000721800000, 0x0000000721800000|100%| O|  |TAMS 0x0000000721600000| PB 0x0000000721600000| Untracked 
| 268|0x0000000721800000, 0x0000000721a00000, 0x0000000721a00000|100%| O|  |TAMS 0x0000000721800000| PB 0x0000000721800000| Untracked 
| 269|0x0000000721a00000, 0x0000000721c00000, 0x0000000721c00000|100%| O|Cm|TAMS 0x0000000721a00000| PB 0x0000000721a00000| Complete 
| 270|0x0000000721c00000, 0x0000000721e00000, 0x0000000721e00000|100%| O|  |TAMS 0x0000000721c00000| PB 0x0000000721c00000| Untracked 
| 271|0x0000000721e00000, 0x0000000722000000, 0x0000000722000000|100%| O|  |TAMS 0x0000000721e00000| PB 0x0000000721e00000| Untracked 
| 272|0x0000000722000000, 0x0000000722200000, 0x0000000722200000|100%| O|  |TAMS 0x0000000722000000| PB 0x0000000722000000| Untracked 
| 273|0x0000000722200000, 0x0000000722400000, 0x0000000722400000|100%| O|  |TAMS 0x0000000722200000| PB 0x0000000722200000| Untracked 
| 274|0x0000000722400000, 0x0000000722600000, 0x0000000722600000|100%| O|Cm|TAMS 0x0000000722400000| PB 0x0000000722400000| Complete 
| 275|0x0000000722600000, 0x0000000722800000, 0x0000000722800000|100%| O|Cm|TAMS 0x0000000722600000| PB 0x0000000722600000| Complete 
| 276|0x0000000722800000, 0x0000000722a00000, 0x0000000722a00000|100%| O|Cm|TAMS 0x0000000722800000| PB 0x0000000722800000| Complete 
| 277|0x0000000722a00000, 0x0000000722c00000, 0x0000000722c00000|100%| O|  |TAMS 0x0000000722a00000| PB 0x0000000722a00000| Untracked 
| 278|0x0000000722c00000, 0x0000000722e00000, 0x0000000722e00000|100%| O|  |TAMS 0x0000000722c00000| PB 0x0000000722c00000| Untracked 
| 279|0x0000000722e00000, 0x0000000723000000, 0x0000000723000000|100%| O|Cm|TAMS 0x0000000722e00000| PB 0x0000000722e00000| Complete 
| 280|0x0000000723000000, 0x0000000723200000, 0x0000000723200000|100%| O|  |TAMS 0x0000000723000000| PB 0x0000000723000000| Untracked 
| 281|0x0000000723200000, 0x0000000723400000, 0x0000000723400000|100%| O|Cm|TAMS 0x0000000723200000| PB 0x0000000723200000| Complete 
| 282|0x0000000723400000, 0x0000000723600000, 0x0000000723600000|100%| O|Cm|TAMS 0x0000000723400000| PB 0x0000000723400000| Complete 
| 283|0x0000000723600000, 0x0000000723800000, 0x0000000723800000|100%| O|Cm|TAMS 0x0000000723600000| PB 0x0000000723600000| Complete 
| 284|0x0000000723800000, 0x0000000723a00000, 0x0000000723a00000|100%| O|  |TAMS 0x0000000723800000| PB 0x0000000723800000| Untracked 
| 285|0x0000000723a00000, 0x0000000723c00000, 0x0000000723c00000|100%| O|  |TAMS 0x0000000723a00000| PB 0x0000000723a00000| Untracked 
| 286|0x0000000723c00000, 0x0000000723e00000, 0x0000000723e00000|100%| O|Cm|TAMS 0x0000000723c00000| PB 0x0000000723c00000| Complete 
| 287|0x0000000723e00000, 0x0000000724000000, 0x0000000724000000|100%| O|Cm|TAMS 0x0000000723e00000| PB 0x0000000723e00000| Complete 
| 288|0x0000000724000000, 0x0000000724200000, 0x0000000724200000|100%| O|Cm|TAMS 0x0000000724000000| PB 0x0000000724000000| Complete 
| 289|0x0000000724200000, 0x0000000724400000, 0x0000000724400000|100%| O|Cm|TAMS 0x0000000724200000| PB 0x0000000724200000| Complete 
| 290|0x0000000724400000, 0x0000000724600000, 0x0000000724600000|100%| O|Cm|TAMS 0x0000000724400000| PB 0x0000000724400000| Complete 
| 291|0x0000000724600000, 0x0000000724800000, 0x0000000724800000|100%| O|Cm|TAMS 0x0000000724600000| PB 0x0000000724600000| Complete 
| 292|0x0000000724800000, 0x0000000724a00000, 0x0000000724a00000|100%| O|Cm|TAMS 0x0000000724800000| PB 0x0000000724800000| Complete 
| 293|0x0000000724a00000, 0x0000000724c00000, 0x0000000724c00000|100%| O|Cm|TAMS 0x0000000724a00000| PB 0x0000000724a00000| Complete 
| 294|0x0000000724c00000, 0x0000000724e00000, 0x0000000724e00000|100%| O|Cm|TAMS 0x0000000724c00000| PB 0x0000000724c00000| Complete 
| 295|0x0000000724e00000, 0x0000000725000000, 0x0000000725000000|100%| O|  |TAMS 0x0000000724e00000| PB 0x0000000724e00000| Untracked 
| 296|0x0000000725000000, 0x0000000725200000, 0x0000000725200000|100%| O|Cm|TAMS 0x0000000725000000| PB 0x0000000725000000| Complete 
| 297|0x0000000725200000, 0x0000000725400000, 0x0000000725400000|100%| O|Cm|TAMS 0x0000000725200000| PB 0x0000000725200000| Complete 
| 298|0x0000000725400000, 0x0000000725600000, 0x0000000725600000|100%| O|  |TAMS 0x0000000725400000| PB 0x0000000725400000| Untracked 
| 299|0x0000000725600000, 0x0000000725800000, 0x0000000725800000|100%| O|Cm|TAMS 0x0000000725600000| PB 0x0000000725600000| Complete 
| 300|0x0000000725800000, 0x0000000725a00000, 0x0000000725a00000|100%| O|  |TAMS 0x0000000725800000| PB 0x0000000725800000| Untracked 
| 301|0x0000000725a00000, 0x0000000725c00000, 0x0000000725c00000|100%| O|Cm|TAMS 0x0000000725a00000| PB 0x0000000725a00000| Complete 
| 302|0x0000000725c00000, 0x0000000725e00000, 0x0000000725e00000|100%| O|Cm|TAMS 0x0000000725c00000| PB 0x0000000725c00000| Complete 
| 303|0x0000000725e00000, 0x0000000726000000, 0x0000000726000000|100%| O|  |TAMS 0x0000000725e00000| PB 0x0000000725e00000| Untracked 
| 304|0x0000000726000000, 0x0000000726200000, 0x0000000726200000|100%| O|Cm|TAMS 0x0000000726000000| PB 0x0000000726000000| Complete 
| 305|0x0000000726200000, 0x0000000726400000, 0x0000000726400000|100%| O|Cm|TAMS 0x0000000726200000| PB 0x0000000726200000| Complete 
| 306|0x0000000726400000, 0x0000000726600000, 0x0000000726600000|100%| O|Cm|TAMS 0x0000000726400000| PB 0x0000000726400000| Complete 
| 307|0x0000000726600000, 0x0000000726800000, 0x0000000726800000|100%| O|Cm|TAMS 0x0000000726600000| PB 0x0000000726600000| Complete 
| 308|0x0000000726800000, 0x0000000726a00000, 0x0000000726a00000|100%| O|Cm|TAMS 0x0000000726800000| PB 0x0000000726800000| Complete 
| 309|0x0000000726a00000, 0x0000000726c00000, 0x0000000726c00000|100%| O|  |TAMS 0x0000000726a00000| PB 0x0000000726a00000| Untracked 
| 310|0x0000000726c00000, 0x0000000726e00000, 0x0000000726e00000|100%| O|Cm|TAMS 0x0000000726c00000| PB 0x0000000726c00000| Complete 
| 311|0x0000000726e00000, 0x0000000727000000, 0x0000000727000000|100%| O|Cm|TAMS 0x0000000726e00000| PB 0x0000000726e00000| Complete 
| 312|0x0000000727000000, 0x0000000727200000, 0x0000000727200000|100%| O|Cm|TAMS 0x0000000727000000| PB 0x0000000727000000| Complete 
| 313|0x0000000727200000, 0x0000000727400000, 0x0000000727400000|100%| O|Cm|TAMS 0x0000000727200000| PB 0x0000000727200000| Complete 
| 314|0x0000000727400000, 0x0000000727600000, 0x0000000727600000|100%|HS|  |TAMS 0x0000000727400000| PB 0x0000000727400000| Complete 
| 315|0x0000000727600000, 0x0000000727800000, 0x0000000727800000|100%|HC|  |TAMS 0x0000000727600000| PB 0x0000000727600000| Complete 
| 316|0x0000000727800000, 0x0000000727a00000, 0x0000000727a00000|100%|HS|  |TAMS 0x0000000727800000| PB 0x0000000727800000| Complete 
| 317|0x0000000727a00000, 0x0000000727c00000, 0x0000000727c00000|100%| O|Cm|TAMS 0x0000000727a00000| PB 0x0000000727a00000| Complete 
| 318|0x0000000727c00000, 0x0000000727e00000, 0x0000000727e00000|100%| O|  |TAMS 0x0000000727c00000| PB 0x0000000727c00000| Untracked 
| 319|0x0000000727e00000, 0x0000000728000000, 0x0000000728000000|100%| O|  |TAMS 0x0000000727e00000| PB 0x0000000727e00000| Untracked 
| 320|0x0000000728000000, 0x0000000728200000, 0x0000000728200000|100%| O|Cm|TAMS 0x0000000728000000| PB 0x0000000728000000| Complete 
| 321|0x0000000728200000, 0x0000000728400000, 0x0000000728400000|100%| O|Cm|TAMS 0x0000000728200000| PB 0x0000000728200000| Complete 
| 322|0x0000000728400000, 0x0000000728600000, 0x0000000728600000|100%| O|Cm|TAMS 0x0000000728400000| PB 0x0000000728400000| Complete 
| 323|0x0000000728600000, 0x0000000728800000, 0x0000000728800000|100%| O|  |TAMS 0x0000000728600000| PB 0x0000000728600000| Untracked 
| 324|0x0000000728800000, 0x0000000728a00000, 0x0000000728a00000|100%| O|  |TAMS 0x0000000728800000| PB 0x0000000728800000| Untracked 
| 325|0x0000000728a00000, 0x0000000728c00000, 0x0000000728c00000|100%| O|  |TAMS 0x0000000728a00000| PB 0x0000000728a00000| Untracked 
| 326|0x0000000728c00000, 0x0000000728e00000, 0x0000000728e00000|100%| O|  |TAMS 0x0000000728c00000| PB 0x0000000728c00000| Untracked 
| 327|0x0000000728e00000, 0x0000000729000000, 0x0000000729000000|100%| O|  |TAMS 0x0000000728e00000| PB 0x0000000728e00000| Untracked 
| 328|0x0000000729000000, 0x0000000729200000, 0x0000000729200000|100%| O|Cm|TAMS 0x0000000729000000| PB 0x0000000729000000| Complete 
| 329|0x0000000729200000, 0x0000000729400000, 0x0000000729400000|100%| O|  |TAMS 0x0000000729200000| PB 0x0000000729200000| Untracked 
| 330|0x0000000729400000, 0x0000000729600000, 0x0000000729600000|100%| O|  |TAMS 0x0000000729400000| PB 0x0000000729400000| Untracked 
| 331|0x0000000729600000, 0x0000000729800000, 0x0000000729800000|100%| O|  |TAMS 0x0000000729600000| PB 0x0000000729600000| Untracked 
| 332|0x0000000729800000, 0x0000000729a00000, 0x0000000729a00000|100%| O|  |TAMS 0x0000000729800000| PB 0x0000000729800000| Untracked 
| 333|0x0000000729a00000, 0x0000000729c00000, 0x0000000729c00000|100%| O|  |TAMS 0x0000000729a00000| PB 0x0000000729a00000| Untracked 
| 334|0x0000000729c00000, 0x0000000729e00000, 0x0000000729e00000|100%| O|  |TAMS 0x0000000729c00000| PB 0x0000000729c00000| Untracked 
| 335|0x0000000729e00000, 0x000000072a000000, 0x000000072a000000|100%| O|  |TAMS 0x0000000729e00000| PB 0x0000000729e00000| Untracked 
| 336|0x000000072a000000, 0x000000072a200000, 0x000000072a200000|100%|HS|  |TAMS 0x000000072a000000| PB 0x000000072a000000| Complete 
| 337|0x000000072a200000, 0x000000072a400000, 0x000000072a400000|100%| O|  |TAMS 0x000000072a200000| PB 0x000000072a200000| Untracked 
| 338|0x000000072a400000, 0x000000072a600000, 0x000000072a600000|100%| O|  |TAMS 0x000000072a400000| PB 0x000000072a400000| Untracked 
| 339|0x000000072a600000, 0x000000072a800000, 0x000000072a800000|100%| O|Cm|TAMS 0x000000072a600000| PB 0x000000072a600000| Complete 
| 340|0x000000072a800000, 0x000000072aa00000, 0x000000072aa00000|100%| O|Cm|TAMS 0x000000072a800000| PB 0x000000072a800000| Complete 
| 341|0x000000072aa00000, 0x000000072ac00000, 0x000000072ac00000|100%| O|Cm|TAMS 0x000000072aa00000| PB 0x000000072aa00000| Complete 
| 342|0x000000072ac00000, 0x000000072ae00000, 0x000000072ae00000|100%| O|Cm|TAMS 0x000000072ac00000| PB 0x000000072ac00000| Complete 
| 343|0x000000072ae00000, 0x000000072b000000, 0x000000072b000000|100%| O|Cm|TAMS 0x000000072ae00000| PB 0x000000072ae00000| Complete 
| 344|0x000000072b000000, 0x000000072b200000, 0x000000072b200000|100%| O|  |TAMS 0x000000072b000000| PB 0x000000072b000000| Untracked 
| 345|0x000000072b200000, 0x000000072b400000, 0x000000072b400000|100%| O|  |TAMS 0x000000072b200000| PB 0x000000072b200000| Untracked 
| 346|0x000000072b400000, 0x000000072b600000, 0x000000072b600000|100%| O|  |TAMS 0x000000072b400000| PB 0x000000072b400000| Untracked 
| 347|0x000000072b600000, 0x000000072b800000, 0x000000072b800000|100%| O|  |TAMS 0x000000072b600000| PB 0x000000072b600000| Untracked 
| 348|0x000000072b800000, 0x000000072ba00000, 0x000000072ba00000|100%| O|  |TAMS 0x000000072b800000| PB 0x000000072b800000| Untracked 
| 349|0x000000072ba00000, 0x000000072bc00000, 0x000000072bc00000|100%|HS|  |TAMS 0x000000072ba00000| PB 0x000000072ba00000| Complete 
| 350|0x000000072bc00000, 0x000000072be00000, 0x000000072be00000|100%|HS|  |TAMS 0x000000072bc00000| PB 0x000000072bc00000| Complete 
| 351|0x000000072be00000, 0x000000072c000000, 0x000000072c000000|100%| O|Cm|TAMS 0x000000072be00000| PB 0x000000072be00000| Complete 
| 352|0x000000072c000000, 0x000000072c200000, 0x000000072c200000|100%| O|Cm|TAMS 0x000000072c000000| PB 0x000000072c000000| Complete 
| 353|0x000000072c200000, 0x000000072c400000, 0x000000072c400000|100%| O|Cm|TAMS 0x000000072c200000| PB 0x000000072c200000| Complete 
| 354|0x000000072c400000, 0x000000072c600000, 0x000000072c600000|100%| O|Cm|TAMS 0x000000072c400000| PB 0x000000072c400000| Complete 
| 355|0x000000072c600000, 0x000000072c800000, 0x000000072c800000|100%| O|Cm|TAMS 0x000000072c600000| PB 0x000000072c600000| Complete 
| 356|0x000000072c800000, 0x000000072ca00000, 0x000000072ca00000|100%| O|Cm|TAMS 0x000000072c800000| PB 0x000000072c800000| Complete 
| 357|0x000000072ca00000, 0x000000072cc00000, 0x000000072cc00000|100%| O|Cm|TAMS 0x000000072ca00000| PB 0x000000072ca00000| Complete 
| 358|0x000000072cc00000, 0x000000072ce00000, 0x000000072ce00000|100%| O|Cm|TAMS 0x000000072cc00000| PB 0x000000072cc00000| Complete 
| 359|0x000000072ce00000, 0x000000072d000000, 0x000000072d000000|100%| O|Cm|TAMS 0x000000072ce00000| PB 0x000000072ce00000| Complete 
| 360|0x000000072d000000, 0x000000072d200000, 0x000000072d200000|100%| O|Cm|TAMS 0x000000072d000000| PB 0x000000072d000000| Complete 
| 361|0x000000072d200000, 0x000000072d400000, 0x000000072d400000|100%| O|Cm|TAMS 0x000000072d200000| PB 0x000000072d200000| Complete 
| 362|0x000000072d400000, 0x000000072d600000, 0x000000072d600000|100%| O|Cm|TAMS 0x000000072d400000| PB 0x000000072d400000| Complete 
| 363|0x000000072d600000, 0x000000072d800000, 0x000000072d800000|100%| O|Cm|TAMS 0x000000072d600000| PB 0x000000072d600000| Complete 
| 364|0x000000072d800000, 0x000000072da00000, 0x000000072da00000|100%|HS|  |TAMS 0x000000072d800000| PB 0x000000072d800000| Complete 
| 365|0x000000072da00000, 0x000000072dc00000, 0x000000072dc00000|100%|HC|  |TAMS 0x000000072da00000| PB 0x000000072da00000| Complete 
| 366|0x000000072dc00000, 0x000000072de00000, 0x000000072de00000|100%|HS|  |TAMS 0x000000072dc00000| PB 0x000000072dc00000| Complete 
| 367|0x000000072de00000, 0x000000072e000000, 0x000000072e000000|100%|HS|  |TAMS 0x000000072de00000| PB 0x000000072de00000| Complete 
| 368|0x000000072e000000, 0x000000072e200000, 0x000000072e200000|100%|HC|  |TAMS 0x000000072e000000| PB 0x000000072e000000| Complete 
| 369|0x000000072e200000, 0x000000072e400000, 0x000000072e400000|100%|HS|  |TAMS 0x000000072e200000| PB 0x000000072e200000| Complete 
| 370|0x000000072e400000, 0x000000072e600000, 0x000000072e600000|100%|HS|  |TAMS 0x000000072e400000| PB 0x000000072e400000| Complete 
| 371|0x000000072e600000, 0x000000072e800000, 0x000000072e800000|100%|HS|  |TAMS 0x000000072e600000| PB 0x000000072e600000| Complete 
| 372|0x000000072e800000, 0x000000072ea00000, 0x000000072ea00000|100%|HC|  |TAMS 0x000000072e800000| PB 0x000000072e800000| Complete 
| 373|0x000000072ea00000, 0x000000072ec00000, 0x000000072ec00000|100%|HS|  |TAMS 0x000000072ea00000| PB 0x000000072ea00000| Complete 
| 374|0x000000072ec00000, 0x000000072ee00000, 0x000000072ee00000|100%|HC|  |TAMS 0x000000072ec00000| PB 0x000000072ec00000| Complete 
| 375|0x000000072ee00000, 0x000000072f000000, 0x000000072f000000|100%|HS|  |TAMS 0x000000072ee00000| PB 0x000000072ee00000| Complete 
| 376|0x000000072f000000, 0x000000072f200000, 0x000000072f200000|100%|HS|  |TAMS 0x000000072f000000| PB 0x000000072f000000| Complete 
| 377|0x000000072f200000, 0x000000072f400000, 0x000000072f400000|100%|HS|  |TAMS 0x000000072f200000| PB 0x000000072f200000| Complete 
| 378|0x000000072f400000, 0x000000072f600000, 0x000000072f600000|100%|HS|  |TAMS 0x000000072f400000| PB 0x000000072f400000| Complete 
| 379|0x000000072f600000, 0x000000072f800000, 0x000000072f800000|100%|HS|  |TAMS 0x000000072f600000| PB 0x000000072f600000| Complete 
| 380|0x000000072f800000, 0x000000072fa00000, 0x000000072fa00000|100%|HS|  |TAMS 0x000000072f800000| PB 0x000000072f800000| Complete 
| 381|0x000000072fa00000, 0x000000072fc00000, 0x000000072fc00000|100%|HS|  |TAMS 0x000000072fa00000| PB 0x000000072fa00000| Complete 
| 382|0x000000072fc00000, 0x000000072fe00000, 0x000000072fe00000|100%|HS|  |TAMS 0x000000072fc00000| PB 0x000000072fc00000| Complete 
| 383|0x000000072fe00000, 0x0000000730000000, 0x0000000730000000|100%|HS|  |TAMS 0x000000072fe00000| PB 0x000000072fe00000| Complete 
| 384|0x0000000730000000, 0x0000000730200000, 0x0000000730200000|100%|HS|  |TAMS 0x0000000730000000| PB 0x0000000730000000| Complete 
| 385|0x0000000730200000, 0x0000000730400000, 0x0000000730400000|100%|HS|  |TAMS 0x0000000730200000| PB 0x0000000730200000| Complete 
| 386|0x0000000730400000, 0x0000000730600000, 0x0000000730600000|100%|HS|  |TAMS 0x0000000730400000| PB 0x0000000730400000| Complete 
| 387|0x0000000730600000, 0x0000000730800000, 0x0000000730800000|100%|HS|  |TAMS 0x0000000730600000| PB 0x0000000730600000| Complete 
| 388|0x0000000730800000, 0x0000000730a00000, 0x0000000730a00000|100%|HS|  |TAMS 0x0000000730800000| PB 0x0000000730800000| Complete 
| 389|0x0000000730a00000, 0x0000000730c00000, 0x0000000730c00000|100%|HS|  |TAMS 0x0000000730a00000| PB 0x0000000730a00000| Complete 
| 390|0x0000000730c00000, 0x0000000730e00000, 0x0000000730e00000|100%|HS|  |TAMS 0x0000000730c00000| PB 0x0000000730c00000| Complete 
| 391|0x0000000730e00000, 0x0000000731000000, 0x0000000731000000|100%|HS|  |TAMS 0x0000000730e00000| PB 0x0000000730e00000| Complete 
| 392|0x0000000731000000, 0x0000000731200000, 0x0000000731200000|100%| O|  |TAMS 0x0000000731000000| PB 0x0000000731000000| Untracked 
| 393|0x0000000731200000, 0x0000000731400000, 0x0000000731400000|100%| O|  |TAMS 0x0000000731200000| PB 0x0000000731200000| Untracked 
| 394|0x0000000731400000, 0x0000000731600000, 0x0000000731600000|100%| O|  |TAMS 0x0000000731400000| PB 0x0000000731400000| Untracked 
| 395|0x0000000731600000, 0x0000000731800000, 0x0000000731800000|100%| O|  |TAMS 0x0000000731600000| PB 0x0000000731600000| Untracked 
| 396|0x0000000731800000, 0x0000000731a00000, 0x0000000731a00000|100%| O|  |TAMS 0x0000000731800000| PB 0x0000000731800000| Untracked 
| 397|0x0000000731a00000, 0x0000000731c00000, 0x0000000731c00000|100%| O|  |TAMS 0x0000000731a00000| PB 0x0000000731a00000| Untracked 
| 398|0x0000000731c00000, 0x0000000731e00000, 0x0000000731e00000|100%| O|  |TAMS 0x0000000731c00000| PB 0x0000000731c00000| Untracked 
| 399|0x0000000731e00000, 0x0000000732000000, 0x0000000732000000|100%| O|  |TAMS 0x0000000731e00000| PB 0x0000000731e00000| Untracked 
| 400|0x0000000732000000, 0x0000000732200000, 0x0000000732200000|100%| O|  |TAMS 0x0000000732000000| PB 0x0000000732000000| Untracked 
| 401|0x0000000732200000, 0x0000000732400000, 0x0000000732400000|100%| O|  |TAMS 0x0000000732200000| PB 0x0000000732200000| Untracked 
| 402|0x0000000732400000, 0x0000000732600000, 0x0000000732600000|100%| O|  |TAMS 0x0000000732400000| PB 0x0000000732400000| Untracked 
| 403|0x0000000732600000, 0x0000000732800000, 0x0000000732800000|100%| O|  |TAMS 0x0000000732600000| PB 0x0000000732600000| Untracked 
| 404|0x0000000732800000, 0x0000000732a00000, 0x0000000732a00000|100%|HS|  |TAMS 0x0000000732800000| PB 0x0000000732800000| Complete 
| 405|0x0000000732a00000, 0x0000000732c00000, 0x0000000732c00000|100%|HS|  |TAMS 0x0000000732a00000| PB 0x0000000732a00000| Complete 
| 406|0x0000000732c00000, 0x0000000732e00000, 0x0000000732e00000|100%|HS|  |TAMS 0x0000000732c00000| PB 0x0000000732c00000| Complete 
| 407|0x0000000732e00000, 0x0000000733000000, 0x0000000733000000|100%|HS|  |TAMS 0x0000000732e00000| PB 0x0000000732e00000| Complete 
| 408|0x0000000733000000, 0x0000000733200000, 0x0000000733200000|100%|HS|  |TAMS 0x0000000733000000| PB 0x0000000733000000| Complete 
| 409|0x0000000733200000, 0x0000000733400000, 0x0000000733400000|100%|HS|  |TAMS 0x0000000733200000| PB 0x0000000733200000| Complete 
| 410|0x0000000733400000, 0x0000000733600000, 0x0000000733600000|100%|HS|  |TAMS 0x0000000733400000| PB 0x0000000733400000| Complete 
| 411|0x0000000733600000, 0x0000000733800000, 0x0000000733800000|100%|HS|  |TAMS 0x0000000733600000| PB 0x0000000733600000| Complete 
| 412|0x0000000733800000, 0x0000000733a00000, 0x0000000733a00000|100%|HS|  |TAMS 0x0000000733800000| PB 0x0000000733800000| Complete 
| 413|0x0000000733a00000, 0x0000000733c00000, 0x0000000733c00000|100%|HS|  |TAMS 0x0000000733a00000| PB 0x0000000733a00000| Complete 
| 414|0x0000000733c00000, 0x0000000733e00000, 0x0000000733e00000|100%|HS|  |TAMS 0x0000000733c00000| PB 0x0000000733c00000| Complete 
| 415|0x0000000733e00000, 0x0000000734000000, 0x0000000734000000|100%|HS|  |TAMS 0x0000000733e00000| PB 0x0000000733e00000| Complete 
| 416|0x0000000734000000, 0x0000000734200000, 0x0000000734200000|100%|HS|  |TAMS 0x0000000734000000| PB 0x0000000734000000| Complete 
| 417|0x0000000734200000, 0x0000000734400000, 0x0000000734400000|100%|HS|  |TAMS 0x0000000734200000| PB 0x0000000734200000| Complete 
| 418|0x0000000734400000, 0x0000000734600000, 0x0000000734600000|100%|HS|  |TAMS 0x0000000734400000| PB 0x0000000734400000| Complete 
| 419|0x0000000734600000, 0x000000073479e700, 0x0000000734800000| 80%| O|  |TAMS 0x0000000734600000| PB 0x0000000734600000| Untracked 
| 420|0x0000000734800000, 0x0000000734a00000, 0x0000000734a00000|100%|HS|  |TAMS 0x0000000734800000| PB 0x0000000734800000| Complete 
| 421|0x0000000734a00000, 0x0000000734c00000, 0x0000000734c00000|100%|HS|  |TAMS 0x0000000734a00000| PB 0x0000000734a00000| Complete 
| 422|0x0000000734c00000, 0x0000000734e00000, 0x0000000734e00000|100%|HS|  |TAMS 0x0000000734c00000| PB 0x0000000734c00000| Complete 
| 423|0x0000000734e00000, 0x0000000735000000, 0x0000000735000000|100%|HS|  |TAMS 0x0000000734e00000| PB 0x0000000734e00000| Complete 
| 424|0x0000000735000000, 0x0000000735200000, 0x0000000735200000|100%|HS|  |TAMS 0x0000000735000000| PB 0x0000000735000000| Complete 
| 425|0x0000000735200000, 0x0000000735400000, 0x0000000735400000|100%|HS|  |TAMS 0x0000000735200000| PB 0x0000000735200000| Complete 
| 426|0x0000000735400000, 0x0000000735600000, 0x0000000735600000|100%|HS|  |TAMS 0x0000000735400000| PB 0x0000000735400000| Complete 
| 427|0x0000000735600000, 0x0000000735800000, 0x0000000735800000|100%|HS|  |TAMS 0x0000000735600000| PB 0x0000000735600000| Complete 
| 428|0x0000000735800000, 0x0000000735a00000, 0x0000000735a00000|100%|HS|  |TAMS 0x0000000735800000| PB 0x0000000735800000| Complete 
| 429|0x0000000735a00000, 0x0000000735c00000, 0x0000000735c00000|100%|HS|  |TAMS 0x0000000735a00000| PB 0x0000000735a00000| Complete 
| 430|0x0000000735c00000, 0x0000000735e00000, 0x0000000735e00000|100%|HS|  |TAMS 0x0000000735c00000| PB 0x0000000735c00000| Complete 
| 431|0x0000000735e00000, 0x0000000736000000, 0x0000000736000000|100%|HS|  |TAMS 0x0000000735e00000| PB 0x0000000735e00000| Complete 
| 432|0x0000000736000000, 0x0000000736200000, 0x0000000736200000|100%|HS|  |TAMS 0x0000000736000000| PB 0x0000000736000000| Complete 
| 433|0x0000000736200000, 0x0000000736400000, 0x0000000736400000|100%|HS|  |TAMS 0x0000000736200000| PB 0x0000000736200000| Complete 
| 434|0x0000000736400000, 0x0000000736600000, 0x0000000736600000|100%|HS|  |TAMS 0x0000000736400000| PB 0x0000000736400000| Complete 
| 435|0x0000000736600000, 0x0000000736800000, 0x0000000736800000|100%|HS|  |TAMS 0x0000000736600000| PB 0x0000000736600000| Complete 
| 436|0x0000000736800000, 0x0000000736a00000, 0x0000000736a00000|100%|HS|  |TAMS 0x0000000736800000| PB 0x0000000736800000| Complete 
| 437|0x0000000736a00000, 0x0000000736c00000, 0x0000000736c00000|100%|HS|  |TAMS 0x0000000736a00000| PB 0x0000000736a00000| Complete 
| 438|0x0000000736c00000, 0x0000000736e00000, 0x0000000736e00000|100%|HS|  |TAMS 0x0000000736c00000| PB 0x0000000736c00000| Complete 
| 439|0x0000000736e00000, 0x0000000737000000, 0x0000000737000000|100%|HS|  |TAMS 0x0000000736e00000| PB 0x0000000736e00000| Complete 
| 440|0x0000000737000000, 0x0000000737200000, 0x0000000737200000|100%|HS|  |TAMS 0x0000000737000000| PB 0x0000000737000000| Complete 
| 441|0x0000000737200000, 0x0000000737400000, 0x0000000737400000|100%|HS|  |TAMS 0x0000000737200000| PB 0x0000000737200000| Complete 
| 442|0x0000000737400000, 0x0000000737600000, 0x0000000737600000|100%|HS|  |TAMS 0x0000000737400000| PB 0x0000000737400000| Complete 
| 443|0x0000000737600000, 0x0000000737800000, 0x0000000737800000|100%|HS|  |TAMS 0x0000000737600000| PB 0x0000000737600000| Complete 
| 444|0x0000000737800000, 0x0000000737a00000, 0x0000000737a00000|100%|HS|  |TAMS 0x0000000737800000| PB 0x0000000737800000| Complete 
| 445|0x0000000737a00000, 0x0000000737c00000, 0x0000000737c00000|100%|HS|  |TAMS 0x0000000737a00000| PB 0x0000000737a00000| Complete 
| 446|0x0000000737c00000, 0x0000000737e00000, 0x0000000737e00000|100%|HS|  |TAMS 0x0000000737c00000| PB 0x0000000737c00000| Complete 
| 447|0x0000000737e00000, 0x0000000738000000, 0x0000000738000000|100%|HS|  |TAMS 0x0000000737e00000| PB 0x0000000737e00000| Complete 
| 448|0x0000000738000000, 0x0000000738200000, 0x0000000738200000|100%|HS|  |TAMS 0x0000000738000000| PB 0x0000000738000000| Complete 
| 449|0x0000000738200000, 0x0000000738400000, 0x0000000738400000|100%|HS|  |TAMS 0x0000000738200000| PB 0x0000000738200000| Complete 
| 450|0x0000000738400000, 0x0000000738600000, 0x0000000738600000|100%|HS|  |TAMS 0x0000000738400000| PB 0x0000000738400000| Complete 
| 451|0x0000000738600000, 0x0000000738800000, 0x0000000738800000|100%|HS|  |TAMS 0x0000000738600000| PB 0x0000000738600000| Complete 
| 452|0x0000000738800000, 0x0000000738a00000, 0x0000000738a00000|100%|HS|  |TAMS 0x0000000738800000| PB 0x0000000738800000| Complete 
| 453|0x0000000738a00000, 0x0000000738c00000, 0x0000000738c00000|100%|HS|  |TAMS 0x0000000738a00000| PB 0x0000000738a00000| Complete 
| 454|0x0000000738c00000, 0x0000000738e00000, 0x0000000738e00000|100%|HS|  |TAMS 0x0000000738c00000| PB 0x0000000738c00000| Complete 
| 455|0x0000000738e00000, 0x0000000739000000, 0x0000000739000000|100%|HS|  |TAMS 0x0000000738e00000| PB 0x0000000738e00000| Complete 
| 456|0x0000000739000000, 0x0000000739200000, 0x0000000739200000|100%|HS|  |TAMS 0x0000000739000000| PB 0x0000000739000000| Complete 
| 457|0x0000000739200000, 0x0000000739400000, 0x0000000739400000|100%|HS|  |TAMS 0x0000000739200000| PB 0x0000000739200000| Complete 
| 458|0x0000000739400000, 0x0000000739600000, 0x0000000739600000|100%|HS|  |TAMS 0x0000000739400000| PB 0x0000000739400000| Complete 
| 459|0x0000000739600000, 0x0000000739800000, 0x0000000739800000|100%|HS|  |TAMS 0x0000000739600000| PB 0x0000000739600000| Complete 
| 460|0x0000000739800000, 0x0000000739a00000, 0x0000000739a00000|100%|HS|  |TAMS 0x0000000739800000| PB 0x0000000739800000| Complete 
| 461|0x0000000739a00000, 0x0000000739c00000, 0x0000000739c00000|100%|HS|  |TAMS 0x0000000739a00000| PB 0x0000000739a00000| Complete 
| 462|0x0000000739c00000, 0x0000000739e00000, 0x0000000739e00000|100%|HS|  |TAMS 0x0000000739c00000| PB 0x0000000739c00000| Complete 
| 463|0x0000000739e00000, 0x000000073a000000, 0x000000073a000000|100%|HS|  |TAMS 0x0000000739e00000| PB 0x0000000739e00000| Complete 
| 464|0x000000073a000000, 0x000000073a200000, 0x000000073a200000|100%|HS|  |TAMS 0x000000073a000000| PB 0x000000073a000000| Complete 
| 465|0x000000073a200000, 0x000000073a400000, 0x000000073a400000|100%|HS|  |TAMS 0x000000073a200000| PB 0x000000073a200000| Complete 
| 466|0x000000073a400000, 0x000000073a600000, 0x000000073a600000|100%|HS|  |TAMS 0x000000073a400000| PB 0x000000073a400000| Complete 
| 467|0x000000073a600000, 0x000000073a800000, 0x000000073a800000|100%|HS|  |TAMS 0x000000073a600000| PB 0x000000073a600000| Complete 
| 468|0x000000073a800000, 0x000000073aa00000, 0x000000073aa00000|100%|HS|  |TAMS 0x000000073a800000| PB 0x000000073a800000| Complete 
| 469|0x000000073aa00000, 0x000000073ac00000, 0x000000073ac00000|100%|HS|  |TAMS 0x000000073aa00000| PB 0x000000073aa00000| Complete 
| 470|0x000000073ac00000, 0x000000073ae00000, 0x000000073ae00000|100%|HS|  |TAMS 0x000000073ac00000| PB 0x000000073ac00000| Complete 
| 471|0x000000073ae00000, 0x000000073b000000, 0x000000073b000000|100%|HS|  |TAMS 0x000000073ae00000| PB 0x000000073ae00000| Complete 
| 472|0x000000073b000000, 0x000000073b200000, 0x000000073b200000|100%|HS|  |TAMS 0x000000073b000000| PB 0x000000073b000000| Complete 
| 473|0x000000073b200000, 0x000000073b400000, 0x000000073b400000|100%|HS|  |TAMS 0x000000073b200000| PB 0x000000073b200000| Complete 
| 474|0x000000073b400000, 0x000000073b600000, 0x000000073b600000|100%|HS|  |TAMS 0x000000073b400000| PB 0x000000073b400000| Complete 
| 475|0x000000073b600000, 0x000000073b800000, 0x000000073b800000|100%|HS|  |TAMS 0x000000073b600000| PB 0x000000073b600000| Complete 
| 476|0x000000073b800000, 0x000000073ba00000, 0x000000073ba00000|100%|HS|  |TAMS 0x000000073b800000| PB 0x000000073b800000| Complete 
| 477|0x000000073ba00000, 0x000000073bc00000, 0x000000073bc00000|100%|HS|  |TAMS 0x000000073ba00000| PB 0x000000073ba00000| Complete 
| 478|0x000000073bc00000, 0x000000073be00000, 0x000000073be00000|100%|HS|  |TAMS 0x000000073bc00000| PB 0x000000073bc00000| Complete 
| 479|0x000000073be00000, 0x000000073c000000, 0x000000073c000000|100%|HS|  |TAMS 0x000000073be00000| PB 0x000000073be00000| Complete 
| 480|0x000000073c000000, 0x000000073c200000, 0x000000073c200000|100%|HS|  |TAMS 0x000000073c000000| PB 0x000000073c000000| Complete 
| 481|0x000000073c200000, 0x000000073c400000, 0x000000073c400000|100%|HS|  |TAMS 0x000000073c200000| PB 0x000000073c200000| Complete 
| 482|0x000000073c400000, 0x000000073c600000, 0x000000073c600000|100%|HS|  |TAMS 0x000000073c400000| PB 0x000000073c400000| Complete 
| 483|0x000000073c600000, 0x000000073c800000, 0x000000073c800000|100%|HS|  |TAMS 0x000000073c600000| PB 0x000000073c600000| Complete 
| 484|0x000000073c800000, 0x000000073ca00000, 0x000000073ca00000|100%|HS|  |TAMS 0x000000073c800000| PB 0x000000073c800000| Complete 
| 485|0x000000073ca00000, 0x000000073cc00000, 0x000000073cc00000|100%|HS|  |TAMS 0x000000073ca00000| PB 0x000000073ca00000| Complete 
| 486|0x000000073cc00000, 0x000000073ce00000, 0x000000073ce00000|100%|HS|  |TAMS 0x000000073cc00000| PB 0x000000073cc00000| Complete 
| 487|0x000000073ce00000, 0x000000073d000000, 0x000000073d000000|100%|HS|  |TAMS 0x000000073ce00000| PB 0x000000073ce00000| Complete 
| 488|0x000000073d000000, 0x000000073d200000, 0x000000073d200000|100%|HS|  |TAMS 0x000000073d000000| PB 0x000000073d000000| Complete 
| 489|0x000000073d200000, 0x000000073d400000, 0x000000073d400000|100%|HS|  |TAMS 0x000000073d200000| PB 0x000000073d200000| Complete 
| 490|0x000000073d400000, 0x000000073d600000, 0x000000073d600000|100%|HS|  |TAMS 0x000000073d400000| PB 0x000000073d400000| Complete 
| 491|0x000000073d600000, 0x000000073d800000, 0x000000073d800000|100%|HS|  |TAMS 0x000000073d600000| PB 0x000000073d600000| Complete 
| 492|0x000000073d800000, 0x000000073da00000, 0x000000073da00000|100%|HS|  |TAMS 0x000000073d800000| PB 0x000000073d800000| Complete 
| 493|0x000000073da00000, 0x000000073dc00000, 0x000000073dc00000|100%|HS|  |TAMS 0x000000073da00000| PB 0x000000073da00000| Complete 
| 494|0x000000073dc00000, 0x000000073de00000, 0x000000073de00000|100%|HS|  |TAMS 0x000000073dc00000| PB 0x000000073dc00000| Complete 
| 495|0x000000073de00000, 0x000000073e000000, 0x000000073e000000|100%|HS|  |TAMS 0x000000073de00000| PB 0x000000073de00000| Complete 
| 496|0x000000073e000000, 0x000000073e200000, 0x000000073e200000|100%|HS|  |TAMS 0x000000073e000000| PB 0x000000073e000000| Complete 
| 497|0x000000073e200000, 0x000000073e400000, 0x000000073e400000|100%|HS|  |TAMS 0x000000073e200000| PB 0x000000073e200000| Complete 
| 498|0x000000073e400000, 0x000000073e600000, 0x000000073e600000|100%|HS|  |TAMS 0x000000073e400000| PB 0x000000073e400000| Complete 
| 499|0x000000073e600000, 0x000000073e800000, 0x000000073e800000|100%|HS|  |TAMS 0x000000073e600000| PB 0x000000073e600000| Complete 
| 500|0x000000073e800000, 0x000000073ea00000, 0x000000073ea00000|100%|HS|  |TAMS 0x000000073e800000| PB 0x000000073e800000| Complete 
| 501|0x000000073ea00000, 0x000000073ec00000, 0x000000073ec00000|100%|HS|  |TAMS 0x000000073ea00000| PB 0x000000073ea00000| Complete 
| 502|0x000000073ec00000, 0x000000073ee00000, 0x000000073ee00000|100%|HS|  |TAMS 0x000000073ec00000| PB 0x000000073ec00000| Complete 
| 503|0x000000073ee00000, 0x000000073f000000, 0x000000073f000000|100%|HS|  |TAMS 0x000000073ee00000| PB 0x000000073ee00000| Complete 
| 504|0x000000073f000000, 0x000000073f200000, 0x000000073f200000|100%|HS|  |TAMS 0x000000073f000000| PB 0x000000073f000000| Complete 
| 505|0x000000073f200000, 0x000000073f400000, 0x000000073f400000|100%|HS|  |TAMS 0x000000073f200000| PB 0x000000073f200000| Complete 
| 506|0x000000073f400000, 0x000000073f600000, 0x000000073f600000|100%|HS|  |TAMS 0x000000073f400000| PB 0x000000073f400000| Complete 
| 507|0x000000073f600000, 0x000000073f800000, 0x000000073f800000|100%|HS|  |TAMS 0x000000073f600000| PB 0x000000073f600000| Complete 
| 508|0x000000073f800000, 0x000000073fa00000, 0x000000073fa00000|100%|HS|  |TAMS 0x000000073f800000| PB 0x000000073f800000| Complete 
| 509|0x000000073fa00000, 0x000000073fc00000, 0x000000073fc00000|100%|HS|  |TAMS 0x000000073fa00000| PB 0x000000073fa00000| Complete 
| 510|0x000000073fc00000, 0x000000073fe00000, 0x000000073fe00000|100%|HS|  |TAMS 0x000000073fc00000| PB 0x000000073fc00000| Complete 
| 511|0x000000073fe00000, 0x0000000740000000, 0x0000000740000000|100%|HS|  |TAMS 0x000000073fe00000| PB 0x000000073fe00000| Complete 
| 512|0x0000000740000000, 0x0000000740200000, 0x0000000740200000|100%|HS|  |TAMS 0x0000000740000000| PB 0x0000000740000000| Complete 
| 513|0x0000000740200000, 0x0000000740400000, 0x0000000740400000|100%|HS|  |TAMS 0x0000000740200000| PB 0x0000000740200000| Complete 
| 514|0x0000000740400000, 0x0000000740600000, 0x0000000740600000|100%|HS|  |TAMS 0x0000000740400000| PB 0x0000000740400000| Complete 
| 515|0x0000000740600000, 0x0000000740800000, 0x0000000740800000|100%|HS|  |TAMS 0x0000000740600000| PB 0x0000000740600000| Complete 
| 516|0x0000000740800000, 0x0000000740a00000, 0x0000000740a00000|100%|HS|  |TAMS 0x0000000740800000| PB 0x0000000740800000| Complete 
| 517|0x0000000740a00000, 0x0000000740c00000, 0x0000000740c00000|100%|HS|  |TAMS 0x0000000740a00000| PB 0x0000000740a00000| Complete 
| 518|0x0000000740c00000, 0x0000000740e00000, 0x0000000740e00000|100%|HS|  |TAMS 0x0000000740c00000| PB 0x0000000740c00000| Complete 
| 519|0x0000000740e00000, 0x0000000741000000, 0x0000000741000000|100%|HS|  |TAMS 0x0000000740e00000| PB 0x0000000740e00000| Complete 
| 520|0x0000000741000000, 0x0000000741200000, 0x0000000741200000|100%|HS|  |TAMS 0x0000000741000000| PB 0x0000000741000000| Complete 
| 521|0x0000000741200000, 0x0000000741400000, 0x0000000741400000|100%|HS|  |TAMS 0x0000000741200000| PB 0x0000000741200000| Complete 
| 522|0x0000000741400000, 0x0000000741600000, 0x0000000741600000|100%|HS|  |TAMS 0x0000000741400000| PB 0x0000000741400000| Complete 
| 523|0x0000000741600000, 0x0000000741800000, 0x0000000741800000|100%|HS|  |TAMS 0x0000000741600000| PB 0x0000000741600000| Complete 
| 524|0x0000000741800000, 0x0000000741a00000, 0x0000000741a00000|100%|HS|  |TAMS 0x0000000741800000| PB 0x0000000741800000| Complete 
| 525|0x0000000741a00000, 0x0000000741c00000, 0x0000000741c00000|100%|HS|  |TAMS 0x0000000741a00000| PB 0x0000000741a00000| Complete 
| 526|0x0000000741c00000, 0x0000000741e00000, 0x0000000741e00000|100%|HS|  |TAMS 0x0000000741c00000| PB 0x0000000741c00000| Complete 
| 527|0x0000000741e00000, 0x0000000742000000, 0x0000000742000000|100%|HS|  |TAMS 0x0000000741e00000| PB 0x0000000741e00000| Complete 
| 528|0x0000000742000000, 0x0000000742200000, 0x0000000742200000|100%|HS|  |TAMS 0x0000000742000000| PB 0x0000000742000000| Complete 
| 529|0x0000000742200000, 0x0000000742400000, 0x0000000742400000|100%|HS|  |TAMS 0x0000000742200000| PB 0x0000000742200000| Complete 
| 530|0x0000000742400000, 0x0000000742600000, 0x0000000742600000|100%|HS|  |TAMS 0x0000000742400000| PB 0x0000000742400000| Complete 
| 531|0x0000000742600000, 0x0000000742800000, 0x0000000742800000|100%|HS|  |TAMS 0x0000000742600000| PB 0x0000000742600000| Complete 
| 532|0x0000000742800000, 0x0000000742a00000, 0x0000000742a00000|100%|HS|  |TAMS 0x0000000742800000| PB 0x0000000742800000| Complete 
| 533|0x0000000742a00000, 0x0000000742c00000, 0x0000000742c00000|100%|HS|  |TAMS 0x0000000742a00000| PB 0x0000000742a00000| Complete 
| 534|0x0000000742c00000, 0x0000000742e00000, 0x0000000742e00000|100%|HS|  |TAMS 0x0000000742c00000| PB 0x0000000742c00000| Complete 
| 535|0x0000000742e00000, 0x0000000743000000, 0x0000000743000000|100%|HS|  |TAMS 0x0000000742e00000| PB 0x0000000742e00000| Complete 
| 536|0x0000000743000000, 0x0000000743200000, 0x0000000743200000|100%|HS|  |TAMS 0x0000000743000000| PB 0x0000000743000000| Complete 
| 537|0x0000000743200000, 0x0000000743400000, 0x0000000743400000|100%|HS|  |TAMS 0x0000000743200000| PB 0x0000000743200000| Complete 
| 538|0x0000000743400000, 0x0000000743600000, 0x0000000743600000|100%|HS|  |TAMS 0x0000000743400000| PB 0x0000000743400000| Complete 
| 539|0x0000000743600000, 0x0000000743800000, 0x0000000743800000|100%|HS|  |TAMS 0x0000000743600000| PB 0x0000000743600000| Complete 
| 540|0x0000000743800000, 0x0000000743a00000, 0x0000000743a00000|100%|HS|  |TAMS 0x0000000743800000| PB 0x0000000743800000| Complete 
| 541|0x0000000743a00000, 0x0000000743c00000, 0x0000000743c00000|100%|HS|  |TAMS 0x0000000743a00000| PB 0x0000000743a00000| Complete 
| 542|0x0000000743c00000, 0x0000000743e00000, 0x0000000743e00000|100%|HS|  |TAMS 0x0000000743c00000| PB 0x0000000743c00000| Complete 
| 543|0x0000000743e00000, 0x0000000744000000, 0x0000000744000000|100%|HS|  |TAMS 0x0000000743e00000| PB 0x0000000743e00000| Complete 
| 544|0x0000000744000000, 0x0000000744200000, 0x0000000744200000|100%|HS|  |TAMS 0x0000000744000000| PB 0x0000000744000000| Complete 
| 545|0x0000000744200000, 0x0000000744400000, 0x0000000744400000|100%|HS|  |TAMS 0x0000000744200000| PB 0x0000000744200000| Complete 
| 546|0x0000000744400000, 0x0000000744600000, 0x0000000744600000|100%|HS|  |TAMS 0x0000000744400000| PB 0x0000000744400000| Complete 
| 547|0x0000000744600000, 0x0000000744800000, 0x0000000744800000|100%|HS|  |TAMS 0x0000000744600000| PB 0x0000000744600000| Complete 
| 548|0x0000000744800000, 0x0000000744a00000, 0x0000000744a00000|100%|HS|  |TAMS 0x0000000744800000| PB 0x0000000744800000| Complete 
| 549|0x0000000744a00000, 0x0000000744c00000, 0x0000000744c00000|100%|HS|  |TAMS 0x0000000744a00000| PB 0x0000000744a00000| Complete 
| 550|0x0000000744c00000, 0x0000000744e00000, 0x0000000744e00000|100%|HS|  |TAMS 0x0000000744c00000| PB 0x0000000744c00000| Complete 
| 551|0x0000000744e00000, 0x0000000745000000, 0x0000000745000000|100%|HS|  |TAMS 0x0000000744e00000| PB 0x0000000744e00000| Complete 
| 552|0x0000000745000000, 0x0000000745200000, 0x0000000745200000|100%|HS|  |TAMS 0x0000000745000000| PB 0x0000000745000000| Complete 
| 553|0x0000000745200000, 0x0000000745400000, 0x0000000745400000|100%|HS|  |TAMS 0x0000000745200000| PB 0x0000000745200000| Complete 
| 554|0x0000000745400000, 0x0000000745600000, 0x0000000745600000|100%|HS|  |TAMS 0x0000000745400000| PB 0x0000000745400000| Complete 
| 555|0x0000000745600000, 0x0000000745800000, 0x0000000745800000|100%|HS|  |TAMS 0x0000000745600000| PB 0x0000000745600000| Complete 
| 556|0x0000000745800000, 0x0000000745a00000, 0x0000000745a00000|100%|HS|  |TAMS 0x0000000745800000| PB 0x0000000745800000| Complete 
| 557|0x0000000745a00000, 0x0000000745c00000, 0x0000000745c00000|100%|HS|  |TAMS 0x0000000745a00000| PB 0x0000000745a00000| Complete 
| 558|0x0000000745c00000, 0x0000000745e00000, 0x0000000745e00000|100%|HS|  |TAMS 0x0000000745c00000| PB 0x0000000745c00000| Complete 
| 559|0x0000000745e00000, 0x0000000746000000, 0x0000000746000000|100%|HS|  |TAMS 0x0000000745e00000| PB 0x0000000745e00000| Complete 
| 560|0x0000000746000000, 0x0000000746200000, 0x0000000746200000|100%|HS|  |TAMS 0x0000000746000000| PB 0x0000000746000000| Complete 
| 561|0x0000000746200000, 0x0000000746400000, 0x0000000746400000|100%|HS|  |TAMS 0x0000000746200000| PB 0x0000000746200000| Complete 
| 562|0x0000000746400000, 0x0000000746600000, 0x0000000746600000|100%|HS|  |TAMS 0x0000000746400000| PB 0x0000000746400000| Complete 
| 563|0x0000000746600000, 0x0000000746800000, 0x0000000746800000|100%|HS|  |TAMS 0x0000000746600000| PB 0x0000000746600000| Complete 
| 564|0x0000000746800000, 0x0000000746a00000, 0x0000000746a00000|100%|HS|  |TAMS 0x0000000746800000| PB 0x0000000746800000| Complete 
| 565|0x0000000746a00000, 0x0000000746c00000, 0x0000000746c00000|100%|HS|  |TAMS 0x0000000746a00000| PB 0x0000000746a00000| Complete 
| 566|0x0000000746c00000, 0x0000000746e00000, 0x0000000746e00000|100%|HS|  |TAMS 0x0000000746c00000| PB 0x0000000746c00000| Complete 
| 567|0x0000000746e00000, 0x0000000747000000, 0x0000000747000000|100%|HS|  |TAMS 0x0000000746e00000| PB 0x0000000746e00000| Complete 
| 568|0x0000000747000000, 0x0000000747200000, 0x0000000747200000|100%|HS|  |TAMS 0x0000000747000000| PB 0x0000000747000000| Complete 
| 569|0x0000000747200000, 0x0000000747400000, 0x0000000747400000|100%|HS|  |TAMS 0x0000000747200000| PB 0x0000000747200000| Complete 
| 570|0x0000000747400000, 0x0000000747600000, 0x0000000747600000|100%|HS|  |TAMS 0x0000000747400000| PB 0x0000000747400000| Complete 
| 571|0x0000000747600000, 0x0000000747800000, 0x0000000747800000|100%|HS|  |TAMS 0x0000000747600000| PB 0x0000000747600000| Complete 
| 572|0x0000000747800000, 0x0000000747a00000, 0x0000000747a00000|100%|HS|  |TAMS 0x0000000747800000| PB 0x0000000747800000| Complete 
| 573|0x0000000747a00000, 0x0000000747c00000, 0x0000000747c00000|100%|HS|  |TAMS 0x0000000747a00000| PB 0x0000000747a00000| Complete 
| 574|0x0000000747c00000, 0x0000000747e00000, 0x0000000747e00000|100%|HS|  |TAMS 0x0000000747c00000| PB 0x0000000747c00000| Complete 
| 575|0x0000000747e00000, 0x0000000748000000, 0x0000000748000000|100%|HS|  |TAMS 0x0000000747e00000| PB 0x0000000747e00000| Complete 
| 576|0x0000000748000000, 0x0000000748200000, 0x0000000748200000|100%|HS|  |TAMS 0x0000000748000000| PB 0x0000000748000000| Complete 
| 577|0x0000000748200000, 0x0000000748400000, 0x0000000748400000|100%|HS|  |TAMS 0x0000000748200000| PB 0x0000000748200000| Complete 
| 578|0x0000000748400000, 0x0000000748600000, 0x0000000748600000|100%|HS|  |TAMS 0x0000000748400000| PB 0x0000000748400000| Complete 
| 579|0x0000000748600000, 0x0000000748800000, 0x0000000748800000|100%|HS|  |TAMS 0x0000000748600000| PB 0x0000000748600000| Complete 
| 580|0x0000000748800000, 0x0000000748a00000, 0x0000000748a00000|100%|HS|  |TAMS 0x0000000748800000| PB 0x0000000748800000| Complete 
| 581|0x0000000748a00000, 0x0000000748c00000, 0x0000000748c00000|100%|HS|  |TAMS 0x0000000748a00000| PB 0x0000000748a00000| Complete 
| 582|0x0000000748c00000, 0x0000000748e00000, 0x0000000748e00000|100%|HS|  |TAMS 0x0000000748c00000| PB 0x0000000748c00000| Complete 
| 583|0x0000000748e00000, 0x0000000749000000, 0x0000000749000000|100%|HS|  |TAMS 0x0000000748e00000| PB 0x0000000748e00000| Complete 
| 584|0x0000000749000000, 0x0000000749200000, 0x0000000749200000|100%|HS|  |TAMS 0x0000000749000000| PB 0x0000000749000000| Complete 
| 585|0x0000000749200000, 0x0000000749400000, 0x0000000749400000|100%|HS|  |TAMS 0x0000000749200000| PB 0x0000000749200000| Complete 
| 586|0x0000000749400000, 0x0000000749600000, 0x0000000749600000|100%|HS|  |TAMS 0x0000000749400000| PB 0x0000000749400000| Complete 
| 587|0x0000000749600000, 0x0000000749800000, 0x0000000749800000|100%|HS|  |TAMS 0x0000000749600000| PB 0x0000000749600000| Complete 
| 588|0x0000000749800000, 0x0000000749a00000, 0x0000000749a00000|100%|HS|  |TAMS 0x0000000749800000| PB 0x0000000749800000| Complete 
| 589|0x0000000749a00000, 0x0000000749c00000, 0x0000000749c00000|100%|HS|  |TAMS 0x0000000749a00000| PB 0x0000000749a00000| Complete 
| 590|0x0000000749c00000, 0x0000000749e00000, 0x0000000749e00000|100%|HS|  |TAMS 0x0000000749c00000| PB 0x0000000749c00000| Complete 
| 591|0x0000000749e00000, 0x000000074a000000, 0x000000074a000000|100%|HS|  |TAMS 0x0000000749e00000| PB 0x0000000749e00000| Complete 
| 592|0x000000074a000000, 0x000000074a200000, 0x000000074a200000|100%|HS|  |TAMS 0x000000074a000000| PB 0x000000074a000000| Complete 
| 593|0x000000074a200000, 0x000000074a400000, 0x000000074a400000|100%|HS|  |TAMS 0x000000074a200000| PB 0x000000074a200000| Complete 
| 594|0x000000074a400000, 0x000000074a600000, 0x000000074a600000|100%|HS|  |TAMS 0x000000074a400000| PB 0x000000074a400000| Complete 
| 595|0x000000074a600000, 0x000000074a800000, 0x000000074a800000|100%|HS|  |TAMS 0x000000074a600000| PB 0x000000074a600000| Complete 
| 596|0x000000074a800000, 0x000000074aa00000, 0x000000074aa00000|100%|HS|  |TAMS 0x000000074a800000| PB 0x000000074a800000| Complete 
| 597|0x000000074aa00000, 0x000000074ac00000, 0x000000074ac00000|100%|HS|  |TAMS 0x000000074aa00000| PB 0x000000074aa00000| Complete 
| 598|0x000000074ac00000, 0x000000074ae00000, 0x000000074ae00000|100%|HS|  |TAMS 0x000000074ac00000| PB 0x000000074ac00000| Complete 
| 599|0x000000074ae00000, 0x000000074b000000, 0x000000074b000000|100%|HS|  |TAMS 0x000000074ae00000| PB 0x000000074ae00000| Complete 
| 600|0x000000074b000000, 0x000000074b200000, 0x000000074b200000|100%|HS|  |TAMS 0x000000074b000000| PB 0x000000074b000000| Complete 
| 601|0x000000074b200000, 0x000000074b400000, 0x000000074b400000|100%|HS|  |TAMS 0x000000074b200000| PB 0x000000074b200000| Complete 
| 602|0x000000074b400000, 0x000000074b600000, 0x000000074b600000|100%|HS|  |TAMS 0x000000074b400000| PB 0x000000074b400000| Complete 
| 603|0x000000074b600000, 0x000000074b800000, 0x000000074b800000|100%|HS|  |TAMS 0x000000074b600000| PB 0x000000074b600000| Complete 
| 604|0x000000074b800000, 0x000000074ba00000, 0x000000074ba00000|100%|HS|  |TAMS 0x000000074b800000| PB 0x000000074b800000| Complete 
| 605|0x000000074ba00000, 0x000000074bc00000, 0x000000074bc00000|100%|HS|  |TAMS 0x000000074ba00000| PB 0x000000074ba00000| Complete 
| 606|0x000000074bc00000, 0x000000074be00000, 0x000000074be00000|100%|HS|  |TAMS 0x000000074bc00000| PB 0x000000074bc00000| Complete 
| 607|0x000000074be00000, 0x000000074c000000, 0x000000074c000000|100%|HS|  |TAMS 0x000000074be00000| PB 0x000000074be00000| Complete 
| 608|0x000000074c000000, 0x000000074c200000, 0x000000074c200000|100%|HS|  |TAMS 0x000000074c000000| PB 0x000000074c000000| Complete 
| 609|0x000000074c200000, 0x000000074c400000, 0x000000074c400000|100%|HS|  |TAMS 0x000000074c200000| PB 0x000000074c200000| Complete 
| 610|0x000000074c400000, 0x000000074c600000, 0x000000074c600000|100%|HS|  |TAMS 0x000000074c400000| PB 0x000000074c400000| Complete 
| 611|0x000000074c600000, 0x000000074c800000, 0x000000074c800000|100%|HS|  |TAMS 0x000000074c600000| PB 0x000000074c600000| Complete 
| 612|0x000000074c800000, 0x000000074ca00000, 0x000000074ca00000|100%|HS|  |TAMS 0x000000074c800000| PB 0x000000074c800000| Complete 
| 613|0x000000074ca00000, 0x000000074cc00000, 0x000000074cc00000|100%|HS|  |TAMS 0x000000074ca00000| PB 0x000000074ca00000| Complete 
| 614|0x000000074cc00000, 0x000000074ce00000, 0x000000074ce00000|100%|HS|  |TAMS 0x000000074cc00000| PB 0x000000074cc00000| Complete 
| 615|0x000000074ce00000, 0x000000074d000000, 0x000000074d000000|100%|HS|  |TAMS 0x000000074ce00000| PB 0x000000074ce00000| Complete 
| 616|0x000000074d000000, 0x000000074d200000, 0x000000074d200000|100%|HS|  |TAMS 0x000000074d000000| PB 0x000000074d000000| Complete 
| 617|0x000000074d200000, 0x000000074d400000, 0x000000074d400000|100%|HS|  |TAMS 0x000000074d200000| PB 0x000000074d200000| Complete 
| 618|0x000000074d400000, 0x000000074d600000, 0x000000074d600000|100%|HS|  |TAMS 0x000000074d400000| PB 0x000000074d400000| Complete 
| 619|0x000000074d600000, 0x000000074d800000, 0x000000074d800000|100%|HS|  |TAMS 0x000000074d600000| PB 0x000000074d600000| Complete 
| 620|0x000000074d800000, 0x000000074da00000, 0x000000074da00000|100%|HS|  |TAMS 0x000000074d800000| PB 0x000000074d800000| Complete 
| 621|0x000000074da00000, 0x000000074dc00000, 0x000000074dc00000|100%|HS|  |TAMS 0x000000074da00000| PB 0x000000074da00000| Complete 
| 622|0x000000074dc00000, 0x000000074de00000, 0x000000074de00000|100%|HS|  |TAMS 0x000000074dc00000| PB 0x000000074dc00000| Complete 
| 623|0x000000074de00000, 0x000000074e000000, 0x000000074e000000|100%|HS|  |TAMS 0x000000074de00000| PB 0x000000074de00000| Complete 
| 624|0x000000074e000000, 0x000000074e200000, 0x000000074e200000|100%|HS|  |TAMS 0x000000074e000000| PB 0x000000074e000000| Complete 
| 625|0x000000074e200000, 0x000000074e400000, 0x000000074e400000|100%|HS|  |TAMS 0x000000074e200000| PB 0x000000074e200000| Complete 
| 626|0x000000074e400000, 0x000000074e600000, 0x000000074e600000|100%|HS|  |TAMS 0x000000074e400000| PB 0x000000074e400000| Complete 
| 627|0x000000074e600000, 0x000000074e800000, 0x000000074e800000|100%|HS|  |TAMS 0x000000074e600000| PB 0x000000074e600000| Complete 
| 628|0x000000074e800000, 0x000000074ea00000, 0x000000074ea00000|100%|HS|  |TAMS 0x000000074e800000| PB 0x000000074e800000| Complete 
| 629|0x000000074ea00000, 0x000000074ec00000, 0x000000074ec00000|100%|HS|  |TAMS 0x000000074ea00000| PB 0x000000074ea00000| Complete 
| 630|0x000000074ec00000, 0x000000074ee00000, 0x000000074ee00000|100%|HS|  |TAMS 0x000000074ec00000| PB 0x000000074ec00000| Complete 
| 631|0x000000074ee00000, 0x000000074f000000, 0x000000074f000000|100%|HS|  |TAMS 0x000000074ee00000| PB 0x000000074ee00000| Complete 
| 632|0x000000074f000000, 0x000000074f200000, 0x000000074f200000|100%|HS|  |TAMS 0x000000074f000000| PB 0x000000074f000000| Complete 
| 633|0x000000074f200000, 0x000000074f400000, 0x000000074f400000|100%|HS|  |TAMS 0x000000074f200000| PB 0x000000074f200000| Complete 
| 634|0x000000074f400000, 0x000000074f600000, 0x000000074f600000|100%|HS|  |TAMS 0x000000074f400000| PB 0x000000074f400000| Complete 
| 635|0x000000074f600000, 0x000000074f800000, 0x000000074f800000|100%|HS|  |TAMS 0x000000074f600000| PB 0x000000074f600000| Complete 
| 636|0x000000074f800000, 0x000000074fa00000, 0x000000074fa00000|100%|HS|  |TAMS 0x000000074f800000| PB 0x000000074f800000| Complete 
| 637|0x000000074fa00000, 0x000000074fc00000, 0x000000074fc00000|100%|HS|  |TAMS 0x000000074fa00000| PB 0x000000074fa00000| Complete 
| 638|0x000000074fc00000, 0x000000074fe00000, 0x000000074fe00000|100%|HS|  |TAMS 0x000000074fc00000| PB 0x000000074fc00000| Complete 
| 639|0x000000074fe00000, 0x0000000750000000, 0x0000000750000000|100%|HS|  |TAMS 0x000000074fe00000| PB 0x000000074fe00000| Complete 
| 640|0x0000000750000000, 0x0000000750200000, 0x0000000750200000|100%|HS|  |TAMS 0x0000000750000000| PB 0x0000000750000000| Complete 
| 641|0x0000000750200000, 0x0000000750400000, 0x0000000750400000|100%|HS|  |TAMS 0x0000000750200000| PB 0x0000000750200000| Complete 
| 642|0x0000000750400000, 0x0000000750600000, 0x0000000750600000|100%|HS|  |TAMS 0x0000000750400000| PB 0x0000000750400000| Complete 
| 643|0x0000000750600000, 0x0000000750800000, 0x0000000750800000|100%|HS|  |TAMS 0x0000000750600000| PB 0x0000000750600000| Complete 
| 644|0x0000000750800000, 0x0000000750a00000, 0x0000000750a00000|100%|HS|  |TAMS 0x0000000750800000| PB 0x0000000750800000| Complete 
| 645|0x0000000750a00000, 0x0000000750c00000, 0x0000000750c00000|100%|HS|  |TAMS 0x0000000750a00000| PB 0x0000000750a00000| Complete 
| 646|0x0000000750c00000, 0x0000000750e00000, 0x0000000750e00000|100%|HS|  |TAMS 0x0000000750c00000| PB 0x0000000750c00000| Complete 
| 647|0x0000000750e00000, 0x0000000751000000, 0x0000000751000000|100%|HS|  |TAMS 0x0000000750e00000| PB 0x0000000750e00000| Complete 
| 648|0x0000000751000000, 0x0000000751200000, 0x0000000751200000|100%|HS|  |TAMS 0x0000000751000000| PB 0x0000000751000000| Complete 
| 649|0x0000000751200000, 0x0000000751400000, 0x0000000751400000|100%|HS|  |TAMS 0x0000000751200000| PB 0x0000000751200000| Complete 
| 650|0x0000000751400000, 0x0000000751600000, 0x0000000751600000|100%|HS|  |TAMS 0x0000000751400000| PB 0x0000000751400000| Complete 
| 651|0x0000000751600000, 0x0000000751800000, 0x0000000751800000|100%|HS|  |TAMS 0x0000000751600000| PB 0x0000000751600000| Complete 
| 652|0x0000000751800000, 0x0000000751a00000, 0x0000000751a00000|100%|HS|  |TAMS 0x0000000751800000| PB 0x0000000751800000| Complete 
| 653|0x0000000751a00000, 0x0000000751c00000, 0x0000000751c00000|100%|HS|  |TAMS 0x0000000751a00000| PB 0x0000000751a00000| Complete 
| 654|0x0000000751c00000, 0x0000000751e00000, 0x0000000751e00000|100%|HS|  |TAMS 0x0000000751c00000| PB 0x0000000751c00000| Complete 
| 655|0x0000000751e00000, 0x0000000752000000, 0x0000000752000000|100%|HS|  |TAMS 0x0000000751e00000| PB 0x0000000751e00000| Complete 
| 656|0x0000000752000000, 0x0000000752200000, 0x0000000752200000|100%|HS|  |TAMS 0x0000000752000000| PB 0x0000000752000000| Complete 
| 657|0x0000000752200000, 0x0000000752400000, 0x0000000752400000|100%|HS|  |TAMS 0x0000000752200000| PB 0x0000000752200000| Complete 
| 658|0x0000000752400000, 0x0000000752600000, 0x0000000752600000|100%|HS|  |TAMS 0x0000000752400000| PB 0x0000000752400000| Complete 
| 659|0x0000000752600000, 0x0000000752800000, 0x0000000752800000|100%|HS|  |TAMS 0x0000000752600000| PB 0x0000000752600000| Complete 
| 660|0x0000000752800000, 0x0000000752a00000, 0x0000000752a00000|100%|HS|  |TAMS 0x0000000752800000| PB 0x0000000752800000| Complete 
| 661|0x0000000752a00000, 0x0000000752c00000, 0x0000000752c00000|100%|HS|  |TAMS 0x0000000752a00000| PB 0x0000000752a00000| Complete 
| 662|0x0000000752c00000, 0x0000000752e00000, 0x0000000752e00000|100%|HS|  |TAMS 0x0000000752c00000| PB 0x0000000752c00000| Complete 
| 663|0x0000000752e00000, 0x0000000753000000, 0x0000000753000000|100%|HS|  |TAMS 0x0000000752e00000| PB 0x0000000752e00000| Complete 
| 664|0x0000000753000000, 0x0000000753200000, 0x0000000753200000|100%|HS|  |TAMS 0x0000000753000000| PB 0x0000000753000000| Complete 
| 665|0x0000000753200000, 0x0000000753400000, 0x0000000753400000|100%|HS|  |TAMS 0x0000000753200000| PB 0x0000000753200000| Complete 
| 666|0x0000000753400000, 0x0000000753600000, 0x0000000753600000|100%|HS|  |TAMS 0x0000000753400000| PB 0x0000000753400000| Complete 
| 667|0x0000000753600000, 0x0000000753800000, 0x0000000753800000|100%|HS|  |TAMS 0x0000000753600000| PB 0x0000000753600000| Complete 
| 668|0x0000000753800000, 0x0000000753a00000, 0x0000000753a00000|100%|HS|  |TAMS 0x0000000753800000| PB 0x0000000753800000| Complete 
| 669|0x0000000753a00000, 0x0000000753c00000, 0x0000000753c00000|100%|HS|  |TAMS 0x0000000753a00000| PB 0x0000000753a00000| Complete 
| 670|0x0000000753c00000, 0x0000000753e00000, 0x0000000753e00000|100%|HS|  |TAMS 0x0000000753c00000| PB 0x0000000753c00000| Complete 
| 671|0x0000000753e00000, 0x0000000754000000, 0x0000000754000000|100%|HS|  |TAMS 0x0000000753e00000| PB 0x0000000753e00000| Complete 
| 672|0x0000000754000000, 0x0000000754200000, 0x0000000754200000|100%|HS|  |TAMS 0x0000000754000000| PB 0x0000000754000000| Complete 
| 673|0x0000000754200000, 0x0000000754400000, 0x0000000754400000|100%|HS|  |TAMS 0x0000000754200000| PB 0x0000000754200000| Complete 
| 674|0x0000000754400000, 0x0000000754600000, 0x0000000754600000|100%|HS|  |TAMS 0x0000000754400000| PB 0x0000000754400000| Complete 
| 675|0x0000000754600000, 0x0000000754800000, 0x0000000754800000|100%|HS|  |TAMS 0x0000000754600000| PB 0x0000000754600000| Complete 
| 676|0x0000000754800000, 0x0000000754a00000, 0x0000000754a00000|100%|HS|  |TAMS 0x0000000754800000| PB 0x0000000754800000| Complete 
| 677|0x0000000754a00000, 0x0000000754c00000, 0x0000000754c00000|100%|HS|  |TAMS 0x0000000754a00000| PB 0x0000000754a00000| Complete 
| 678|0x0000000754c00000, 0x0000000754e00000, 0x0000000754e00000|100%|HS|  |TAMS 0x0000000754c00000| PB 0x0000000754c00000| Complete 
| 679|0x0000000754e00000, 0x0000000755000000, 0x0000000755000000|100%|HS|  |TAMS 0x0000000754e00000| PB 0x0000000754e00000| Complete 
| 680|0x0000000755000000, 0x0000000755200000, 0x0000000755200000|100%|HS|  |TAMS 0x0000000755000000| PB 0x0000000755000000| Complete 
| 681|0x0000000755200000, 0x0000000755400000, 0x0000000755400000|100%|HS|  |TAMS 0x0000000755200000| PB 0x0000000755200000| Complete 
| 682|0x0000000755400000, 0x0000000755600000, 0x0000000755600000|100%|HS|  |TAMS 0x0000000755400000| PB 0x0000000755400000| Complete 
| 683|0x0000000755600000, 0x0000000755800000, 0x0000000755800000|100%|HS|  |TAMS 0x0000000755600000| PB 0x0000000755600000| Complete 
| 684|0x0000000755800000, 0x0000000755a00000, 0x0000000755a00000|100%|HS|  |TAMS 0x0000000755800000| PB 0x0000000755800000| Complete 
| 685|0x0000000755a00000, 0x0000000755c00000, 0x0000000755c00000|100%|HS|  |TAMS 0x0000000755a00000| PB 0x0000000755a00000| Complete 
| 686|0x0000000755c00000, 0x0000000755e00000, 0x0000000755e00000|100%|HS|  |TAMS 0x0000000755c00000| PB 0x0000000755c00000| Complete 
| 687|0x0000000755e00000, 0x0000000756000000, 0x0000000756000000|100%|HS|  |TAMS 0x0000000755e00000| PB 0x0000000755e00000| Complete 
| 688|0x0000000756000000, 0x0000000756200000, 0x0000000756200000|100%|HS|  |TAMS 0x0000000756000000| PB 0x0000000756000000| Complete 
| 689|0x0000000756200000, 0x0000000756400000, 0x0000000756400000|100%| E|CS|TAMS 0x0000000756200000| PB 0x0000000756200000| Complete 
| 690|0x0000000756400000, 0x0000000756600000, 0x0000000756600000|100%| E|CS|TAMS 0x0000000756400000| PB 0x0000000756400000| Complete 
| 691|0x0000000756600000, 0x0000000756800000, 0x0000000756800000|100%| E|CS|TAMS 0x0000000756600000| PB 0x0000000756600000| Complete 
| 692|0x0000000756800000, 0x0000000756a00000, 0x0000000756a00000|100%| E|CS|TAMS 0x0000000756800000| PB 0x0000000756800000| Complete 
| 693|0x0000000756a00000, 0x0000000756c00000, 0x0000000756c00000|100%| E|CS|TAMS 0x0000000756a00000| PB 0x0000000756a00000| Complete 
| 694|0x0000000756c00000, 0x0000000756e00000, 0x0000000756e00000|100%| E|CS|TAMS 0x0000000756c00000| PB 0x0000000756c00000| Complete 
| 695|0x0000000756e00000, 0x0000000757000000, 0x0000000757000000|100%| E|CS|TAMS 0x0000000756e00000| PB 0x0000000756e00000| Complete 
| 696|0x0000000757000000, 0x0000000757200000, 0x0000000757200000|100%| E|CS|TAMS 0x0000000757000000| PB 0x0000000757000000| Complete 
| 697|0x0000000757200000, 0x0000000757400000, 0x0000000757400000|100%| E|CS|TAMS 0x0000000757200000| PB 0x0000000757200000| Complete 
| 698|0x0000000757400000, 0x0000000757600000, 0x0000000757600000|100%| E|CS|TAMS 0x0000000757400000| PB 0x0000000757400000| Complete 
| 699|0x0000000757600000, 0x0000000757800000, 0x0000000757800000|100%| E|CS|TAMS 0x0000000757600000| PB 0x0000000757600000| Complete 
| 700|0x0000000757800000, 0x0000000757a00000, 0x0000000757a00000|100%| E|CS|TAMS 0x0000000757800000| PB 0x0000000757800000| Complete 
| 701|0x0000000757a00000, 0x0000000757c00000, 0x0000000757c00000|100%| E|CS|TAMS 0x0000000757a00000| PB 0x0000000757a00000| Complete 
| 702|0x0000000757c00000, 0x0000000757e00000, 0x0000000757e00000|100%| E|CS|TAMS 0x0000000757c00000| PB 0x0000000757c00000| Complete 
| 703|0x0000000757e00000, 0x0000000758000000, 0x0000000758000000|100%| E|CS|TAMS 0x0000000757e00000| PB 0x0000000757e00000| Complete 
| 704|0x0000000758000000, 0x0000000758200000, 0x0000000758200000|100%| E|CS|TAMS 0x0000000758000000| PB 0x0000000758000000| Complete 
| 705|0x0000000758200000, 0x0000000758400000, 0x0000000758400000|100%| E|CS|TAMS 0x0000000758200000| PB 0x0000000758200000| Complete 
| 706|0x0000000758400000, 0x0000000758600000, 0x0000000758600000|100%| E|CS|TAMS 0x0000000758400000| PB 0x0000000758400000| Complete 
| 707|0x0000000758600000, 0x0000000758800000, 0x0000000758800000|100%| E|CS|TAMS 0x0000000758600000| PB 0x0000000758600000| Complete 
| 708|0x0000000758800000, 0x0000000758a00000, 0x0000000758a00000|100%| E|CS|TAMS 0x0000000758800000| PB 0x0000000758800000| Complete 
| 709|0x0000000758a00000, 0x0000000758c00000, 0x0000000758c00000|100%| E|CS|TAMS 0x0000000758a00000| PB 0x0000000758a00000| Complete 
| 710|0x0000000758c00000, 0x0000000758e00000, 0x0000000758e00000|100%| E|CS|TAMS 0x0000000758c00000| PB 0x0000000758c00000| Complete 
| 711|0x0000000758e00000, 0x0000000759000000, 0x0000000759000000|100%| E|CS|TAMS 0x0000000758e00000| PB 0x0000000758e00000| Complete 
| 712|0x0000000759000000, 0x0000000759200000, 0x0000000759200000|100%| E|CS|TAMS 0x0000000759000000| PB 0x0000000759000000| Complete 
| 713|0x0000000759200000, 0x0000000759400000, 0x0000000759400000|100%| E|CS|TAMS 0x0000000759200000| PB 0x0000000759200000| Complete 
| 714|0x0000000759400000, 0x0000000759600000, 0x0000000759600000|100%| E|CS|TAMS 0x0000000759400000| PB 0x0000000759400000| Complete 
| 715|0x0000000759600000, 0x0000000759800000, 0x0000000759800000|100%| E|CS|TAMS 0x0000000759600000| PB 0x0000000759600000| Complete 
| 716|0x0000000759800000, 0x0000000759a00000, 0x0000000759a00000|100%| E|CS|TAMS 0x0000000759800000| PB 0x0000000759800000| Complete 
| 717|0x0000000759a00000, 0x0000000759c00000, 0x0000000759c00000|100%| E|CS|TAMS 0x0000000759a00000| PB 0x0000000759a00000| Complete 
| 718|0x0000000759c00000, 0x0000000759e00000, 0x0000000759e00000|100%| E|CS|TAMS 0x0000000759c00000| PB 0x0000000759c00000| Complete 
| 719|0x0000000759e00000, 0x000000075a000000, 0x000000075a000000|100%| E|CS|TAMS 0x0000000759e00000| PB 0x0000000759e00000| Complete 
| 720|0x000000075a000000, 0x000000075a200000, 0x000000075a200000|100%| E|CS|TAMS 0x000000075a000000| PB 0x000000075a000000| Complete 
| 721|0x000000075a200000, 0x000000075a400000, 0x000000075a400000|100%| E|CS|TAMS 0x000000075a200000| PB 0x000000075a200000| Complete 
| 722|0x000000075a400000, 0x000000075a600000, 0x000000075a600000|100%| E|CS|TAMS 0x000000075a400000| PB 0x000000075a400000| Complete 
| 723|0x000000075a600000, 0x000000075a800000, 0x000000075a800000|100%| E|CS|TAMS 0x000000075a600000| PB 0x000000075a600000| Complete 
| 724|0x000000075a800000, 0x000000075aa00000, 0x000000075aa00000|100%| E|CS|TAMS 0x000000075a800000| PB 0x000000075a800000| Complete 
| 725|0x000000075aa00000, 0x000000075ac00000, 0x000000075ac00000|100%| E|CS|TAMS 0x000000075aa00000| PB 0x000000075aa00000| Complete 
| 726|0x000000075ac00000, 0x000000075ae00000, 0x000000075ae00000|100%| E|CS|TAMS 0x000000075ac00000| PB 0x000000075ac00000| Complete 
| 727|0x000000075ae00000, 0x000000075b000000, 0x000000075b000000|100%| E|CS|TAMS 0x000000075ae00000| PB 0x000000075ae00000| Complete 
| 728|0x000000075b000000, 0x000000075b200000, 0x000000075b200000|100%| E|CS|TAMS 0x000000075b000000| PB 0x000000075b000000| Complete 
| 729|0x000000075b200000, 0x000000075b400000, 0x000000075b400000|100%| E|CS|TAMS 0x000000075b200000| PB 0x000000075b200000| Complete 
| 730|0x000000075b400000, 0x000000075b600000, 0x000000075b600000|100%| E|CS|TAMS 0x000000075b400000| PB 0x000000075b400000| Complete 
| 731|0x000000075b600000, 0x000000075b800000, 0x000000075b800000|100%| E|CS|TAMS 0x000000075b600000| PB 0x000000075b600000| Complete 
| 732|0x000000075b800000, 0x000000075ba00000, 0x000000075ba00000|100%| E|CS|TAMS 0x000000075b800000| PB 0x000000075b800000| Complete 
| 733|0x000000075ba00000, 0x000000075bc00000, 0x000000075bc00000|100%| E|CS|TAMS 0x000000075ba00000| PB 0x000000075ba00000| Complete 
| 734|0x000000075bc00000, 0x000000075be00000, 0x000000075be00000|100%| E|CS|TAMS 0x000000075bc00000| PB 0x000000075bc00000| Complete 
| 735|0x000000075be00000, 0x000000075c000000, 0x000000075c000000|100%| E|CS|TAMS 0x000000075be00000| PB 0x000000075be00000| Complete 
| 736|0x000000075c000000, 0x000000075c200000, 0x000000075c200000|100%| E|CS|TAMS 0x000000075c000000| PB 0x000000075c000000| Complete 
| 737|0x000000075c200000, 0x000000075c400000, 0x000000075c400000|100%| E|CS|TAMS 0x000000075c200000| PB 0x000000075c200000| Complete 
| 738|0x000000075c400000, 0x000000075c600000, 0x000000075c600000|100%| E|CS|TAMS 0x000000075c400000| PB 0x000000075c400000| Complete 
| 739|0x000000075c600000, 0x000000075c800000, 0x000000075c800000|100%| E|CS|TAMS 0x000000075c600000| PB 0x000000075c600000| Complete 
| 740|0x000000075c800000, 0x000000075ca00000, 0x000000075ca00000|100%| E|CS|TAMS 0x000000075c800000| PB 0x000000075c800000| Complete 
| 741|0x000000075ca00000, 0x000000075cc00000, 0x000000075cc00000|100%| E|CS|TAMS 0x000000075ca00000| PB 0x000000075ca00000| Complete 
| 742|0x000000075cc00000, 0x000000075ce00000, 0x000000075ce00000|100%| E|CS|TAMS 0x000000075cc00000| PB 0x000000075cc00000| Complete 
| 743|0x000000075ce00000, 0x000000075d000000, 0x000000075d000000|100%| E|CS|TAMS 0x000000075ce00000| PB 0x000000075ce00000| Complete 
| 744|0x000000075d000000, 0x000000075d200000, 0x000000075d200000|100%| E|CS|TAMS 0x000000075d000000| PB 0x000000075d000000| Complete 
| 745|0x000000075d200000, 0x000000075d400000, 0x000000075d400000|100%| E|CS|TAMS 0x000000075d200000| PB 0x000000075d200000| Complete 
| 746|0x000000075d400000, 0x000000075d600000, 0x000000075d600000|100%| E|CS|TAMS 0x000000075d400000| PB 0x000000075d400000| Complete 
| 747|0x000000075d600000, 0x000000075d800000, 0x000000075d800000|100%| E|CS|TAMS 0x000000075d600000| PB 0x000000075d600000| Complete 
| 748|0x000000075d800000, 0x000000075da00000, 0x000000075da00000|100%| E|CS|TAMS 0x000000075d800000| PB 0x000000075d800000| Complete 
| 749|0x000000075da00000, 0x000000075dc00000, 0x000000075dc00000|100%| E|CS|TAMS 0x000000075da00000| PB 0x000000075da00000| Complete 
| 750|0x000000075dc00000, 0x000000075de00000, 0x000000075de00000|100%| E|CS|TAMS 0x000000075dc00000| PB 0x000000075dc00000| Complete 
| 751|0x000000075de00000, 0x000000075e000000, 0x000000075e000000|100%| E|CS|TAMS 0x000000075de00000| PB 0x000000075de00000| Complete 
| 752|0x000000075e000000, 0x000000075e200000, 0x000000075e200000|100%| E|CS|TAMS 0x000000075e000000| PB 0x000000075e000000| Complete 
| 753|0x000000075e200000, 0x000000075e400000, 0x000000075e400000|100%| E|CS|TAMS 0x000000075e200000| PB 0x000000075e200000| Complete 
| 754|0x000000075e400000, 0x000000075e600000, 0x000000075e600000|100%| E|CS|TAMS 0x000000075e400000| PB 0x000000075e400000| Complete 
| 755|0x000000075e600000, 0x000000075e800000, 0x000000075e800000|100%| E|CS|TAMS 0x000000075e600000| PB 0x000000075e600000| Complete 
| 756|0x000000075e800000, 0x000000075ea00000, 0x000000075ea00000|100%| E|CS|TAMS 0x000000075e800000| PB 0x000000075e800000| Complete 
| 757|0x000000075ea00000, 0x000000075ec00000, 0x000000075ec00000|100%| E|CS|TAMS 0x000000075ea00000| PB 0x000000075ea00000| Complete 
| 758|0x000000075ec00000, 0x000000075ee00000, 0x000000075ee00000|100%| E|CS|TAMS 0x000000075ec00000| PB 0x000000075ec00000| Complete 
| 759|0x000000075ee00000, 0x000000075f000000, 0x000000075f000000|100%| E|CS|TAMS 0x000000075ee00000| PB 0x000000075ee00000| Complete 
| 760|0x000000075f000000, 0x000000075f200000, 0x000000075f200000|100%| E|CS|TAMS 0x000000075f000000| PB 0x000000075f000000| Complete 
| 761|0x000000075f200000, 0x000000075f400000, 0x000000075f400000|100%| E|CS|TAMS 0x000000075f200000| PB 0x000000075f200000| Complete 
| 762|0x000000075f400000, 0x000000075f600000, 0x000000075f600000|100%| E|CS|TAMS 0x000000075f400000| PB 0x000000075f400000| Complete 
| 763|0x000000075f600000, 0x000000075f800000, 0x000000075f800000|100%| E|CS|TAMS 0x000000075f600000| PB 0x000000075f600000| Complete 
| 764|0x000000075f800000, 0x000000075fa00000, 0x000000075fa00000|100%| E|CS|TAMS 0x000000075f800000| PB 0x000000075f800000| Complete 
| 765|0x000000075fa00000, 0x000000075fc00000, 0x000000075fc00000|100%| E|CS|TAMS 0x000000075fa00000| PB 0x000000075fa00000| Complete 
| 766|0x000000075fc00000, 0x000000075fe00000, 0x000000075fe00000|100%| E|CS|TAMS 0x000000075fc00000| PB 0x000000075fc00000| Complete 
| 767|0x000000075fe00000, 0x0000000760000000, 0x0000000760000000|100%| E|CS|TAMS 0x000000075fe00000| PB 0x000000075fe00000| Complete 
| 768|0x0000000760000000, 0x0000000760200000, 0x0000000760200000|100%| E|CS|TAMS 0x0000000760000000| PB 0x0000000760000000| Complete 
| 769|0x0000000760200000, 0x0000000760400000, 0x0000000760400000|100%| E|CS|TAMS 0x0000000760200000| PB 0x0000000760200000| Complete 
| 770|0x0000000760400000, 0x0000000760600000, 0x0000000760600000|100%| E|CS|TAMS 0x0000000760400000| PB 0x0000000760400000| Complete 
| 771|0x0000000760600000, 0x0000000760800000, 0x0000000760800000|100%| E|CS|TAMS 0x0000000760600000| PB 0x0000000760600000| Complete 
| 772|0x0000000760800000, 0x0000000760a00000, 0x0000000760a00000|100%| E|CS|TAMS 0x0000000760800000| PB 0x0000000760800000| Complete 
| 773|0x0000000760a00000, 0x0000000760c00000, 0x0000000760c00000|100%| E|CS|TAMS 0x0000000760a00000| PB 0x0000000760a00000| Complete 
| 774|0x0000000760c00000, 0x0000000760e00000, 0x0000000760e00000|100%| E|CS|TAMS 0x0000000760c00000| PB 0x0000000760c00000| Complete 
| 775|0x0000000760e00000, 0x0000000761000000, 0x0000000761000000|100%| E|CS|TAMS 0x0000000760e00000| PB 0x0000000760e00000| Complete 
| 776|0x0000000761000000, 0x0000000761200000, 0x0000000761200000|100%| E|CS|TAMS 0x0000000761000000| PB 0x0000000761000000| Complete 
| 777|0x0000000761200000, 0x0000000761400000, 0x0000000761400000|100%| E|CS|TAMS 0x0000000761200000| PB 0x0000000761200000| Complete 
| 778|0x0000000761400000, 0x0000000761600000, 0x0000000761600000|100%| E|CS|TAMS 0x0000000761400000| PB 0x0000000761400000| Complete 
| 779|0x0000000761600000, 0x0000000761800000, 0x0000000761800000|100%| E|CS|TAMS 0x0000000761600000| PB 0x0000000761600000| Complete 
| 780|0x0000000761800000, 0x0000000761a00000, 0x0000000761a00000|100%| E|CS|TAMS 0x0000000761800000| PB 0x0000000761800000| Complete 
| 781|0x0000000761a00000, 0x0000000761c00000, 0x0000000761c00000|100%| E|CS|TAMS 0x0000000761a00000| PB 0x0000000761a00000| Complete 
| 782|0x0000000761c00000, 0x0000000761e00000, 0x0000000761e00000|100%| E|CS|TAMS 0x0000000761c00000| PB 0x0000000761c00000| Complete 
| 783|0x0000000761e00000, 0x0000000762000000, 0x0000000762000000|100%| E|CS|TAMS 0x0000000761e00000| PB 0x0000000761e00000| Complete 
| 784|0x0000000762000000, 0x0000000762200000, 0x0000000762200000|100%| E|CS|TAMS 0x0000000762000000| PB 0x0000000762000000| Complete 
| 785|0x0000000762200000, 0x0000000762400000, 0x0000000762400000|100%| E|CS|TAMS 0x0000000762200000| PB 0x0000000762200000| Complete 
| 786|0x0000000762400000, 0x0000000762600000, 0x0000000762600000|100%| E|CS|TAMS 0x0000000762400000| PB 0x0000000762400000| Complete 
| 787|0x0000000762600000, 0x0000000762800000, 0x0000000762800000|100%| E|CS|TAMS 0x0000000762600000| PB 0x0000000762600000| Complete 
| 788|0x0000000762800000, 0x0000000762a00000, 0x0000000762a00000|100%| E|CS|TAMS 0x0000000762800000| PB 0x0000000762800000| Complete 
| 789|0x0000000762a00000, 0x0000000762c00000, 0x0000000762c00000|100%| E|CS|TAMS 0x0000000762a00000| PB 0x0000000762a00000| Complete 
| 790|0x0000000762c00000, 0x0000000762e00000, 0x0000000762e00000|100%| E|CS|TAMS 0x0000000762c00000| PB 0x0000000762c00000| Complete 
| 791|0x0000000762e00000, 0x0000000763000000, 0x0000000763000000|100%| E|CS|TAMS 0x0000000762e00000| PB 0x0000000762e00000| Complete 
| 792|0x0000000763000000, 0x0000000763200000, 0x0000000763200000|100%| E|CS|TAMS 0x0000000763000000| PB 0x0000000763000000| Complete 
| 793|0x0000000763200000, 0x0000000763400000, 0x0000000763400000|100%| E|CS|TAMS 0x0000000763200000| PB 0x0000000763200000| Complete 
| 794|0x0000000763400000, 0x0000000763600000, 0x0000000763600000|100%| E|CS|TAMS 0x0000000763400000| PB 0x0000000763400000| Complete 
| 795|0x0000000763600000, 0x0000000763800000, 0x0000000763800000|100%| E|CS|TAMS 0x0000000763600000| PB 0x0000000763600000| Complete 
| 796|0x0000000763800000, 0x0000000763a00000, 0x0000000763a00000|100%| E|CS|TAMS 0x0000000763800000| PB 0x0000000763800000| Complete 
| 797|0x0000000763a00000, 0x0000000763c00000, 0x0000000763c00000|100%| E|CS|TAMS 0x0000000763a00000| PB 0x0000000763a00000| Complete 
| 798|0x0000000763c00000, 0x0000000763e00000, 0x0000000763e00000|100%| E|CS|TAMS 0x0000000763c00000| PB 0x0000000763c00000| Complete 
| 799|0x0000000763e00000, 0x0000000764000000, 0x0000000764000000|100%| E|CS|TAMS 0x0000000763e00000| PB 0x0000000763e00000| Complete 
| 800|0x0000000764000000, 0x0000000764200000, 0x0000000764200000|100%| E|CS|TAMS 0x0000000764000000| PB 0x0000000764000000| Complete 
| 801|0x0000000764200000, 0x0000000764400000, 0x0000000764400000|100%| E|CS|TAMS 0x0000000764200000| PB 0x0000000764200000| Complete 
| 802|0x0000000764400000, 0x0000000764600000, 0x0000000764600000|100%| E|CS|TAMS 0x0000000764400000| PB 0x0000000764400000| Complete 
| 803|0x0000000764600000, 0x0000000764800000, 0x0000000764800000|100%| E|CS|TAMS 0x0000000764600000| PB 0x0000000764600000| Complete 
| 804|0x0000000764800000, 0x0000000764a00000, 0x0000000764a00000|100%| E|CS|TAMS 0x0000000764800000| PB 0x0000000764800000| Complete 
| 805|0x0000000764a00000, 0x0000000764c00000, 0x0000000764c00000|100%| E|CS|TAMS 0x0000000764a00000| PB 0x0000000764a00000| Complete 
| 806|0x0000000764c00000, 0x0000000764e00000, 0x0000000764e00000|100%| E|CS|TAMS 0x0000000764c00000| PB 0x0000000764c00000| Complete 
| 807|0x0000000764e00000, 0x0000000765000000, 0x0000000765000000|100%| E|CS|TAMS 0x0000000764e00000| PB 0x0000000764e00000| Complete 
| 808|0x0000000765000000, 0x0000000765200000, 0x0000000765200000|100%| E|CS|TAMS 0x0000000765000000| PB 0x0000000765000000| Complete 
| 809|0x0000000765200000, 0x0000000765400000, 0x0000000765400000|100%| E|CS|TAMS 0x0000000765200000| PB 0x0000000765200000| Complete 
| 810|0x0000000765400000, 0x0000000765600000, 0x0000000765600000|100%| E|CS|TAMS 0x0000000765400000| PB 0x0000000765400000| Complete 
| 811|0x0000000765600000, 0x0000000765800000, 0x0000000765800000|100%| E|CS|TAMS 0x0000000765600000| PB 0x0000000765600000| Complete 
| 812|0x0000000765800000, 0x0000000765a00000, 0x0000000765a00000|100%| E|CS|TAMS 0x0000000765800000| PB 0x0000000765800000| Complete 
| 813|0x0000000765a00000, 0x0000000765c00000, 0x0000000765c00000|100%| E|CS|TAMS 0x0000000765a00000| PB 0x0000000765a00000| Complete 
| 814|0x0000000765c00000, 0x0000000765e00000, 0x0000000765e00000|100%| E|CS|TAMS 0x0000000765c00000| PB 0x0000000765c00000| Complete 
| 815|0x0000000765e00000, 0x0000000766000000, 0x0000000766000000|100%| E|CS|TAMS 0x0000000765e00000| PB 0x0000000765e00000| Complete 
| 816|0x0000000766000000, 0x0000000766200000, 0x0000000766200000|100%| E|CS|TAMS 0x0000000766000000| PB 0x0000000766000000| Complete 
| 817|0x0000000766200000, 0x0000000766400000, 0x0000000766400000|100%| E|CS|TAMS 0x0000000766200000| PB 0x0000000766200000| Complete 
| 818|0x0000000766400000, 0x0000000766600000, 0x0000000766600000|100%| E|CS|TAMS 0x0000000766400000| PB 0x0000000766400000| Complete 
| 819|0x0000000766600000, 0x0000000766800000, 0x0000000766800000|100%| E|CS|TAMS 0x0000000766600000| PB 0x0000000766600000| Complete 
| 820|0x0000000766800000, 0x0000000766a00000, 0x0000000766a00000|100%| E|CS|TAMS 0x0000000766800000| PB 0x0000000766800000| Complete 
| 821|0x0000000766a00000, 0x0000000766c00000, 0x0000000766c00000|100%| E|CS|TAMS 0x0000000766a00000| PB 0x0000000766a00000| Complete 
| 822|0x0000000766c00000, 0x0000000766e00000, 0x0000000766e00000|100%| E|CS|TAMS 0x0000000766c00000| PB 0x0000000766c00000| Complete 
| 823|0x0000000766e00000, 0x0000000767000000, 0x0000000767000000|100%| E|CS|TAMS 0x0000000766e00000| PB 0x0000000766e00000| Complete 
| 824|0x0000000767000000, 0x0000000767200000, 0x0000000767200000|100%| E|CS|TAMS 0x0000000767000000| PB 0x0000000767000000| Complete 
| 825|0x0000000767200000, 0x0000000767400000, 0x0000000767400000|100%| E|CS|TAMS 0x0000000767200000| PB 0x0000000767200000| Complete 
| 826|0x0000000767400000, 0x0000000767600000, 0x0000000767600000|100%| E|CS|TAMS 0x0000000767400000| PB 0x0000000767400000| Complete 
| 827|0x0000000767600000, 0x0000000767800000, 0x0000000767800000|100%| E|CS|TAMS 0x0000000767600000| PB 0x0000000767600000| Complete 
| 828|0x0000000767800000, 0x0000000767a00000, 0x0000000767a00000|100%| E|CS|TAMS 0x0000000767800000| PB 0x0000000767800000| Complete 
| 829|0x0000000767a00000, 0x0000000767c00000, 0x0000000767c00000|100%| E|CS|TAMS 0x0000000767a00000| PB 0x0000000767a00000| Complete 
| 830|0x0000000767c00000, 0x0000000767e00000, 0x0000000767e00000|100%| E|CS|TAMS 0x0000000767c00000| PB 0x0000000767c00000| Complete 
| 831|0x0000000767e00000, 0x0000000768000000, 0x0000000768000000|100%| E|CS|TAMS 0x0000000767e00000| PB 0x0000000767e00000| Complete 
| 832|0x0000000768000000, 0x0000000768200000, 0x0000000768200000|100%| E|CS|TAMS 0x0000000768000000| PB 0x0000000768000000| Complete 
| 833|0x0000000768200000, 0x0000000768400000, 0x0000000768400000|100%| E|CS|TAMS 0x0000000768200000| PB 0x0000000768200000| Complete 
| 834|0x0000000768400000, 0x0000000768600000, 0x0000000768600000|100%| E|CS|TAMS 0x0000000768400000| PB 0x0000000768400000| Complete 
| 835|0x0000000768600000, 0x0000000768800000, 0x0000000768800000|100%| E|CS|TAMS 0x0000000768600000| PB 0x0000000768600000| Complete 
| 836|0x0000000768800000, 0x0000000768a00000, 0x0000000768a00000|100%| E|CS|TAMS 0x0000000768800000| PB 0x0000000768800000| Complete 
| 837|0x0000000768a00000, 0x0000000768c00000, 0x0000000768c00000|100%| E|CS|TAMS 0x0000000768a00000| PB 0x0000000768a00000| Complete 
| 838|0x0000000768c00000, 0x0000000768e00000, 0x0000000768e00000|100%| E|CS|TAMS 0x0000000768c00000| PB 0x0000000768c00000| Complete 
| 839|0x0000000768e00000, 0x0000000769000000, 0x0000000769000000|100%| E|CS|TAMS 0x0000000768e00000| PB 0x0000000768e00000| Complete 
| 840|0x0000000769000000, 0x0000000769200000, 0x0000000769200000|100%| E|CS|TAMS 0x0000000769000000| PB 0x0000000769000000| Complete 
| 841|0x0000000769200000, 0x0000000769400000, 0x0000000769400000|100%| E|CS|TAMS 0x0000000769200000| PB 0x0000000769200000| Complete 
| 842|0x0000000769400000, 0x0000000769600000, 0x0000000769600000|100%| E|CS|TAMS 0x0000000769400000| PB 0x0000000769400000| Complete 
| 843|0x0000000769600000, 0x0000000769800000, 0x0000000769800000|100%| E|CS|TAMS 0x0000000769600000| PB 0x0000000769600000| Complete 
| 844|0x0000000769800000, 0x0000000769a00000, 0x0000000769a00000|100%| E|CS|TAMS 0x0000000769800000| PB 0x0000000769800000| Complete 
| 845|0x0000000769a00000, 0x0000000769c00000, 0x0000000769c00000|100%| E|CS|TAMS 0x0000000769a00000| PB 0x0000000769a00000| Complete 
| 846|0x0000000769c00000, 0x0000000769e00000, 0x0000000769e00000|100%| E|CS|TAMS 0x0000000769c00000| PB 0x0000000769c00000| Complete 
| 847|0x0000000769e00000, 0x000000076a000000, 0x000000076a000000|100%| E|CS|TAMS 0x0000000769e00000| PB 0x0000000769e00000| Complete 
| 848|0x000000076a000000, 0x000000076a200000, 0x000000076a200000|100%| E|CS|TAMS 0x000000076a000000| PB 0x000000076a000000| Complete 
| 849|0x000000076a200000, 0x000000076a400000, 0x000000076a400000|100%| E|CS|TAMS 0x000000076a200000| PB 0x000000076a200000| Complete 
| 850|0x000000076a400000, 0x000000076a600000, 0x000000076a600000|100%| E|CS|TAMS 0x000000076a400000| PB 0x000000076a400000| Complete 
| 851|0x000000076a600000, 0x000000076a800000, 0x000000076a800000|100%| E|CS|TAMS 0x000000076a600000| PB 0x000000076a600000| Complete 
| 852|0x000000076a800000, 0x000000076aa00000, 0x000000076aa00000|100%| E|CS|TAMS 0x000000076a800000| PB 0x000000076a800000| Complete 
| 853|0x000000076aa00000, 0x000000076ac00000, 0x000000076ac00000|100%| E|CS|TAMS 0x000000076aa00000| PB 0x000000076aa00000| Complete 
| 854|0x000000076ac00000, 0x000000076ae00000, 0x000000076ae00000|100%| E|CS|TAMS 0x000000076ac00000| PB 0x000000076ac00000| Complete 
| 855|0x000000076ae00000, 0x000000076b000000, 0x000000076b000000|100%| E|CS|TAMS 0x000000076ae00000| PB 0x000000076ae00000| Complete 
| 856|0x000000076b000000, 0x000000076b200000, 0x000000076b200000|100%| E|CS|TAMS 0x000000076b000000| PB 0x000000076b000000| Complete 
| 857|0x000000076b200000, 0x000000076b400000, 0x000000076b400000|100%| E|CS|TAMS 0x000000076b200000| PB 0x000000076b200000| Complete 
| 858|0x000000076b400000, 0x000000076b600000, 0x000000076b600000|100%| E|CS|TAMS 0x000000076b400000| PB 0x000000076b400000| Complete 
| 859|0x000000076b600000, 0x000000076b800000, 0x000000076b800000|100%| E|CS|TAMS 0x000000076b600000| PB 0x000000076b600000| Complete 
| 860|0x000000076b800000, 0x000000076ba00000, 0x000000076ba00000|100%| E|CS|TAMS 0x000000076b800000| PB 0x000000076b800000| Complete 
| 861|0x000000076ba00000, 0x000000076bc00000, 0x000000076bc00000|100%| E|CS|TAMS 0x000000076ba00000| PB 0x000000076ba00000| Complete 
| 862|0x000000076bc00000, 0x000000076be00000, 0x000000076be00000|100%| E|CS|TAMS 0x000000076bc00000| PB 0x000000076bc00000| Complete 
| 863|0x000000076be00000, 0x000000076c000000, 0x000000076c000000|100%| E|CS|TAMS 0x000000076be00000| PB 0x000000076be00000| Complete 
| 864|0x000000076c000000, 0x000000076c200000, 0x000000076c200000|100%| E|CS|TAMS 0x000000076c000000| PB 0x000000076c000000| Complete 
| 865|0x000000076c200000, 0x000000076c400000, 0x000000076c400000|100%| E|CS|TAMS 0x000000076c200000| PB 0x000000076c200000| Complete 
| 866|0x000000076c400000, 0x000000076c600000, 0x000000076c600000|100%| E|CS|TAMS 0x000000076c400000| PB 0x000000076c400000| Complete 
| 867|0x000000076c600000, 0x000000076c800000, 0x000000076c800000|100%| E|CS|TAMS 0x000000076c600000| PB 0x000000076c600000| Complete 
| 868|0x000000076c800000, 0x000000076ca00000, 0x000000076ca00000|100%| E|CS|TAMS 0x000000076c800000| PB 0x000000076c800000| Complete 
| 869|0x000000076ca00000, 0x000000076cc00000, 0x000000076cc00000|100%| E|CS|TAMS 0x000000076ca00000| PB 0x000000076ca00000| Complete 
| 870|0x000000076cc00000, 0x000000076ce00000, 0x000000076ce00000|100%| E|CS|TAMS 0x000000076cc00000| PB 0x000000076cc00000| Complete 
| 871|0x000000076ce00000, 0x000000076d000000, 0x000000076d000000|100%| E|CS|TAMS 0x000000076ce00000| PB 0x000000076ce00000| Complete 
| 872|0x000000076d000000, 0x000000076d200000, 0x000000076d200000|100%| E|CS|TAMS 0x000000076d000000| PB 0x000000076d000000| Complete 
| 873|0x000000076d200000, 0x000000076d400000, 0x000000076d400000|100%| E|CS|TAMS 0x000000076d200000| PB 0x000000076d200000| Complete 
| 874|0x000000076d400000, 0x000000076d600000, 0x000000076d600000|100%| E|CS|TAMS 0x000000076d400000| PB 0x000000076d400000| Complete 
| 875|0x000000076d600000, 0x000000076d800000, 0x000000076d800000|100%| E|CS|TAMS 0x000000076d600000| PB 0x000000076d600000| Complete 
| 876|0x000000076d800000, 0x000000076da00000, 0x000000076da00000|100%| E|CS|TAMS 0x000000076d800000| PB 0x000000076d800000| Complete 
| 877|0x000000076da00000, 0x000000076dc00000, 0x000000076dc00000|100%| E|CS|TAMS 0x000000076da00000| PB 0x000000076da00000| Complete 
| 878|0x000000076dc00000, 0x000000076de00000, 0x000000076de00000|100%| E|CS|TAMS 0x000000076dc00000| PB 0x000000076dc00000| Complete 
| 879|0x000000076de00000, 0x000000076e000000, 0x000000076e000000|100%| E|CS|TAMS 0x000000076de00000| PB 0x000000076de00000| Complete 
| 880|0x000000076e000000, 0x000000076e200000, 0x000000076e200000|100%| E|CS|TAMS 0x000000076e000000| PB 0x000000076e000000| Complete 
| 881|0x000000076e200000, 0x000000076e400000, 0x000000076e400000|100%| E|CS|TAMS 0x000000076e200000| PB 0x000000076e200000| Complete 
| 882|0x000000076e400000, 0x000000076e600000, 0x000000076e600000|100%| E|CS|TAMS 0x000000076e400000| PB 0x000000076e400000| Complete 
| 883|0x000000076e600000, 0x000000076e800000, 0x000000076e800000|100%| E|CS|TAMS 0x000000076e600000| PB 0x000000076e600000| Complete 
| 884|0x000000076e800000, 0x000000076ea00000, 0x000000076ea00000|100%| E|CS|TAMS 0x000000076e800000| PB 0x000000076e800000| Complete 
| 885|0x000000076ea00000, 0x000000076ec00000, 0x000000076ec00000|100%| E|CS|TAMS 0x000000076ea00000| PB 0x000000076ea00000| Complete 
| 886|0x000000076ec00000, 0x000000076ee00000, 0x000000076ee00000|100%| E|CS|TAMS 0x000000076ec00000| PB 0x000000076ec00000| Complete 
| 887|0x000000076ee00000, 0x000000076f000000, 0x000000076f000000|100%| E|CS|TAMS 0x000000076ee00000| PB 0x000000076ee00000| Complete 
| 888|0x000000076f000000, 0x000000076f200000, 0x000000076f200000|100%| E|CS|TAMS 0x000000076f000000| PB 0x000000076f000000| Complete 
| 889|0x000000076f200000, 0x000000076f400000, 0x000000076f400000|100%| E|CS|TAMS 0x000000076f200000| PB 0x000000076f200000| Complete 
| 890|0x000000076f400000, 0x000000076f600000, 0x000000076f600000|100%| E|CS|TAMS 0x000000076f400000| PB 0x000000076f400000| Complete 
| 891|0x000000076f600000, 0x000000076f800000, 0x000000076f800000|100%| E|CS|TAMS 0x000000076f600000| PB 0x000000076f600000| Complete 
| 892|0x000000076f800000, 0x000000076fa00000, 0x000000076fa00000|100%| E|CS|TAMS 0x000000076f800000| PB 0x000000076f800000| Complete 
| 893|0x000000076fa00000, 0x000000076fc00000, 0x000000076fc00000|100%| E|CS|TAMS 0x000000076fa00000| PB 0x000000076fa00000| Complete 
| 894|0x000000076fc00000, 0x000000076fe00000, 0x000000076fe00000|100%| E|CS|TAMS 0x000000076fc00000| PB 0x000000076fc00000| Complete 
| 895|0x000000076fe00000, 0x0000000770000000, 0x0000000770000000|100%| E|CS|TAMS 0x000000076fe00000| PB 0x000000076fe00000| Complete 
| 896|0x0000000770000000, 0x0000000770200000, 0x0000000770200000|100%| E|CS|TAMS 0x0000000770000000| PB 0x0000000770000000| Complete 
| 897|0x0000000770200000, 0x0000000770400000, 0x0000000770400000|100%| E|CS|TAMS 0x0000000770200000| PB 0x0000000770200000| Complete 
| 898|0x0000000770400000, 0x0000000770600000, 0x0000000770600000|100%| E|CS|TAMS 0x0000000770400000| PB 0x0000000770400000| Complete 
| 899|0x0000000770600000, 0x0000000770800000, 0x0000000770800000|100%| E|CS|TAMS 0x0000000770600000| PB 0x0000000770600000| Complete 
| 900|0x0000000770800000, 0x0000000770a00000, 0x0000000770a00000|100%| E|CS|TAMS 0x0000000770800000| PB 0x0000000770800000| Complete 
| 901|0x0000000770a00000, 0x0000000770c00000, 0x0000000770c00000|100%| E|CS|TAMS 0x0000000770a00000| PB 0x0000000770a00000| Complete 
| 902|0x0000000770c00000, 0x0000000770e00000, 0x0000000770e00000|100%| E|CS|TAMS 0x0000000770c00000| PB 0x0000000770c00000| Complete 
| 903|0x0000000770e00000, 0x0000000771000000, 0x0000000771000000|100%| E|CS|TAMS 0x0000000770e00000| PB 0x0000000770e00000| Complete 
| 904|0x0000000771000000, 0x0000000771200000, 0x0000000771200000|100%| E|CS|TAMS 0x0000000771000000| PB 0x0000000771000000| Complete 
| 905|0x0000000771200000, 0x0000000771400000, 0x0000000771400000|100%| E|CS|TAMS 0x0000000771200000| PB 0x0000000771200000| Complete 
| 906|0x0000000771400000, 0x0000000771600000, 0x0000000771600000|100%| E|CS|TAMS 0x0000000771400000| PB 0x0000000771400000| Complete 
| 907|0x0000000771600000, 0x0000000771800000, 0x0000000771800000|100%| E|CS|TAMS 0x0000000771600000| PB 0x0000000771600000| Complete 
| 908|0x0000000771800000, 0x0000000771a00000, 0x0000000771a00000|100%| E|CS|TAMS 0x0000000771800000| PB 0x0000000771800000| Complete 
| 909|0x0000000771a00000, 0x0000000771c00000, 0x0000000771c00000|100%| E|CS|TAMS 0x0000000771a00000| PB 0x0000000771a00000| Complete 
| 910|0x0000000771c00000, 0x0000000771e00000, 0x0000000771e00000|100%| E|CS|TAMS 0x0000000771c00000| PB 0x0000000771c00000| Complete 
| 911|0x0000000771e00000, 0x0000000772000000, 0x0000000772000000|100%| E|CS|TAMS 0x0000000771e00000| PB 0x0000000771e00000| Complete 
| 912|0x0000000772000000, 0x0000000772200000, 0x0000000772200000|100%| E|CS|TAMS 0x0000000772000000| PB 0x0000000772000000| Complete 
| 913|0x0000000772200000, 0x0000000772400000, 0x0000000772400000|100%| E|CS|TAMS 0x0000000772200000| PB 0x0000000772200000| Complete 
| 914|0x0000000772400000, 0x0000000772600000, 0x0000000772600000|100%| E|CS|TAMS 0x0000000772400000| PB 0x0000000772400000| Complete 
| 915|0x0000000772600000, 0x0000000772800000, 0x0000000772800000|100%| E|CS|TAMS 0x0000000772600000| PB 0x0000000772600000| Complete 
| 916|0x0000000772800000, 0x0000000772a00000, 0x0000000772a00000|100%| E|CS|TAMS 0x0000000772800000| PB 0x0000000772800000| Complete 
| 917|0x0000000772a00000, 0x0000000772c00000, 0x0000000772c00000|100%| E|CS|TAMS 0x0000000772a00000| PB 0x0000000772a00000| Complete 
| 918|0x0000000772c00000, 0x0000000772e00000, 0x0000000772e00000|100%| E|CS|TAMS 0x0000000772c00000| PB 0x0000000772c00000| Complete 
| 919|0x0000000772e00000, 0x0000000773000000, 0x0000000773000000|100%| E|CS|TAMS 0x0000000772e00000| PB 0x0000000772e00000| Complete 
| 920|0x0000000773000000, 0x0000000773200000, 0x0000000773200000|100%| E|CS|TAMS 0x0000000773000000| PB 0x0000000773000000| Complete 
| 921|0x0000000773200000, 0x0000000773400000, 0x0000000773400000|100%| E|CS|TAMS 0x0000000773200000| PB 0x0000000773200000| Complete 
| 922|0x0000000773400000, 0x0000000773600000, 0x0000000773600000|100%| E|CS|TAMS 0x0000000773400000| PB 0x0000000773400000| Complete 
| 923|0x0000000773600000, 0x0000000773800000, 0x0000000773800000|100%| E|CS|TAMS 0x0000000773600000| PB 0x0000000773600000| Complete 
| 924|0x0000000773800000, 0x0000000773a00000, 0x0000000773a00000|100%| E|CS|TAMS 0x0000000773800000| PB 0x0000000773800000| Complete 
| 925|0x0000000773a00000, 0x0000000773c00000, 0x0000000773c00000|100%| E|CS|TAMS 0x0000000773a00000| PB 0x0000000773a00000| Complete 
| 926|0x0000000773c00000, 0x0000000773e00000, 0x0000000773e00000|100%| E|CS|TAMS 0x0000000773c00000| PB 0x0000000773c00000| Complete 
| 927|0x0000000773e00000, 0x0000000774000000, 0x0000000774000000|100%| E|CS|TAMS 0x0000000773e00000| PB 0x0000000773e00000| Complete 
| 928|0x0000000774000000, 0x0000000774200000, 0x0000000774200000|100%| E|CS|TAMS 0x0000000774000000| PB 0x0000000774000000| Complete 
| 929|0x0000000774200000, 0x0000000774400000, 0x0000000774400000|100%| E|CS|TAMS 0x0000000774200000| PB 0x0000000774200000| Complete 
| 930|0x0000000774400000, 0x0000000774600000, 0x0000000774600000|100%| E|CS|TAMS 0x0000000774400000| PB 0x0000000774400000| Complete 
| 931|0x0000000774600000, 0x0000000774800000, 0x0000000774800000|100%| E|CS|TAMS 0x0000000774600000| PB 0x0000000774600000| Complete 
| 932|0x0000000774800000, 0x0000000774a00000, 0x0000000774a00000|100%| E|CS|TAMS 0x0000000774800000| PB 0x0000000774800000| Complete 
| 933|0x0000000774a00000, 0x0000000774c00000, 0x0000000774c00000|100%| E|CS|TAMS 0x0000000774a00000| PB 0x0000000774a00000| Complete 
| 934|0x0000000774c00000, 0x0000000774e00000, 0x0000000774e00000|100%| E|CS|TAMS 0x0000000774c00000| PB 0x0000000774c00000| Complete 
| 935|0x0000000774e00000, 0x0000000775000000, 0x0000000775000000|100%| E|CS|TAMS 0x0000000774e00000| PB 0x0000000774e00000| Complete 
| 936|0x0000000775000000, 0x0000000775200000, 0x0000000775200000|100%| E|CS|TAMS 0x0000000775000000| PB 0x0000000775000000| Complete 
| 937|0x0000000775200000, 0x0000000775400000, 0x0000000775400000|100%| E|CS|TAMS 0x0000000775200000| PB 0x0000000775200000| Complete 
| 938|0x0000000775400000, 0x0000000775600000, 0x0000000775600000|100%| E|CS|TAMS 0x0000000775400000| PB 0x0000000775400000| Complete 
| 939|0x0000000775600000, 0x0000000775800000, 0x0000000775800000|100%| E|CS|TAMS 0x0000000775600000| PB 0x0000000775600000| Complete 
| 940|0x0000000775800000, 0x0000000775a00000, 0x0000000775a00000|100%| E|CS|TAMS 0x0000000775800000| PB 0x0000000775800000| Complete 
| 941|0x0000000775a00000, 0x0000000775c00000, 0x0000000775c00000|100%| E|CS|TAMS 0x0000000775a00000| PB 0x0000000775a00000| Complete 
| 942|0x0000000775c00000, 0x0000000775e00000, 0x0000000775e00000|100%| E|CS|TAMS 0x0000000775c00000| PB 0x0000000775c00000| Complete 
| 943|0x0000000775e00000, 0x0000000776000000, 0x0000000776000000|100%| E|CS|TAMS 0x0000000775e00000| PB 0x0000000775e00000| Complete 
| 944|0x0000000776000000, 0x0000000776200000, 0x0000000776200000|100%| E|CS|TAMS 0x0000000776000000| PB 0x0000000776000000| Complete 
| 945|0x0000000776200000, 0x0000000776400000, 0x0000000776400000|100%| E|CS|TAMS 0x0000000776200000| PB 0x0000000776200000| Complete 
| 946|0x0000000776400000, 0x0000000776600000, 0x0000000776600000|100%|HS|  |TAMS 0x0000000776400000| PB 0x0000000776400000| Complete 
| 947|0x0000000776600000, 0x0000000776800000, 0x0000000776800000|100%|HS|  |TAMS 0x0000000776600000| PB 0x0000000776600000| Complete 
| 948|0x0000000776800000, 0x0000000776a00000, 0x0000000776a00000|100%|HS|  |TAMS 0x0000000776800000| PB 0x0000000776800000| Complete 
| 949|0x0000000776a00000, 0x0000000776c00000, 0x0000000776c00000|100%|HS|  |TAMS 0x0000000776a00000| PB 0x0000000776a00000| Complete 
| 950|0x0000000776c00000, 0x0000000776e00000, 0x0000000776e00000|100%|HS|  |TAMS 0x0000000776c00000| PB 0x0000000776c00000| Complete 
| 951|0x0000000776e00000, 0x0000000777000000, 0x0000000777000000|100%|HS|  |TAMS 0x0000000776e00000| PB 0x0000000776e00000| Complete 
| 952|0x0000000777000000, 0x0000000777200000, 0x0000000777200000|100%|HS|  |TAMS 0x0000000777000000| PB 0x0000000777000000| Complete 
| 953|0x0000000777200000, 0x0000000777400000, 0x0000000777400000|100%|HS|  |TAMS 0x0000000777200000| PB 0x0000000777200000| Complete 
| 954|0x0000000777400000, 0x0000000777600000, 0x0000000777600000|100%|HS|  |TAMS 0x0000000777400000| PB 0x0000000777400000| Complete 
| 955|0x0000000777600000, 0x0000000777800000, 0x0000000777800000|100%|HS|  |TAMS 0x0000000777600000| PB 0x0000000777600000| Complete 
| 956|0x0000000777800000, 0x0000000777a00000, 0x0000000777a00000|100%|HS|  |TAMS 0x0000000777800000| PB 0x0000000777800000| Complete 
| 957|0x0000000777a00000, 0x0000000777c00000, 0x0000000777c00000|100%|HS|  |TAMS 0x0000000777a00000| PB 0x0000000777a00000| Complete 
| 958|0x0000000777c00000, 0x0000000777e00000, 0x0000000777e00000|100%|HS|  |TAMS 0x0000000777c00000| PB 0x0000000777c00000| Complete 
| 959|0x0000000777e00000, 0x0000000778000000, 0x0000000778000000|100%|HS|  |TAMS 0x0000000777e00000| PB 0x0000000777e00000| Complete 
| 960|0x0000000778000000, 0x0000000778200000, 0x0000000778200000|100%|HS|  |TAMS 0x0000000778000000| PB 0x0000000778000000| Complete 
| 961|0x0000000778200000, 0x0000000778400000, 0x0000000778400000|100%|HS|  |TAMS 0x0000000778200000| PB 0x0000000778200000| Complete 
| 962|0x0000000778400000, 0x0000000778600000, 0x0000000778600000|100%|HS|  |TAMS 0x0000000778400000| PB 0x0000000778400000| Complete 
| 963|0x0000000778600000, 0x0000000778800000, 0x0000000778800000|100%|HS|  |TAMS 0x0000000778600000| PB 0x0000000778600000| Complete 
| 964|0x0000000778800000, 0x0000000778a00000, 0x0000000778a00000|100%|HS|  |TAMS 0x0000000778800000| PB 0x0000000778800000| Complete 
| 965|0x0000000778a00000, 0x0000000778c00000, 0x0000000778c00000|100%|HS|  |TAMS 0x0000000778a00000| PB 0x0000000778a00000| Complete 
| 966|0x0000000778c00000, 0x0000000778e00000, 0x0000000778e00000|100%|HS|  |TAMS 0x0000000778c00000| PB 0x0000000778c00000| Complete 
| 967|0x0000000778e00000, 0x0000000779000000, 0x0000000779000000|100%|HS|  |TAMS 0x0000000778e00000| PB 0x0000000778e00000| Complete 
| 968|0x0000000779000000, 0x0000000779200000, 0x0000000779200000|100%|HS|  |TAMS 0x0000000779000000| PB 0x0000000779000000| Complete 
| 969|0x0000000779200000, 0x0000000779400000, 0x0000000779400000|100%|HS|  |TAMS 0x0000000779200000| PB 0x0000000779200000| Complete 
| 970|0x0000000779400000, 0x0000000779600000, 0x0000000779600000|100%|HS|  |TAMS 0x0000000779400000| PB 0x0000000779400000| Complete 
| 971|0x0000000779600000, 0x0000000779800000, 0x0000000779800000|100%|HS|  |TAMS 0x0000000779600000| PB 0x0000000779600000| Complete 
| 972|0x0000000779800000, 0x0000000779a00000, 0x0000000779a00000|100%|HS|  |TAMS 0x0000000779800000| PB 0x0000000779800000| Complete 
| 973|0x0000000779a00000, 0x0000000779c00000, 0x0000000779c00000|100%|HS|  |TAMS 0x0000000779a00000| PB 0x0000000779a00000| Complete 
| 974|0x0000000779c00000, 0x0000000779e00000, 0x0000000779e00000|100%|HS|  |TAMS 0x0000000779c00000| PB 0x0000000779c00000| Complete 
| 975|0x0000000779e00000, 0x000000077a000000, 0x000000077a000000|100%|HS|  |TAMS 0x0000000779e00000| PB 0x0000000779e00000| Complete 
| 976|0x000000077a000000, 0x000000077a200000, 0x000000077a200000|100%|HS|  |TAMS 0x000000077a000000| PB 0x000000077a000000| Complete 
| 977|0x000000077a200000, 0x000000077a400000, 0x000000077a400000|100%|HS|  |TAMS 0x000000077a200000| PB 0x000000077a200000| Complete 
| 978|0x000000077a400000, 0x000000077a600000, 0x000000077a600000|100%|HS|  |TAMS 0x000000077a400000| PB 0x000000077a400000| Complete 
| 979|0x000000077a600000, 0x000000077a800000, 0x000000077a800000|100%|HS|  |TAMS 0x000000077a600000| PB 0x000000077a600000| Complete 
| 980|0x000000077a800000, 0x000000077aa00000, 0x000000077aa00000|100%|HS|  |TAMS 0x000000077a800000| PB 0x000000077a800000| Complete 
| 981|0x000000077aa00000, 0x000000077ac00000, 0x000000077ac00000|100%|HS|  |TAMS 0x000000077aa00000| PB 0x000000077aa00000| Complete 
| 982|0x000000077ac00000, 0x000000077ae00000, 0x000000077ae00000|100%|HS|  |TAMS 0x000000077ac00000| PB 0x000000077ac00000| Complete 
| 983|0x000000077ae00000, 0x000000077b000000, 0x000000077b000000|100%|HS|  |TAMS 0x000000077ae00000| PB 0x000000077ae00000| Complete 
| 984|0x000000077b000000, 0x000000077b200000, 0x000000077b200000|100%|HS|  |TAMS 0x000000077b000000| PB 0x000000077b000000| Complete 
| 985|0x000000077b200000, 0x000000077b400000, 0x000000077b400000|100%|HS|  |TAMS 0x000000077b200000| PB 0x000000077b200000| Complete 
| 986|0x000000077b400000, 0x000000077b600000, 0x000000077b600000|100%|HS|  |TAMS 0x000000077b400000| PB 0x000000077b400000| Complete 
| 987|0x000000077b600000, 0x000000077b800000, 0x000000077b800000|100%|HS|  |TAMS 0x000000077b600000| PB 0x000000077b600000| Complete 
| 988|0x000000077b800000, 0x000000077ba00000, 0x000000077ba00000|100%|HS|  |TAMS 0x000000077b800000| PB 0x000000077b800000| Complete 
| 989|0x000000077ba00000, 0x000000077bc00000, 0x000000077bc00000|100%|HS|  |TAMS 0x000000077ba00000| PB 0x000000077ba00000| Complete 
| 990|0x000000077bc00000, 0x000000077be00000, 0x000000077be00000|100%|HS|  |TAMS 0x000000077bc00000| PB 0x000000077bc00000| Complete 
| 991|0x000000077be00000, 0x000000077c000000, 0x000000077c000000|100%|HS|  |TAMS 0x000000077be00000| PB 0x000000077be00000| Complete 
| 992|0x000000077c000000, 0x000000077c200000, 0x000000077c200000|100%|HS|  |TAMS 0x000000077c000000| PB 0x000000077c000000| Complete 
| 993|0x000000077c200000, 0x000000077c400000, 0x000000077c400000|100%|HS|  |TAMS 0x000000077c200000| PB 0x000000077c200000| Complete 
| 994|0x000000077c400000, 0x000000077c600000, 0x000000077c600000|100%|HS|  |TAMS 0x000000077c400000| PB 0x000000077c400000| Complete 
| 995|0x000000077c600000, 0x000000077c800000, 0x000000077c800000|100%|HS|  |TAMS 0x000000077c600000| PB 0x000000077c600000| Complete 
| 996|0x000000077c800000, 0x000000077ca00000, 0x000000077ca00000|100%|HS|  |TAMS 0x000000077c800000| PB 0x000000077c800000| Complete 
| 997|0x000000077ca00000, 0x000000077cc00000, 0x000000077cc00000|100%|HS|  |TAMS 0x000000077ca00000| PB 0x000000077ca00000| Complete 
| 998|0x000000077cc00000, 0x000000077ce00000, 0x000000077ce00000|100%|HS|  |TAMS 0x000000077cc00000| PB 0x000000077cc00000| Complete 
| 999|0x000000077ce00000, 0x000000077d000000, 0x000000077d000000|100%|HS|  |TAMS 0x000000077ce00000| PB 0x000000077ce00000| Complete 
|1000|0x000000077d000000, 0x000000077d200000, 0x000000077d200000|100%|HS|  |TAMS 0x000000077d000000| PB 0x000000077d000000| Complete 
|1001|0x000000077d200000, 0x000000077d400000, 0x000000077d400000|100%|HS|  |TAMS 0x000000077d200000| PB 0x000000077d200000| Complete 
|1002|0x000000077d400000, 0x000000077d600000, 0x000000077d600000|100%|HS|  |TAMS 0x000000077d400000| PB 0x000000077d400000| Complete 
|1003|0x000000077d600000, 0x000000077d800000, 0x000000077d800000|100%|HS|  |TAMS 0x000000077d600000| PB 0x000000077d600000| Complete 
|1004|0x000000077d800000, 0x000000077da00000, 0x000000077da00000|100%|HS|  |TAMS 0x000000077d800000| PB 0x000000077d800000| Complete 
|1005|0x000000077da00000, 0x000000077dc00000, 0x000000077dc00000|100%|HS|  |TAMS 0x000000077da00000| PB 0x000000077da00000| Complete 
|1006|0x000000077dc00000, 0x000000077de00000, 0x000000077de00000|100%|HS|  |TAMS 0x000000077dc00000| PB 0x000000077dc00000| Complete 
|1007|0x000000077de00000, 0x000000077e000000, 0x000000077e000000|100%|HS|  |TAMS 0x000000077de00000| PB 0x000000077de00000| Complete 
|1008|0x000000077e000000, 0x000000077e200000, 0x000000077e200000|100%|HS|  |TAMS 0x000000077e000000| PB 0x000000077e000000| Complete 
|1009|0x000000077e200000, 0x000000077e400000, 0x000000077e400000|100%|HS|  |TAMS 0x000000077e200000| PB 0x000000077e200000| Complete 
|1010|0x000000077e400000, 0x000000077e600000, 0x000000077e600000|100%|HS|  |TAMS 0x000000077e400000| PB 0x000000077e400000| Complete 
|1011|0x000000077e600000, 0x000000077e800000, 0x000000077e800000|100%|HS|  |TAMS 0x000000077e600000| PB 0x000000077e600000| Complete 
|1012|0x000000077e800000, 0x000000077ea00000, 0x000000077ea00000|100%|HS|  |TAMS 0x000000077e800000| PB 0x000000077e800000| Complete 
|1013|0x000000077ea00000, 0x000000077ec00000, 0x000000077ec00000|100%|HS|  |TAMS 0x000000077ea00000| PB 0x000000077ea00000| Complete 
|1014|0x000000077ec00000, 0x000000077ee00000, 0x000000077ee00000|100%|HS|  |TAMS 0x000000077ec00000| PB 0x000000077ec00000| Complete 
|1015|0x000000077ee00000, 0x000000077f000000, 0x000000077f000000|100%|HS|  |TAMS 0x000000077ee00000| PB 0x000000077ee00000| Complete 
|1016|0x000000077f000000, 0x000000077f200000, 0x000000077f200000|100%|HS|  |TAMS 0x000000077f000000| PB 0x000000077f000000| Complete 
|1017|0x000000077f200000, 0x000000077f400000, 0x000000077f400000|100%|HS|  |TAMS 0x000000077f200000| PB 0x000000077f200000| Complete 
|1018|0x000000077f400000, 0x000000077f600000, 0x000000077f600000|100%|HS|  |TAMS 0x000000077f400000| PB 0x000000077f400000| Complete 
|1019|0x000000077f600000, 0x000000077f800000, 0x000000077f800000|100%|HS|  |TAMS 0x000000077f600000| PB 0x000000077f600000| Complete 
|1020|0x000000077f800000, 0x000000077fa00000, 0x000000077fa00000|100%|HS|  |TAMS 0x000000077f800000| PB 0x000000077f800000| Complete 
|1021|0x000000077fa00000, 0x000000077fc00000, 0x000000077fc00000|100%|HS|  |TAMS 0x000000077fa00000| PB 0x000000077fa00000| Complete 
|1022|0x000000077fc00000, 0x000000077fe00000, 0x000000077fe00000|100%|HS|  |TAMS 0x000000077fc00000| PB 0x000000077fc00000| Complete 
|1023|0x000000077fe00000, 0x0000000780000000, 0x0000000780000000|100%|HS|  |TAMS 0x000000077fe00000| PB 0x000000077fe00000| Complete 
|1024|0x0000000780000000, 0x0000000780200000, 0x0000000780200000|100%|HS|  |TAMS 0x0000000780000000| PB 0x0000000780000000| Complete 
|1025|0x0000000780200000, 0x0000000780400000, 0x0000000780400000|100%| S|  |TAMS 0x0000000780200000| PB 0x0000000780200000| Complete 
|1026|0x0000000780400000, 0x0000000780600000, 0x0000000780600000|100%| S|  |TAMS 0x0000000780400000| PB 0x0000000780400000| Complete 
|1027|0x0000000780600000, 0x0000000780800000, 0x0000000780800000|100%| S|  |TAMS 0x0000000780600000| PB 0x0000000780600000| Complete 
|1028|0x0000000780800000, 0x0000000780a00000, 0x0000000780a00000|100%| S|  |TAMS 0x0000000780800000| PB 0x0000000780800000| Complete 
|1029|0x0000000780a00000, 0x0000000780c00000, 0x0000000780c00000|100%| S|  |TAMS 0x0000000780a00000| PB 0x0000000780a00000| Complete 
|1030|0x0000000780c00000, 0x0000000780e00000, 0x0000000780e00000|100%| S|  |TAMS 0x0000000780c00000| PB 0x0000000780c00000| Complete 
|1031|0x0000000780e00000, 0x0000000781000000, 0x0000000781000000|100%| S|  |TAMS 0x0000000780e00000| PB 0x0000000780e00000| Complete 
|1032|0x0000000781000000, 0x0000000781200000, 0x0000000781200000|100%| S|  |TAMS 0x0000000781000000| PB 0x0000000781000000| Complete 
|1033|0x0000000781200000, 0x0000000781400000, 0x0000000781400000|100%| S|  |TAMS 0x0000000781200000| PB 0x0000000781200000| Complete 
|1034|0x0000000781400000, 0x0000000781600000, 0x0000000781600000|100%| S|  |TAMS 0x0000000781400000| PB 0x0000000781400000| Complete 
|1035|0x0000000781600000, 0x0000000781800000, 0x0000000781800000|100%| S|  |TAMS 0x0000000781600000| PB 0x0000000781600000| Complete 
|1036|0x0000000781800000, 0x0000000781a00000, 0x0000000781a00000|100%| S|  |TAMS 0x0000000781800000| PB 0x0000000781800000| Complete 
|1037|0x0000000781a00000, 0x0000000781c00000, 0x0000000781c00000|100%| S|  |TAMS 0x0000000781a00000| PB 0x0000000781a00000| Complete 
|1038|0x0000000781c00000, 0x0000000781e00000, 0x0000000781e00000|100%| S|  |TAMS 0x0000000781c00000| PB 0x0000000781c00000| Complete 
|1039|0x0000000781e00000, 0x0000000782000000, 0x0000000782000000|100%| S|  |TAMS 0x0000000781e00000| PB 0x0000000781e00000| Complete 
|1040|0x0000000782000000, 0x0000000782200000, 0x0000000782200000|100%| S|  |TAMS 0x0000000782000000| PB 0x0000000782000000| Complete 
|1041|0x0000000782200000, 0x0000000782400000, 0x0000000782400000|100%| S|  |TAMS 0x0000000782200000| PB 0x0000000782200000| Complete 
|1042|0x0000000782400000, 0x0000000782600000, 0x0000000782600000|100%| S|  |TAMS 0x0000000782400000| PB 0x0000000782400000| Complete 
|1043|0x0000000782600000, 0x0000000782800000, 0x0000000782800000|100%| S|  |TAMS 0x0000000782600000| PB 0x0000000782600000| Complete 
|1044|0x0000000782800000, 0x0000000782a00000, 0x0000000782a00000|100%| S|  |TAMS 0x0000000782800000| PB 0x0000000782800000| Complete 
|1045|0x0000000782a00000, 0x0000000782c00000, 0x0000000782c00000|100%| S|  |TAMS 0x0000000782a00000| PB 0x0000000782a00000| Complete 
|1972|0x00000007f6800000, 0x00000007f6a00000, 0x00000007f6a00000|100%| E|CS|TAMS 0x00000007f6800000| PB 0x00000007f6800000| Complete 
|1973|0x00000007f6a00000, 0x00000007f6c00000, 0x00000007f6c00000|100%| E|CS|TAMS 0x00000007f6a00000| PB 0x00000007f6a00000| Complete 
|1974|0x00000007f6c00000, 0x00000007f6e00000, 0x00000007f6e00000|100%| E|CS|TAMS 0x00000007f6c00000| PB 0x00000007f6c00000| Complete 
|1975|0x00000007f6e00000, 0x00000007f7000000, 0x00000007f7000000|100%| E|CS|TAMS 0x00000007f6e00000| PB 0x00000007f6e00000| Complete 
|1976|0x00000007f7000000, 0x00000007f7200000, 0x00000007f7200000|100%| E|CS|TAMS 0x00000007f7000000| PB 0x00000007f7000000| Complete 
|1977|0x00000007f7200000, 0x00000007f7400000, 0x00000007f7400000|100%| E|CS|TAMS 0x00000007f7200000| PB 0x00000007f7200000| Complete 
|1978|0x00000007f7400000, 0x00000007f7600000, 0x00000007f7600000|100%| E|CS|TAMS 0x00000007f7400000| PB 0x00000007f7400000| Complete 
|1979|0x00000007f7600000, 0x00000007f7800000, 0x00000007f7800000|100%| O|  |TAMS 0x00000007f7600000| PB 0x00000007f7600000| Untracked 
|1980|0x00000007f7800000, 0x00000007f7a00000, 0x00000007f7a00000|100%| O|  |TAMS 0x00000007f7800000| PB 0x00000007f7800000| Untracked 
|1981|0x00000007f7a00000, 0x00000007f7c00000, 0x00000007f7c00000|100%| O|  |TAMS 0x00000007f7a00000| PB 0x00000007f7a00000| Untracked 
|1982|0x00000007f7c00000, 0x00000007f7e00000, 0x00000007f7e00000|100%| E|CS|TAMS 0x00000007f7c00000| PB 0x00000007f7c00000| Complete 
|1983|0x00000007f7e00000, 0x00000007f8000000, 0x00000007f8000000|100%| E|CS|TAMS 0x00000007f7e00000| PB 0x00000007f7e00000| Complete 
|1984|0x00000007f8000000, 0x00000007f8200000, 0x00000007f8200000|100%| E|CS|TAMS 0x00000007f8000000| PB 0x00000007f8000000| Complete 
|1985|0x00000007f8200000, 0x00000007f8400000, 0x00000007f8400000|100%| E|CS|TAMS 0x00000007f8200000| PB 0x00000007f8200000| Complete 
|1986|0x00000007f8400000, 0x00000007f8600000, 0x00000007f8600000|100%| E|CS|TAMS 0x00000007f8400000| PB 0x00000007f8400000| Complete 
|1987|0x00000007f8600000, 0x00000007f8800000, 0x00000007f8800000|100%| E|CS|TAMS 0x00000007f8600000| PB 0x00000007f8600000| Complete 
|1988|0x00000007f8800000, 0x00000007f8a00000, 0x00000007f8a00000|100%| E|CS|TAMS 0x00000007f8800000| PB 0x00000007f8800000| Complete 
|1989|0x00000007f8a00000, 0x00000007f8c00000, 0x00000007f8c00000|100%| E|CS|TAMS 0x00000007f8a00000| PB 0x00000007f8a00000| Complete 
|1990|0x00000007f8c00000, 0x00000007f8e00000, 0x00000007f8e00000|100%| O|Cm|TAMS 0x00000007f8c00000| PB 0x00000007f8c00000| Complete 
|1991|0x00000007f8e00000, 0x00000007f9000000, 0x00000007f9000000|100%| E|CS|TAMS 0x00000007f8e00000| PB 0x00000007f8e00000| Complete 
|1992|0x00000007f9000000, 0x00000007f9200000, 0x00000007f9200000|100%| E|CS|TAMS 0x00000007f9000000| PB 0x00000007f9000000| Complete 
|1993|0x00000007f9200000, 0x00000007f9400000, 0x00000007f9400000|100%| E|CS|TAMS 0x00000007f9200000| PB 0x00000007f9200000| Complete 
|1994|0x00000007f9400000, 0x00000007f9500000, 0x00000007f9600000| 50%| E|CS|TAMS 0x00000007f9400000| PB 0x00000007f9400000| Complete 
|1995|0x00000007f9600000, 0x00000007f9800000, 0x00000007f9800000|100%| E|CS|TAMS 0x00000007f9600000| PB 0x00000007f9600000| Complete 
|1996|0x00000007f9800000, 0x00000007f9a00000, 0x00000007f9a00000|100%| E|CS|TAMS 0x00000007f9800000| PB 0x00000007f9800000| Complete 
|1997|0x00000007f9a00000, 0x00000007f9c00000, 0x00000007f9c00000|100%| E|CS|TAMS 0x00000007f9a00000| PB 0x00000007f9a00000| Complete 
|1998|0x00000007f9c00000, 0x00000007f9e00000, 0x00000007f9e00000|100%| E|CS|TAMS 0x00000007f9c00000| PB 0x00000007f9c00000| Complete 
|1999|0x00000007f9e00000, 0x00000007fa000000, 0x00000007fa000000|100%| E|CS|TAMS 0x00000007f9e00000| PB 0x00000007f9e00000| Complete 
|2000|0x00000007fa000000, 0x00000007fa200000, 0x00000007fa200000|100%| E|CS|TAMS 0x00000007fa000000| PB 0x00000007fa000000| Complete 
|2001|0x00000007fa200000, 0x00000007fa400000, 0x00000007fa400000|100%| E|CS|TAMS 0x00000007fa200000| PB 0x00000007fa200000| Complete 
|2002|0x00000007fa400000, 0x00000007fa600000, 0x00000007fa600000|100%| E|CS|TAMS 0x00000007fa400000| PB 0x00000007fa400000| Complete 
|2003|0x00000007fa600000, 0x00000007fa800000, 0x00000007fa800000|100%| E|CS|TAMS 0x00000007fa600000| PB 0x00000007fa600000| Complete 
|2004|0x00000007fa800000, 0x00000007faa00000, 0x00000007faa00000|100%| E|CS|TAMS 0x00000007fa800000| PB 0x00000007fa800000| Complete 
|2005|0x00000007faa00000, 0x00000007fac00000, 0x00000007fac00000|100%| E|CS|TAMS 0x00000007faa00000| PB 0x00000007faa00000| Complete 
|2006|0x00000007fac00000, 0x00000007fae00000, 0x00000007fae00000|100%| E|CS|TAMS 0x00000007fac00000| PB 0x00000007fac00000| Complete 
|2007|0x00000007fae00000, 0x00000007fb000000, 0x00000007fb000000|100%| E|CS|TAMS 0x00000007fae00000| PB 0x00000007fae00000| Complete 
|2008|0x00000007fb000000, 0x00000007fb200000, 0x00000007fb200000|100%| E|CS|TAMS 0x00000007fb000000| PB 0x00000007fb000000| Complete 
|2009|0x00000007fb200000, 0x00000007fb400000, 0x00000007fb400000|100%| E|CS|TAMS 0x00000007fb200000| PB 0x00000007fb200000| Complete 
|2010|0x00000007fb400000, 0x00000007fb600000, 0x00000007fb600000|100%| E|CS|TAMS 0x00000007fb400000| PB 0x00000007fb400000| Complete 
|2011|0x00000007fb600000, 0x00000007fb800000, 0x00000007fb800000|100%| E|CS|TAMS 0x00000007fb600000| PB 0x00000007fb600000| Complete 
|2012|0x00000007fb800000, 0x00000007fba00000, 0x00000007fba00000|100%| E|CS|TAMS 0x00000007fb800000| PB 0x00000007fb800000| Complete 
|2013|0x00000007fba00000, 0x00000007fbc00000, 0x00000007fbc00000|100%| E|CS|TAMS 0x00000007fba00000| PB 0x00000007fba00000| Complete 
|2014|0x00000007fbc00000, 0x00000007fbe00000, 0x00000007fbe00000|100%| E|CS|TAMS 0x00000007fbc00000| PB 0x00000007fbc00000| Complete 
|2015|0x00000007fbe00000, 0x00000007fc000000, 0x00000007fc000000|100%| E|CS|TAMS 0x00000007fbe00000| PB 0x00000007fbe00000| Complete 
|2016|0x00000007fc000000, 0x00000007fc200000, 0x00000007fc200000|100%| E|CS|TAMS 0x00000007fc000000| PB 0x00000007fc000000| Complete 
|2017|0x00000007fc200000, 0x00000007fc400000, 0x00000007fc400000|100%| E|CS|TAMS 0x00000007fc200000| PB 0x00000007fc200000| Complete 
|2018|0x00000007fc400000, 0x00000007fc600000, 0x00000007fc600000|100%| E|CS|TAMS 0x00000007fc400000| PB 0x00000007fc400000| Complete 
|2019|0x00000007fc600000, 0x00000007fc800000, 0x00000007fc800000|100%| E|CS|TAMS 0x00000007fc600000| PB 0x00000007fc600000| Complete 
|2020|0x00000007fc800000, 0x00000007fca00000, 0x00000007fca00000|100%| E|CS|TAMS 0x00000007fc800000| PB 0x00000007fc800000| Complete 
|2021|0x00000007fca00000, 0x00000007fcc00000, 0x00000007fcc00000|100%| E|CS|TAMS 0x00000007fca00000| PB 0x00000007fca00000| Complete 
|2022|0x00000007fcc00000, 0x00000007fce00000, 0x00000007fce00000|100%| E|CS|TAMS 0x00000007fcc00000| PB 0x00000007fcc00000| Complete 
|2023|0x00000007fce00000, 0x00000007fd000000, 0x00000007fd000000|100%| E|CS|TAMS 0x00000007fce00000| PB 0x00000007fce00000| Complete 
|2024|0x00000007fd000000, 0x00000007fd200000, 0x00000007fd200000|100%| E|CS|TAMS 0x00000007fd000000| PB 0x00000007fd000000| Complete 
|2025|0x00000007fd200000, 0x00000007fd400000, 0x00000007fd400000|100%| E|CS|TAMS 0x00000007fd200000| PB 0x00000007fd200000| Complete 
|2026|0x00000007fd400000, 0x00000007fd600000, 0x00000007fd600000|100%| E|CS|TAMS 0x00000007fd400000| PB 0x00000007fd400000| Complete 
|2027|0x00000007fd600000, 0x00000007fd800000, 0x00000007fd800000|100%| E|CS|TAMS 0x00000007fd600000| PB 0x00000007fd600000| Complete 
|2028|0x00000007fd800000, 0x00000007fda00000, 0x00000007fda00000|100%| E|CS|TAMS 0x00000007fd800000| PB 0x00000007fd800000| Complete 
|2029|0x00000007fda00000, 0x00000007fdc00000, 0x00000007fdc00000|100%| E|CS|TAMS 0x00000007fda00000| PB 0x00000007fda00000| Complete 
|2030|0x00000007fdc00000, 0x00000007fde00000, 0x00000007fde00000|100%| E|CS|TAMS 0x00000007fdc00000| PB 0x00000007fdc00000| Complete 
|2031|0x00000007fde00000, 0x00000007fe000000, 0x00000007fe000000|100%| E|CS|TAMS 0x00000007fde00000| PB 0x00000007fde00000| Complete 
|2032|0x00000007fe000000, 0x00000007fe200000, 0x00000007fe200000|100%| E|CS|TAMS 0x00000007fe000000| PB 0x00000007fe000000| Complete 
|2033|0x00000007fe200000, 0x00000007fe400000, 0x00000007fe400000|100%| E|CS|TAMS 0x00000007fe200000| PB 0x00000007fe200000| Complete 
|2034|0x00000007fe400000, 0x00000007fe600000, 0x00000007fe600000|100%| E|CS|TAMS 0x00000007fe400000| PB 0x00000007fe400000| Complete 
|2035|0x00000007fe600000, 0x00000007fe800000, 0x00000007fe800000|100%| O|  |TAMS 0x00000007fe600000| PB 0x00000007fe600000| Untracked 
|2036|0x00000007fe800000, 0x00000007fea00000, 0x00000007fea00000|100%| E|CS|TAMS 0x00000007fe800000| PB 0x00000007fe800000| Complete 
|2037|0x00000007fea00000, 0x00000007fec00000, 0x00000007fec00000|100%| E|CS|TAMS 0x00000007fea00000| PB 0x00000007fea00000| Complete 
|2038|0x00000007fec00000, 0x00000007fee00000, 0x00000007fee00000|100%| E|CS|TAMS 0x00000007fec00000| PB 0x00000007fec00000| Complete 
|2039|0x00000007fee00000, 0x00000007ff000000, 0x00000007ff000000|100%| E|CS|TAMS 0x00000007fee00000| PB 0x00000007fee00000| Complete 
|2040|0x00000007ff000000, 0x00000007ff200000, 0x00000007ff200000|100%| E|CS|TAMS 0x00000007ff000000| PB 0x00000007ff000000| Complete 
|2041|0x00000007ff200000, 0x00000007ff400000, 0x00000007ff400000|100%| E|CS|TAMS 0x00000007ff200000| PB 0x00000007ff200000| Complete 
|2042|0x00000007ff400000, 0x00000007ff600000, 0x00000007ff600000|100%| E|CS|TAMS 0x00000007ff400000| PB 0x00000007ff400000| Complete 
|2043|0x00000007ff600000, 0x00000007ff800000, 0x00000007ff800000|100%| E|CS|TAMS 0x00000007ff600000| PB 0x00000007ff600000| Complete 
|2044|0x00000007ff800000, 0x00000007ffa00000, 0x00000007ffa00000|100%| E|CS|TAMS 0x00000007ff800000| PB 0x00000007ff800000| Complete 
|2045|0x00000007ffa00000, 0x00000007ffc00000, 0x00000007ffc00000|100%| E|CS|TAMS 0x00000007ffa00000| PB 0x00000007ffa00000| Complete 
|2046|0x00000007ffc00000, 0x00000007ffe00000, 0x00000007ffe00000|100%| E|CS|TAMS 0x00000007ffc00000| PB 0x00000007ffc00000| Complete 
|2047|0x00000007ffe00000, 0x0000000800000000, 0x0000000800000000|100%| E|CS|TAMS 0x00000007ffe00000| PB 0x00000007ffe00000| Complete 

Card table byte_map: [0x000002bad3a80000,0x000002bad4280000] _byte_map_base: 0x000002bad0280000

Marking Bits: (CMBitMap*) 0x000002babb589ec0
 Bits: [0x000002bad4280000, 0x000002bad8280000)

Polling page: 0x000002bab9360000

Metaspace:

Usage:
  Non-class:    169.82 MB used.
      Class:     25.13 MB used.
       Both:    194.95 MB used.

Virtual space:
  Non-class space:      192.00 MB reserved,     171.44 MB ( 89%) committed,  3 nodes.
      Class space:        1.00 GB reserved,      26.75 MB (  3%) committed,  1 nodes.
             Both:        1.19 GB reserved,     198.19 MB ( 16%) committed. 

Chunk freelists:
   Non-Class:  4.41 MB
       Class:  5.30 MB
        Both:  9.70 MB

MaxMetaspaceSize: unlimited
CompressedClassSpaceSize: 1.00 GB
Initial GC threshold: 21.00 MB
Current GC threshold: 326.56 MB
CDS: on
 - commit_granule_bytes: 65536.
 - commit_granule_words: 8192.
 - virtual_space_node_default_size: 8388608.
 - enlarge_chunks_in_place: 1.
 - use_allocation_guard: 0.


Internal statistics:

num_allocs_failed_limit: 9.
num_arena_births: 5884.
num_arena_deaths: 28.
num_vsnodes_births: 4.
num_vsnodes_deaths: 0.
num_space_committed: 3171.
num_space_uncommitted: 2.
num_chunks_returned_to_freelist: 60.
num_chunks_taken_from_freelist: 15330.
num_chunk_merges: 14.
num_chunk_splits: 9976.
num_chunks_enlarged: 6336.
num_inconsistent_stats: 0.

CodeHeap 'non-profiled nmethods': size=120000Kb used=16077Kb max_used=28157Kb free=103923Kb
 bounds [0x000002bacb800000, 0x000002bacd3d0000, 0x000002bad2d30000]
CodeHeap 'profiled nmethods': size=120000Kb used=26926Kb max_used=58832Kb free=93074Kb
 bounds [0x000002bac3d30000, 0x000002bac76b0000, 0x000002bacb260000]
CodeHeap 'non-nmethods': size=5760Kb used=3489Kb max_used=3567Kb free=2270Kb
 bounds [0x000002bacb260000, 0x000002bacb600000, 0x000002bacb800000]
 total_blobs=15473 nmethods=14294 adapters=1079
 compilation: enabled
              stopped_count=0, restarted_count=0
 full_count=0

Compilation events (20 events):
Event: 769.221 Thread 0x000002bad846b090 56062 %     4       java.math.BigInteger::montReduce @ 9 (99 bytes)
Event: 769.223 Thread 0x000002bb2f9ff770 nmethod 56017 0x000002bacc3a0e90 code [0x000002bacc3a1060, 0x000002bacc3a1558]
Event: 769.223 Thread 0x000002bb2f9ff770 56035       4       java.math.MutableBigInteger::add (346 bytes)
Event: 769.224 Thread 0x000002bb1c083a50 56068       2       org.gradle.internal.classloader.TransformReplacer::access$200 (5 bytes)
Event: 769.224 Thread 0x000002bb1c083a50 nmethod 56068 0x000002bac4c7dc10 code [0x000002bac4c7ddc0, 0x000002bac4c7df88]
Event: 769.225 Thread 0x000002bb1c083a50 56069  s!   2       org.gradle.internal.classloader.TransformReplacer$JarLoader::loadTransformedClass (55 bytes)
Event: 769.226 Thread 0x000002bb1c083a50 nmethod 56069 0x000002bac4d79010 code [0x000002bac4d79280, 0x000002bac4d79970]
Event: 769.226 Thread 0x000002bb1c083a50 56070       2       org.gradle.internal.classloader.TransformReplacer$JarLoader::getJarFileLocked (96 bytes)
Event: 769.226 Thread 0x000002bb1c083a50 nmethod 56070 0x000002bac4952990 code [0x000002bac4952c40, 0x000002bac4953730]
Event: 769.228 Thread 0x000002bb2510e190 nmethod 56064 0x000002bacc39fd10 code [0x000002bacc39fee0, 0x000002bacc3a09a0]
Event: 769.228 Thread 0x000002bb2510e190 56039       4       java.math.MutableBigInteger::subtract (220 bytes)
Event: 769.228 Thread 0x000002bad846b090 nmethod 56062% 0x000002bacc39ee90 code [0x000002bacc39f060, 0x000002bacc39f8c0]
Event: 769.228 Thread 0x000002bad846b090 56038       4       java.math.MutableBigInteger::primitiveLeftShift (89 bytes)
Event: 769.231 Thread 0x000002bad846b090 nmethod 56038 0x000002bacc39e910 code [0x000002bacc39eaa0, 0x000002bacc39ed50]
Event: 769.231 Thread 0x000002bad846b090 56014       4       sun.reflect.generics.visitor.Reifier::<init> (10 bytes)
Event: 769.231 Thread 0x000002bad846b090 nmethod 56014 0x000002bacc39e590 code [0x000002bacc39e720, 0x000002bacc39e880]
Event: 769.231 Thread 0x000002bad846b090 56067       4       org.gradle.internal.classloader.TransformReplacer::ensureOpened (18 bytes)
Event: 769.232 Thread 0x000002bad846b090 nmethod 56067 0x000002bacbdc5c90 code [0x000002bacbdc5e20, 0x000002bacbdc5ec8]
Event: 769.236 Thread 0x000002bb2f9ff770 nmethod 56035 0x000002bacc39d210 code [0x000002bacc39d3e0, 0x000002bacc39e150]
Event: 769.239 Thread 0x000002bb2510e190 nmethod 56039 0x000002bacc773a10 code [0x000002bacc773be0, 0x000002bacc774740]

GC Heap History (20 events):
Event: 759.944 GC heap after
{Heap after GC invocations=119 (full 0):
 garbage-first heap   total 1601536K, used 646282K [0x0000000700000000, 0x0000000800000000)
  region size 2048K, 26 young (53248K), 26 survivors (53248K)
 Metaspace       used 196526K, committed 199744K, reserved 1245184K
  class space    used 25374K, committed 27008K, reserved 1048576K
}
Event: 760.301 GC heap before
{Heap before GC invocations=119 (full 0):
 garbage-first heap   total 1601536K, used 1463434K [0x0000000700000000, 0x0000000800000000)
  region size 2048K, 426 young (872448K), 26 survivors (53248K)
 Metaspace       used 196856K, committed 200064K, reserved 1245184K
  class space    used 25392K, committed 27008K, reserved 1048576K
}
Event: 761.352 GC heap after
{Heap after GC invocations=120 (full 0):
 garbage-first heap   total 2093056K, used 674954K [0x0000000700000000, 0x0000000800000000)
  region size 2048K, 40 young (81920K), 40 survivors (81920K)
 Metaspace       used 196856K, committed 200064K, reserved 1245184K
  class space    used 25392K, committed 27008K, reserved 1048576K
}
Event: 761.380 GC heap before
{Heap before GC invocations=120 (full 0):
 garbage-first heap   total 2093056K, used 695434K [0x0000000700000000, 0x0000000800000000)
  region size 2048K, 51 young (104448K), 40 survivors (81920K)
 Metaspace       used 196888K, committed 200064K, reserved 1245184K
  class space    used 25392K, committed 27008K, reserved 1048576K
}
Event: 761.397 GC heap after
{Heap after GC invocations=121 (full 0):
 garbage-first heap   total 2093056K, used 685056K [0x0000000700000000, 0x0000000800000000)
  region size 2048K, 6 young (12288K), 6 survivors (12288K)
 Metaspace       used 196888K, committed 200064K, reserved 1245184K
  class space    used 25392K, committed 27008K, reserved 1048576K
}
Event: 761.480 GC heap before
{Heap before GC invocations=121 (full 0):
 garbage-first heap   total 2093056K, used 775168K [0x0000000700000000, 0x0000000800000000)
  region size 2048K, 51 young (104448K), 6 survivors (12288K)
 Metaspace       used 196993K, committed 200192K, reserved 1245184K
  class space    used 25392K, committed 27008K, reserved 1048576K
}
Event: 761.484 GC heap after
{Heap after GC invocations=122 (full 0):
 garbage-first heap   total 2093056K, used 689152K [0x0000000700000000, 0x0000000800000000)
  region size 2048K, 7 young (14336K), 7 survivors (14336K)
 Metaspace       used 196993K, committed 200192K, reserved 1245184K
  class space    used 25392K, committed 27008K, reserved 1048576K
}
Event: 761.562 GC heap before
{Heap before GC invocations=122 (full 0):
 garbage-first heap   total 2093056K, used 777216K [0x0000000700000000, 0x0000000800000000)
  region size 2048K, 51 young (104448K), 7 survivors (14336K)
 Metaspace       used 197031K, committed 200192K, reserved 1245184K
  class space    used 25392K, committed 27008K, reserved 1048576K
}
Event: 761.566 GC heap after
{Heap after GC invocations=123 (full 0):
 garbage-first heap   total 2093056K, used 698617K [0x0000000700000000, 0x0000000800000000)
  region size 2048K, 6 young (12288K), 6 survivors (12288K)
 Metaspace       used 197031K, committed 200192K, reserved 1245184K
  class space    used 25392K, committed 27008K, reserved 1048576K
}
Event: 761.664 GC heap before
{Heap before GC invocations=123 (full 0):
 garbage-first heap   total 2093056K, used 788729K [0x0000000700000000, 0x0000000800000000)
  region size 2048K, 51 young (104448K), 6 survivors (12288K)
 Metaspace       used 197033K, committed 200192K, reserved 1245184K
  class space    used 25392K, committed 27008K, reserved 1048576K
}
Event: 761.668 GC heap after
{Heap after GC invocations=124 (full 0):
 garbage-first heap   total 2093056K, used 712287K [0x0000000700000000, 0x0000000800000000)
  region size 2048K, 7 young (14336K), 7 survivors (14336K)
 Metaspace       used 197033K, committed 200192K, reserved 1245184K
  class space    used 25392K, committed 27008K, reserved 1048576K
}
Event: 761.763 GC heap before
{Heap before GC invocations=124 (full 0):
 garbage-first heap   total 2093056K, used 802399K [0x0000000700000000, 0x0000000800000000)
  region size 2048K, 51 young (104448K), 7 survivors (14336K)
 Metaspace       used 197034K, committed 200192K, reserved 1245184K
  class space    used 25392K, committed 27008K, reserved 1048576K
}
Event: 761.767 GC heap after
{Heap after GC invocations=125 (full 0):
 garbage-first heap   total 2093056K, used 715591K [0x0000000700000000, 0x0000000800000000)
  region size 2048K, 3 young (6144K), 3 survivors (6144K)
 Metaspace       used 197034K, committed 200192K, reserved 1245184K
  class space    used 25392K, committed 27008K, reserved 1048576K
}
Event: 762.554 GC heap before
{Heap before GC invocations=126 (full 0):
 garbage-first heap   total 2093056K, used 1962823K [0x0000000700000000, 0x0000000800000000)
  region size 2048K, 613 young (1255424K), 3 survivors (6144K)
 Metaspace       used 197202K, committed 200384K, reserved 1245184K
  class space    used 25398K, committed 27008K, reserved 1048576K
}
Event: 762.562 GC heap after
{Heap after GC invocations=127 (full 0):
 garbage-first heap   total 2093056K, used 735469K [0x0000000700000000, 0x0000000800000000)
  region size 2048K, 12 young (24576K), 12 survivors (24576K)
 Metaspace       used 197202K, committed 200384K, reserved 1245184K
  class space    used 25398K, committed 27008K, reserved 1048576K
}
Event: 767.539 GC heap before
{Heap before GC invocations=127 (full 0):
 garbage-first heap   total 2093056K, used 1974509K [0x0000000700000000, 0x0000000800000000)
  region size 2048K, 610 young (1249280K), 12 survivors (24576K)
 Metaspace       used 197392K, committed 200576K, reserved 1245184K
  class space    used 25403K, committed 27008K, reserved 1048576K
}
Event: 767.562 GC heap after
{Heap after GC invocations=128 (full 0):
 garbage-first heap   total 2093056K, used 782178K [0x0000000700000000, 0x0000000800000000)
  region size 2048K, 45 young (92160K), 45 survivors (92160K)
 Metaspace       used 197392K, committed 200576K, reserved 1245184K
  class space    used 25403K, committed 27008K, reserved 1048576K
}
Event: 767.621 GC heap before
{Heap before GC invocations=128 (full 0):
 garbage-first heap   total 2093056K, used 857954K [0x0000000700000000, 0x0000000800000000)
  region size 2048K, 84 young (172032K), 45 survivors (92160K)
 Metaspace       used 197401K, committed 200576K, reserved 1245184K
  class space    used 25404K, committed 27008K, reserved 1048576K
}
Event: 767.639 GC heap after
{Heap after GC invocations=129 (full 0):
 garbage-first heap   total 2093056K, used 805497K [0x0000000700000000, 0x0000000800000000)
  region size 2048K, 14 young (28672K), 14 survivors (28672K)
 Metaspace       used 197401K, committed 200576K, reserved 1245184K
  class space    used 25404K, committed 27008K, reserved 1048576K
}
Event: 770.441 GC heap before
{Heap before GC invocations=130 (full 0):
 garbage-first heap   total 2254848K, used 2251385K [0x0000000700000000, 0x0000000800000000)
  region size 2048K, 328 young (671744K), 14 survivors (28672K)
 Metaspace       used 199630K, committed 202944K, reserved 1245184K
  class space    used 25737K, committed 27392K, reserved 1048576K
}

Dll operation events (16 events):
Event: 0.006 Loaded shared library C:\Program Files\Zulu\zulu-21\bin\java.dll
Event: 0.021 Loaded shared library C:\Program Files\Zulu\zulu-21\bin\jsvml.dll
Event: 0.040 Loaded shared library C:\Program Files\Zulu\zulu-21\bin\zip.dll
Event: 0.043 Loaded shared library C:\Program Files\Zulu\zulu-21\bin\instrument.dll
Event: 0.045 Loaded shared library C:\Program Files\Zulu\zulu-21\bin\net.dll
Event: 0.046 Loaded shared library C:\Program Files\Zulu\zulu-21\bin\nio.dll
Event: 0.048 Loaded shared library C:\Program Files\Zulu\zulu-21\bin\zip.dll
Event: 0.201 Loaded shared library C:\Program Files\Zulu\zulu-21\bin\jimage.dll
Event: 0.275 Loaded shared library C:\Program Files\Zulu\zulu-21\bin\verify.dll
Event: 0.313 Loaded shared library C:\Users\Administrator\.gradle\native\1def1411415f61bf3af743bc5b6707747c0891f09f0c88961ee8f79bc544acac\windows-amd64\native-platform.dll
Event: 0.318 Loaded shared library C:\Users\Administrator\.gradle\native\0.2.7\x86_64-windows-gnu\gradle-fileevents.dll
Event: 0.786 Loaded shared library C:\Program Files\Zulu\zulu-21\bin\management.dll
Event: 0.787 Loaded shared library C:\Program Files\Zulu\zulu-21\bin\management_ext.dll
Event: 0.847 Loaded shared library C:\Program Files\Zulu\zulu-21\bin\extnet.dll
Event: 0.934 Loaded shared library C:\Program Files\Zulu\zulu-21\bin\sunmscapi.dll
Event: 22.206 Loaded shared library C:\Program Files\Zulu\zulu-21\bin\rmi.dll

Deoptimization events (20 events):
Event: 768.985 Thread 0x000002bb3054c180 DEOPT PACKING pc=0x000002bacbbc7fbc sp=0x000000ee2cbfed70
Event: 768.985 Thread 0x000002bb35a5fb10 DEOPT UNPACKING pc=0x000002bacb2b7da2 sp=0x000000ee2c8feee0 mode 2
Event: 768.985 Thread 0x000002bb3054baf0 DEOPT UNPACKING pc=0x000002bacb2b7da2 sp=0x000000ee2c6fefc0 mode 2
Event: 768.985 Thread 0x000002bb3510ba80 DEOPT PACKING pc=0x000002bacbbc7fbc sp=0x000000ee2ccfe8e0
Event: 768.985 Thread 0x000002bb3054c180 DEOPT UNPACKING pc=0x000002bacb2b7da2 sp=0x000000ee2cbfed30 mode 2
Event: 768.985 Thread 0x000002bb3510ba80 DEOPT UNPACKING pc=0x000002bacb2b7da2 sp=0x000000ee2ccfe8a0 mode 2
Event: 768.985 Thread 0x000002bb2e36d040 DEOPT PACKING pc=0x000002baccc5c74c sp=0x000000ee2cafedf0
Event: 768.985 Thread 0x000002bb2e36d040 DEOPT UNPACKING pc=0x000002bacb2b7da2 sp=0x000000ee2cafed60 mode 2
Event: 768.987 Thread 0x000002bb3033d5f0 Uncommon trap: trap_request=0xffffff45 fr.pc=0x000002bacba58114 relative=0x0000000000000074
Event: 768.987 Thread 0x000002bb3033d5f0 Uncommon trap: reason=unstable_if action=reinterpret pc=0x000002bacba58114 method=com.android.zipflinger.ZipMap.checkPolicy(Lcom/android/zipflinger/Entry;Lcom/android/zipflinger/Zip64$Policy;)V @ 4 c2
Event: 768.987 Thread 0x000002bb3033d5f0 DEOPT PACKING pc=0x000002bacba58114 sp=0x000000ee2b5fe050
Event: 768.987 Thread 0x000002bb3033d5f0 DEOPT UNPACKING pc=0x000002bacb2b7da2 sp=0x000000ee2b5fdfe0 mode 2
Event: 769.200 Thread 0x000002bb3033cf60 Uncommon trap: trap_request=0xffffff6e fr.pc=0x000002bacbe36074 relative=0x0000000000000334
Event: 769.200 Thread 0x000002bb3033cf60 Uncommon trap: reason=loop_limit_check action=maybe_recompile pc=0x000002bacbe36074 method=java.math.BigInteger.implMultiplyToLen([II[II[I)[I @ 135 c2
Event: 769.200 Thread 0x000002bb3033cf60 DEOPT PACKING pc=0x000002bacbe36074 sp=0x000000ee2bafd0c0
Event: 769.200 Thread 0x000002bb3033cf60 DEOPT UNPACKING pc=0x000002bacb2b7da2 sp=0x000000ee2bafd070 mode 2
Event: 769.218 Thread 0x000002bb3033cf60 DEOPT PACKING pc=0x000002bac54cdd18 sp=0x000000ee2bafd120
Event: 769.218 Thread 0x000002bb3033cf60 DEOPT UNPACKING pc=0x000002bacb2b88e2 sp=0x000000ee2bafc5a0 mode 0
Event: 769.218 Thread 0x000002bb3033cf60 DEOPT PACKING pc=0x000002bac4c80093 sp=0x000000ee2bafd120
Event: 769.218 Thread 0x000002bb3033cf60 DEOPT UNPACKING pc=0x000002bacb2b88e2 sp=0x000000ee2bafc590 mode 0

Classes loaded (20 events):
Event: 768.979 Loading class java/util/concurrent/ForkJoinTask$AdaptedCallable
Event: 768.979 Loading class java/util/concurrent/ForkJoinTask$AdaptedCallable done
Event: 769.082 Loading class java/nio/BufferOverflowException
Event: 769.082 Loading class java/nio/BufferOverflowException done
Event: 769.084 Loading class java/security/DigestException
Event: 769.084 Loading class java/security/DigestException done
Event: 769.086 Loading class java/security/InvalidAlgorithmParameterException
Event: 769.086 Loading class java/security/InvalidAlgorithmParameterException done
Event: 769.087 Loading class java/security/spec/InvalidKeySpecException
Event: 769.087 Loading class java/security/spec/InvalidKeySpecException done
Event: 769.093 Loading class java/security/spec/MGF1ParameterSpec
Event: 769.093 Loading class java/security/spec/MGF1ParameterSpec done
Event: 769.096 Loading class java/util/concurrent/ForkJoinTask$AdaptedRunnableAction
Event: 769.097 Loading class java/util/concurrent/ForkJoinTask$AdaptedRunnableAction done
Event: 769.195 Loading class sun/security/rsa/RSACore$BlindingParameters
Event: 769.195 Loading class sun/security/rsa/RSACore$BlindingParameters done
Event: 769.195 Loading class sun/security/jca/JCAUtil$CachedSecureRandomHolder
Event: 769.196 Loading class sun/security/jca/JCAUtil$CachedSecureRandomHolder done
Event: 769.199 Loading class sun/security/rsa/RSACore$BlindingRandomPair
Event: 769.199 Loading class sun/security/rsa/RSACore$BlindingRandomPair done

Classes unloaded (20 events):
Event: 755.766 Thread 0x000002bad8440de0 Unloading class 0x000002badd9de980 'jdk/internal/jimage/BasicImageReader$1'
Event: 755.766 Thread 0x000002bad8440de0 Unloading class 0x000002badd9de720 'jdk/internal/jimage/ImageReader$Resource'
Event: 755.766 Thread 0x000002bad8440de0 Unloading class 0x000002badd9de4c0 'jdk/internal/jimage/ImageReader$LinkNode'
Event: 755.766 Thread 0x000002bad8440de0 Unloading class 0x000002badd9de260 'jdk/internal/jimage/ImageReader$Directory'
Event: 755.766 Thread 0x000002bad8440de0 Unloading class 0x000002badd9de000 'jdk/internal/jimage/ImageReader$Node'
Event: 755.766 Thread 0x000002bad8440de0 Unloading class 0x000002badd9ddde0 'jdk/internal/jimage/ImageStrings'
Event: 755.766 Thread 0x000002bad8440de0 Unloading class 0x000002badd9ddb28 'jdk/internal/jimage/ImageReader$SharedImageReader'
Event: 755.766 Thread 0x000002bad8440de0 Unloading class 0x000002badd9dd870 'jdk/internal/jimage/BasicImageReader'
Event: 755.766 Thread 0x000002bad8440de0 Unloading class 0x000002badd9dd658 'jdk/internal/jimage/ImageReader'
Event: 755.766 Thread 0x000002bad8440de0 Unloading class 0x000002badd9dd438 'jdk/internal/jrtfs/SystemImage$2'
Event: 755.766 Thread 0x000002bad8440de0 Unloading class 0x000002badd9dd228 'jdk/internal/jrtfs/SystemImage$$Lambda+0x000002badd9dd228'
Event: 755.766 Thread 0x000002bad8440de0 Unloading class 0x000002badd9dd000 'jdk/internal/jrtfs/ExplodedImage'
Event: 755.766 Thread 0x000002bad8440de0 Unloading class 0x000002badd9dcdb0 'jdk/internal/jrtfs/SystemImage$1'
Event: 755.766 Thread 0x000002bad8440de0 Unloading class 0x000002badd9dcba0 'jdk/internal/jrtfs/SystemImage'
Event: 755.766 Thread 0x000002bad8440de0 Unloading class 0x000002badd9dc948 'jdk/internal/jrtfs/JrtFileStore'
Event: 755.766 Thread 0x000002bad8440de0 Unloading class 0x000002badd9dc5d8 'jdk/internal/jrtfs/JrtPath'
Event: 755.766 Thread 0x000002bad8440de0 Unloading class 0x000002badd9dc2e8 'jdk/internal/jrtfs/JrtFileSystem'
Event: 755.766 Thread 0x000002bad8440de0 Unloading class 0x000002badd9dc000 'jdk/internal/jrtfs/JrtFileSystemProvider'
Event: 758.149 Thread 0x000002bad8440de0 Unloading class 0x000002badda2c400 'java/lang/invoke/LambdaForm$DMH+0x000002badda2c400'
Event: 758.149 Thread 0x000002bad8440de0 Unloading class 0x000002badda20800 'java/lang/invoke/LambdaForm$DMH+0x000002badda20800'

Classes redefined (0 events):
No events

Internal exceptions (20 events):
Event: 768.816 Thread 0x000002bb3033d5f0 Exception <a 'java/lang/NoSuchMethodError'{0x000000075f1a1e60}: 'java.lang.Object java.lang.invoke.Invokers$Holder.linkToTargetMethod(java.lang.Object, java.lang.Object, java.lang.Object, java.lang.Object, int, java.lang.Object, java.lang.Object)'> (0x000000075f1a1e60) 
thrown [s\src\hotspot\share\interpreter\linkResolver.cpp, line 773]
Event: 768.816 Thread 0x000002bb3033cf60 Exception <a 'java/lang/NoSuchMethodError'{0x000000075f0d4a68}: 'java.lang.Object java.lang.invoke.Invokers$Holder.linkToTargetMethod(java.lang.Object, java.lang.Object, java.lang.Object, java.lang.Object, int, java.lang.Object, java.lang.Object)'> (0x000000075f0d4a68) 
thrown [s\src\hotspot\share\interpreter\linkResolver.cpp, line 773]
Event: 768.816 Thread 0x000002bb2f984fa0 Exception <a 'java/lang/NoSuchMethodError'{0x000000075f5da1d0}: 'java.lang.Object java.lang.invoke.Invokers$Holder.linkToTargetMethod(java.lang.Object, java.lang.Object, java.lang.Object, java.lang.Object, int, java.lang.Object, java.lang.Object)'> (0x000000075f5da1d0) 
thrown [s\src\hotspot\share\interpreter\linkResolver.cpp, line 773]
Event: 768.833 Thread 0x000002bb2f984fa0 Exception <a 'java/lang/NoSuchMethodError'{0x000000075ef5deb8}: 'java.lang.Object java.lang.invoke.DirectMethodHandle$Holder.invokeSpecial(java.lang.Object, java.lang.Object, java.lang.Object, java.lang.Object, java.lang.Object, java.lang.Object, java.lang.Object, int, java.lang.Object)'> (0x000000075ef5deb8) 
thrown [s\src\hotspot\share\interpreter\linkResolver.cpp, line 773]
Event: 768.833 Thread 0x000002bb2f2404c0 Exception <a 'java/lang/NoSuchMethodError'{0x000000075ee75768}: 'java.lang.Object java.lang.invoke.DirectMethodHandle$Holder.newInvokeSpecial(java.lang.Object, java.lang.Object, java.lang.Object, java.lang.Object, java.lang.Object, java.lang.Object, java.lang.Object, int)'> (0x000000075ee75768) 
thrown [s\src\hotspot\share\interpreter\linkResolver.cpp, line 773]
Event: 768.833 Thread 0x000002bb21cf22c0 Exception <a 'java/lang/NoSuchMethodError'{0x000000075ec506c0}: 'java.lang.Object java.lang.invoke.DirectMethodHandle$Holder.newInvokeSpecial(java.lang.Object, java.lang.Object, java.lang.Object, java.lang.Object, java.lang.Object, java.lang.Object, java.lang.Object, int)'> (0x000000075ec506c0) 
thrown [s\src\hotspot\share\interpreter\linkResolver.cpp, line 773]
Event: 768.833 Thread 0x000002bb3033cf60 Exception <a 'java/lang/NoSuchMethodError'{0x000000075f15da70}: 'java.lang.Object java.lang.invoke.DirectMethodHandle$Holder.newInvokeSpecial(java.lang.Object, java.lang.Object, java.lang.Object, java.lang.Object, java.lang.Object, java.lang.Object, java.lang.Object, int)'> (0x000000075f15da70) 
thrown [s\src\hotspot\share\interpreter\linkResolver.cpp, line 773]
Event: 768.833 Thread 0x000002bb3033d5f0 Exception <a 'java/lang/NoSuchMethodError'{0x000000075ecb72a0}: 'java.lang.Object java.lang.invoke.DirectMethodHandle$Holder.newInvokeSpecial(java.lang.Object, java.lang.Object, java.lang.Object, java.lang.Object, java.lang.Object, java.lang.Object, java.lang.Object, int)'> (0x000000075ecb72a0) 
thrown [s\src\hotspot\share\interpreter\linkResolver.cpp, line 773]
Event: 768.833 Thread 0x000002bb2f984fa0 Exception <a 'java/lang/NoSuchMethodError'{0x000000075ef64880}: 'java.lang.Object java.lang.invoke.DirectMethodHandle$Holder.newInvokeSpecial(java.lang.Object, java.lang.Object, java.lang.Object, java.lang.Object, java.lang.Object, java.lang.Object, java.lang.Object, int)'> (0x000000075ef64880) 
thrown [s\src\hotspot\share\interpreter\linkResolver.cpp, line 773]
Event: 768.833 Thread 0x000002bb3033d5f0 Exception <a 'java/lang/NoSuchMethodError'{0x000000075ecbb3f0}: 'java.lang.Object java.lang.invoke.DirectMethodHandle$Holder.invokeSpecial(java.lang.Object, java.lang.Object, java.lang.Object, java.lang.Object, java.lang.Object, java.lang.Object, java.lang.Object, java.lang.Object, int)'> (0x000000075ecbb3f0) 
thrown [s\src\hotspot\share\interpreter\linkResolver.cpp, line 773]
Event: 768.833 Thread 0x000002bb21cf22c0 Exception <a 'java/lang/NoSuchMethodError'{0x000000075ec54c28}: 'java.lang.Object java.lang.invoke.DirectMethodHandle$Holder.invokeSpecial(java.lang.Object, java.lang.Object, java.lang.Object, java.lang.Object, java.lang.Object, java.lang.Object, java.lang.Object, java.lang.Object, int)'> (0x000000075ec54c28) 
thrown [s\src\hotspot\share\interpreter\linkResolver.cpp, line 773]
Event: 768.833 Thread 0x000002bb3033cf60 Exception <a 'java/lang/NoSuchMethodError'{0x000000075f161a30}: 'java.lang.Object java.lang.invoke.DirectMethodHandle$Holder.invokeSpecial(java.lang.Object, java.lang.Object, java.lang.Object, java.lang.Object, java.lang.Object, java.lang.Object, java.lang.Object, java.lang.Object, int)'> (0x000000075f161a30) 
thrown [s\src\hotspot\share\interpreter\linkResolver.cpp, line 773]
Event: 768.833 Thread 0x000002bb2f2404c0 Exception <a 'java/lang/NoSuchMethodError'{0x000000075ee79d18}: 'java.lang.Object java.lang.invoke.DirectMethodHandle$Holder.invokeSpecial(java.lang.Object, java.lang.Object, java.lang.Object, java.lang.Object, java.lang.Object, java.lang.Object, java.lang.Object, java.lang.Object, int)'> (0x000000075ee79d18) 
thrown [s\src\hotspot\share\interpreter\linkResolver.cpp, line 773]
Event: 768.833 Thread 0x000002bb2f984fa0 Exception <a 'java/lang/NoSuchMethodError'{0x000000075ef68828}: 'java.lang.Object java.lang.invoke.DirectMethodHandle$Holder.invokeSpecial(java.lang.Object, java.lang.Object, java.lang.Object, java.lang.Object, java.lang.Object, java.lang.Object, java.lang.Object, java.lang.Object, int)'> (0x000000075ef68828) 
thrown [s\src\hotspot\share\interpreter\linkResolver.cpp, line 773]
Event: 768.834 Thread 0x000002bb3033d5f0 Exception <a 'java/lang/NoSuchMethodError'{0x000000075ecbf5f8}: 'java.lang.Object java.lang.invoke.Invokers$Holder.linkToTargetMethod(java.lang.Object, java.lang.Object, java.lang.Object, java.lang.Object, java.lang.Object, java.lang.Object, int, java.lang.Object)'> (0x000000075ecbf5f8) 
thrown [s\src\hotspot\share\interpreter\linkResolver.cpp, line 773]
Event: 768.834 Thread 0x000002bb21cf22c0 Exception <a 'java/lang/NoSuchMethodError'{0x000000075ec58678}: 'java.lang.Object java.lang.invoke.Invokers$Holder.linkToTargetMethod(java.lang.Object, java.lang.Object, java.lang.Object, java.lang.Object, java.lang.Object, java.lang.Object, int, java.lang.Object)'> (0x000000075ec58678) 
thrown [s\src\hotspot\share\interpreter\linkResolver.cpp, line 773]
Event: 768.834 Thread 0x000002bb2f2404c0 Exception <a 'java/lang/NoSuchMethodError'{0x000000075ee7d768}: 'java.lang.Object java.lang.invoke.Invokers$Holder.linkToTargetMethod(java.lang.Object, java.lang.Object, java.lang.Object, java.lang.Object, java.lang.Object, java.lang.Object, int, java.lang.Object)'> (0x000000075ee7d768) 
thrown [s\src\hotspot\share\interpreter\linkResolver.cpp, line 773]
Event: 768.834 Thread 0x000002bb3033cf60 Exception <a 'java/lang/NoSuchMethodError'{0x000000075f165480}: 'java.lang.Object java.lang.invoke.Invokers$Holder.linkToTargetMethod(java.lang.Object, java.lang.Object, java.lang.Object, java.lang.Object, java.lang.Object, java.lang.Object, int, java.lang.Object)'> (0x000000075f165480) 
thrown [s\src\hotspot\share\interpreter\linkResolver.cpp, line 773]
Event: 768.834 Thread 0x000002bb2f984fa0 Exception <a 'java/lang/NoSuchMethodError'{0x000000075ef6c278}: 'java.lang.Object java.lang.invoke.Invokers$Holder.linkToTargetMethod(java.lang.Object, java.lang.Object, java.lang.Object, java.lang.Object, java.lang.Object, java.lang.Object, int, java.lang.Object)'> (0x000000075ef6c278) 
thrown [s\src\hotspot\share\interpreter\linkResolver.cpp, line 773]
Event: 768.980 Thread 0x000002bb2f985630 Implicit null exception at 0x000002bacc2779f4 to 0x000002bacc279e04

ZGC Phase Switch (0 events):
No events

VM Operations (20 events):
Event: 767.609 Executing VM operation: HandshakeAllThreads (Deoptimize) done
Event: 767.621 Executing VM operation: G1TryInitiateConcMark (G1 Humongous Allocation)
Event: 767.639 Executing VM operation: G1TryInitiateConcMark (G1 Humongous Allocation) done
Event: 767.843 Executing VM operation: G1PauseRemark
Event: 767.849 Executing VM operation: G1PauseRemark done
Event: 767.975 Executing VM operation: G1PauseCleanup
Event: 767.976 Executing VM operation: G1PauseCleanup done
Event: 768.649 Executing VM operation: ICBufferFull
Event: 768.649 Executing VM operation: ICBufferFull done
Event: 768.729 Executing VM operation: HandshakeAllThreads (Deoptimize)
Event: 768.730 Executing VM operation: HandshakeAllThreads (Deoptimize) done
Event: 768.739 Executing VM operation: HandshakeAllThreads (Deoptimize)
Event: 768.740 Executing VM operation: HandshakeAllThreads (Deoptimize) done
Event: 768.741 Executing VM operation: HandshakeAllThreads (Deoptimize)
Event: 768.742 Executing VM operation: HandshakeAllThreads (Deoptimize) done
Event: 768.819 Executing VM operation: HandshakeAllThreads (Deoptimize)
Event: 768.819 Executing VM operation: HandshakeAllThreads (Deoptimize) done
Event: 769.823 Executing VM operation: Cleanup
Event: 770.440 Executing VM operation: Cleanup done
Event: 770.440 Executing VM operation: G1CollectForAllocation (G1 Evacuation Pause)

Memory protections (0 events):
No events

Nmethod flushes (20 events):
Event: 767.849 Thread 0x000002bad8440de0 flushing  nmethod 0x000002bac62b3e10
Event: 767.849 Thread 0x000002bad8440de0 flushing  nmethod 0x000002bac6787b90
Event: 767.849 Thread 0x000002bad8440de0 flushing  nmethod 0x000002bac6788e10
Event: 767.849 Thread 0x000002bad8440de0 flushing  nmethod 0x000002bac68abf90
Event: 767.849 Thread 0x000002bad8440de0 flushing  nmethod 0x000002bac6948b10
Event: 767.849 Thread 0x000002bad8440de0 flushing  nmethod 0x000002bac6970110
Event: 767.849 Thread 0x000002bad8440de0 flushing  nmethod 0x000002bac6d59c10
Event: 767.849 Thread 0x000002bad8440de0 flushing  nmethod 0x000002bac6d5a590
Event: 767.849 Thread 0x000002bad8440de0 flushing  nmethod 0x000002bac6d5ab10
Event: 767.849 Thread 0x000002bad8440de0 flushing  nmethod 0x000002bac6d5f590
Event: 767.849 Thread 0x000002bad8440de0 flushing  nmethod 0x000002bac6d7ea10
Event: 767.849 Thread 0x000002bad8440de0 flushing  nmethod 0x000002bac6d82e10
Event: 767.849 Thread 0x000002bad8440de0 flushing  nmethod 0x000002bac6d9bf90
Event: 767.849 Thread 0x000002bad8440de0 flushing  nmethod 0x000002bac6d9c410
Event: 767.849 Thread 0x000002bad8440de0 flushing  nmethod 0x000002bac6daa810
Event: 767.849 Thread 0x000002bad8440de0 flushing  nmethod 0x000002bac6e49610
Event: 767.849 Thread 0x000002bad8440de0 flushing  nmethod 0x000002bac6e5e010
Event: 767.849 Thread 0x000002bad8440de0 flushing  nmethod 0x000002bac6e83f90
Event: 767.849 Thread 0x000002bad8440de0 flushing  nmethod 0x000002bac6ecfb10
Event: 767.849 Thread 0x000002bad8440de0 flushing  nmethod 0x000002bac6edf190

Events (20 events):
Event: 755.171 Thread 0x000002bb2f039ab0 Thread added: 0x000002bb2f2411e0
Event: 755.195 Thread 0x000002bb2f039ab0 Thread added: 0x000002bb2f985cc0
Event: 755.200 Thread 0x000002bb2f039ab0 Thread added: 0x000002bb2f984fa0
Event: 755.205 Thread 0x000002bb2f039ab0 Thread added: 0x000002bb21cf22c0
Event: 755.208 Thread 0x000002bb2f039ab0 Thread added: 0x000002bb21cf2950
Event: 765.378 Thread 0x000002bb2f9fdc30 Thread exited: 0x000002bb2f9fdc30
Event: 766.723 Thread 0x000002bad846b090 Thread added: 0x000002bb2f9ff770
Event: 767.182 Thread 0x000002bb2f23f110 Thread added: 0x000002bb36291d00
Event: 768.980 Thread 0x000002bb3033d5f0 Thread added: 0x000002bb241da000
Event: 768.980 Thread 0x000002bb21cf22c0 Thread added: 0x000002bb2f985630
Event: 768.980 Thread 0x000002bb2f984fa0 Thread added: 0x000002bb3054baf0
Event: 768.980 Thread 0x000002bb2f2404c0 Thread added: 0x000002bb36819050
Event: 768.980 Thread 0x000002bb3033cf60 Thread added: 0x000002bb35a5fb10
Event: 768.980 Thread 0x000002bb241da000 Thread added: 0x000002bb37f36d80
Event: 768.980 Thread 0x000002bb3054baf0 Thread added: 0x000002bb2e36d040
Event: 768.981 Thread 0x000002bb2f2404c0 Thread added: 0x000002bb3054c180
Event: 768.981 Thread 0x000002bb36819050 Thread added: 0x000002bb3510ba80
Event: 768.981 Thread 0x000002bb35a5fb10 Thread added: 0x000002bb372cd120
Event: 768.981 Thread 0x000002bb37f36d80 Thread added: 0x000002bb352522d0
Event: 769.728 Thread 0x000002bb36291d00 Thread exited: 0x000002bb36291d00


Dynamic libraries:
0x00007ff612a80000 - 0x00007ff612a8e000 	C:\Program Files\Zulu\zulu-21\bin\java.exe
0x00007ff9a0ce0000 - 0x00007ff9a0f46000 	C:\WINDOWS\SYSTEM32\ntdll.dll
0x00007ff9a0330000 - 0x00007ff9a03f7000 	C:\WINDOWS\System32\KERNEL32.DLL
0x00007ff99e0a0000 - 0x00007ff99e46b000 	C:\WINDOWS\System32\KERNELBASE.dll
0x00007ff99e470000 - 0x00007ff99e5bb000 	C:\WINDOWS\System32\ucrtbase.dll
0x00007ff998e60000 - 0x00007ff998e79000 	C:\Program Files\Zulu\zulu-21\bin\jli.dll
0x00007ff999390000 - 0x00007ff9993ae000 	C:\Program Files\Zulu\zulu-21\bin\VCRUNTIME140.dll
0x00007ff9a0ad0000 - 0x00007ff9a0c9c000 	C:\WINDOWS\System32\USER32.dll
0x00007ff99e5c0000 - 0x00007ff99e5e7000 	C:\WINDOWS\System32\win32u.dll
0x00007ff99ee60000 - 0x00007ff99ee8b000 	C:\WINDOWS\System32\GDI32.dll
0x00007ff9877f0000 - 0x00007ff987a87000 	C:\WINDOWS\WinSxS\amd64_microsoft.windows.common-controls_6595b64144ccf1df_6.0.26100.5516_none_3e073f78e335730c\COMCTL32.dll
0x00007ff99e980000 - 0x00007ff99eab1000 	C:\WINDOWS\System32\gdi32full.dll
0x00007ff99f010000 - 0x00007ff99f0b9000 	C:\WINDOWS\System32\msvcrt.dll
0x00007ff99e6b0000 - 0x00007ff99e753000 	C:\WINDOWS\System32\msvcp_win.dll
0x00007ff9a0270000 - 0x00007ff9a029f000 	C:\WINDOWS\System32\IMM32.DLL
0x00007ff999380000 - 0x00007ff99938c000 	C:\Program Files\Zulu\zulu-21\bin\vcruntime140_1.dll
0x00007ff98ef50000 - 0x00007ff98efdd000 	C:\Program Files\Zulu\zulu-21\bin\msvcp140.dll
0x00007ff8ecfa0000 - 0x00007ff8edd7d000 	C:\Program Files\Zulu\zulu-21\bin\server\jvm.dll
0x00007ff99ef40000 - 0x00007ff99eff2000 	C:\WINDOWS\System32\ADVAPI32.dll
0x00007ff99ee90000 - 0x00007ff99ef36000 	C:\WINDOWS\System32\sechost.dll
0x00007ff99f0e0000 - 0x00007ff99f1f5000 	C:\WINDOWS\System32\RPCRT4.dll
0x00007ff9a02b0000 - 0x00007ff9a0324000 	C:\WINDOWS\System32\WS2_32.dll
0x00007ff99db70000 - 0x00007ff99dbce000 	C:\WINDOWS\SYSTEM32\POWRPROF.dll
0x00007ff9938e0000 - 0x00007ff993916000 	C:\WINDOWS\SYSTEM32\WINMM.dll
0x00007ff993070000 - 0x00007ff99307b000 	C:\WINDOWS\SYSTEM32\VERSION.dll
0x00007ff99db50000 - 0x00007ff99db64000 	C:\WINDOWS\SYSTEM32\UMPDC.dll
0x00007ff99cc90000 - 0x00007ff99ccaa000 	C:\WINDOWS\SYSTEM32\kernel.appcore.dll
0x00007ff998ed0000 - 0x00007ff998eda000 	C:\Program Files\Zulu\zulu-21\bin\jimage.dll
0x00007ff990e50000 - 0x00007ff991091000 	C:\WINDOWS\SYSTEM32\DBGHELP.DLL
0x00007ff9a05e0000 - 0x00007ff9a0963000 	C:\WINDOWS\System32\combase.dll
0x00007ff99ec00000 - 0x00007ff99ecd6000 	C:\WINDOWS\System32\OLEAUT32.dll
0x00007ff984c50000 - 0x00007ff984c89000 	C:\WINDOWS\SYSTEM32\dbgcore.DLL
0x00007ff99e760000 - 0x00007ff99e7f9000 	C:\WINDOWS\System32\bcryptPrimitives.dll
0x00007ff98f350000 - 0x00007ff98f360000 	C:\Program Files\Zulu\zulu-21\bin\instrument.dll
0x00007ff998530000 - 0x00007ff998552000 	C:\Program Files\Zulu\zulu-21\bin\java.dll
0x00007ff99f200000 - 0x00007ff99f92a000 	C:\WINDOWS\System32\SHELL32.dll
0x00007ff99de90000 - 0x00007ff99e004000 	C:\WINDOWS\System32\wintypes.dll
0x00007ff99bb50000 - 0x00007ff99c3a2000 	C:\WINDOWS\SYSTEM32\windows.storage.dll
0x00007ff99ead0000 - 0x00007ff99ebbe000 	C:\WINDOWS\System32\SHCORE.dll
0x00007ff9a0140000 - 0x00007ff9a01a6000 	C:\WINDOWS\System32\shlwapi.dll
0x00007ff99dda0000 - 0x00007ff99ddcf000 	C:\WINDOWS\SYSTEM32\profapi.dll
0x00007ff98ee70000 - 0x00007ff98ef47000 	C:\Program Files\Zulu\zulu-21\bin\jsvml.dll
0x00007ff98f360000 - 0x00007ff98f378000 	C:\Program Files\Zulu\zulu-21\bin\zip.dll
0x00007ff990090000 - 0x00007ff9900a2000 	C:\Program Files\Zulu\zulu-21\bin\net.dll
0x00007ff996c50000 - 0x00007ff996d6e000 	C:\WINDOWS\SYSTEM32\WINHTTP.dll
0x00007ff99d190000 - 0x00007ff99d1fa000 	C:\WINDOWS\system32\mswsock.dll
0x00007ff990070000 - 0x00007ff990086000 	C:\Program Files\Zulu\zulu-21\bin\nio.dll
0x00007ff998ea0000 - 0x00007ff998eb0000 	C:\Program Files\Zulu\zulu-21\bin\verify.dll
0x00007ff973fa0000 - 0x00007ff973fc7000 	C:\Users\Administrator\.gradle\native\1def1411415f61bf3af743bc5b6707747c0891f09f0c88961ee8f79bc544acac\windows-amd64\native-platform.dll
0x00007ff949520000 - 0x00007ff949598000 	C:\Users\Administrator\.gradle\native\0.2.7\x86_64-windows-gnu\gradle-fileevents.dll
0x00007ff997410000 - 0x00007ff99741a000 	C:\Program Files\Zulu\zulu-21\bin\management.dll
0x00007ff992f90000 - 0x00007ff992f9c000 	C:\Program Files\Zulu\zulu-21\bin\management_ext.dll
0x00007ff9a0400000 - 0x00007ff9a0408000 	C:\WINDOWS\System32\PSAPI.DLL
0x00007ff99c6a0000 - 0x00007ff99c6d3000 	C:\WINDOWS\SYSTEM32\IPHLPAPI.DLL
0x00007ff9a0260000 - 0x00007ff9a026a000 	C:\WINDOWS\System32\NSI.dll
0x00007ff98fbe0000 - 0x00007ff98fbe9000 	C:\Program Files\Zulu\zulu-21\bin\extnet.dll
0x00007ff99d540000 - 0x00007ff99d55a000 	C:\WINDOWS\SYSTEM32\CRYPTSP.dll
0x00007ff99cbf0000 - 0x00007ff99cc2a000 	C:\WINDOWS\system32\rsaenh.dll
0x00007ff99d230000 - 0x00007ff99d25b000 	C:\WINDOWS\SYSTEM32\USERENV.dll
0x00007ff99d6d0000 - 0x00007ff99d6f6000 	C:\WINDOWS\SYSTEM32\bcrypt.dll
0x00007ff99d3c0000 - 0x00007ff99d3cc000 	C:\WINDOWS\SYSTEM32\CRYPTBASE.dll
0x00007ff98f340000 - 0x00007ff98f34e000 	C:\Program Files\Zulu\zulu-21\bin\sunmscapi.dll
0x00007ff99e800000 - 0x00007ff99e977000 	C:\WINDOWS\System32\CRYPT32.dll
0x00007ff99d690000 - 0x00007ff99d6c0000 	C:\WINDOWS\SYSTEM32\ncrypt.dll
0x00007ff99d640000 - 0x00007ff99d67f000 	C:\WINDOWS\SYSTEM32\NTASN1.dll
0x00007ff97aa20000 - 0x00007ff97aa28000 	C:\WINDOWS\system32\wshunix.dll
0x00007ff97d7a0000 - 0x00007ff97d7b8000 	C:\WINDOWS\system32\napinsp.dll
0x00007ff99c6e0000 - 0x00007ff99c805000 	C:\WINDOWS\SYSTEM32\DNSAPI.dll
0x00007ff97d780000 - 0x00007ff97d792000 	C:\WINDOWS\System32\winrnr.dll
0x00007ff97d740000 - 0x00007ff97d770000 	C:\WINDOWS\system32\nlansp_c.dll
0x00007ff993b10000 - 0x00007ff993b26000 	C:\WINDOWS\system32\wshbth.dll
0x00007ff993a40000 - 0x00007ff993a4b000 	C:\Windows\System32\rasadhlp.dll
0x00007ff993180000 - 0x00007ff993206000 	C:\WINDOWS\System32\fwpuclnt.dll
0x00007ff99cdb0000 - 0x00007ff99cde5000 	C:\WINDOWS\SYSTEM32\ntmarta.dll
0x00007ff98ee00000 - 0x00007ff98ee07000 	C:\Program Files\Zulu\zulu-21\bin\rmi.dll

dbghelp: loaded successfully - version: 4.0.5 - missing functions: none
symbol engine: initialized successfully - sym options: 0x614 - pdb path: .;C:\Program Files\Zulu\zulu-21\bin;C:\WINDOWS\SYSTEM32;C:\WINDOWS\WinSxS\amd64_microsoft.windows.common-controls_6595b64144ccf1df_6.0.26100.5516_none_3e073f78e335730c;C:\Program Files\Zulu\zulu-21\bin\server;C:\Users\Administrator\.gradle\native\1def1411415f61bf3af743bc5b6707747c0891f09f0c88961ee8f79bc544acac\windows-amd64;C:\Users\Administrator\.gradle\native\0.2.7\x86_64-windows-gnu

VM Arguments:
jvm_args: --add-opens=java.base/java.lang=ALL-UNNAMED --add-opens=java.base/java.lang.invoke=ALL-UNNAMED --add-opens=java.base/java.util=ALL-UNNAMED --add-opens=java.prefs/java.util.prefs=ALL-UNNAMED --add-exports=jdk.compiler/com.sun.tools.javac.api=ALL-UNNAMED --add-exports=jdk.compiler/com.sun.tools.javac.util=ALL-UNNAMED --add-opens=java.base/java.util=ALL-UNNAMED --add-opens=java.prefs/java.util.prefs=ALL-UNNAMED --add-opens=java.base/java.nio.charset=ALL-UNNAMED --add-opens=java.base/java.net=ALL-UNNAMED --add-opens=java.base/java.util.concurrent.atomic=ALL-UNNAMED --add-opens=java.xml/javax.xml.namespace=ALL-UNNAMED -Xmx4g -Dfile.encoding=UTF-8 -Duser.country=GB -Duser.language=en -Duser.variant -javaagent:C:\Users\Administrator\.gradle\wrapper\dists\gradle-8.14.3-bin\cv11ve7ro1n3o1j4so8xd9n66\gradle-8.14.3\lib\agents\gradle-instrumentation-agent-8.14.3.jar 
java_command: org.gradle.launcher.daemon.bootstrap.GradleDaemon 8.14.3
java_class_path (initial): C:\Users\Administrator\.gradle\wrapper\dists\gradle-8.14.3-bin\cv11ve7ro1n3o1j4so8xd9n66\gradle-8.14.3\lib\gradle-daemon-main-8.14.3.jar
Launcher Type: SUN_STANDARD

[Global flags]
     intx CICompilerCount                          = 4                                         {product} {ergonomic}
     uint ConcGCThreads                            = 3                                         {product} {ergonomic}
     uint G1ConcRefinementThreads                  = 10                                        {product} {ergonomic}
   size_t G1HeapRegionSize                         = 2097152                                   {product} {ergonomic}
    uintx GCDrainStackTargetSize                   = 64                                        {product} {ergonomic}
   size_t InitialHeapSize                          = 524288000                                 {product} {ergonomic}
   size_t MarkStackSize                            = 4194304                                   {product} {ergonomic}
   size_t MaxHeapSize                              = 4294967296                                {product} {command line}
   size_t MaxNewSize                               = 2575302656                                {product} {ergonomic}
   size_t MinHeapDeltaBytes                        = 2097152                                   {product} {ergonomic}
   size_t MinHeapSize                              = 8388608                                   {product} {ergonomic}
    uintx NonNMethodCodeHeapSize                   = 5839372                                {pd product} {ergonomic}
    uintx NonProfiledCodeHeapSize                  = 122909434                              {pd product} {ergonomic}
    uintx ProfiledCodeHeapSize                     = 122909434                              {pd product} {ergonomic}
    uintx ReservedCodeCacheSize                    = 251658240                              {pd product} {ergonomic}
     bool SegmentedCodeCache                       = true                                      {product} {ergonomic}
   size_t SoftMaxHeapSize                          = 4294967296                             {manageable} {ergonomic}
     bool UseCompressedOops                        = true                           {product lp64_product} {ergonomic}
     bool UseG1GC                                  = true                                      {product} {ergonomic}
     bool UseLargePagesIndividualAllocation        = false                                  {pd product} {ergonomic}

Logging:
Log output configuration:
 #0: stdout all=warning uptime,level,tags foldmultilines=false
 #1: stderr all=off uptime,level,tags foldmultilines=false

Environment Variables:
PATH=C:\Program Files\PowerShell\7;C:\Program Files\Zulu\zulu-21\bin\;C:\Program Files (x86)\Common Files\Oracle\Java\java8path;C:\Program Files (x86)\Common Files\Oracle\Java\javapath;C:\Program Files (x86)\Razer Chroma SDK\bin;C:\Program Files\Razer Chroma SDK\bin;C:\Program Files (x86)\Razer\ChromaBroadcast\bin;C:\Program Files\Razer\ChromaBroadcast\bin;C:\Program Files (x86)\Common Files\Intel\Shared Libraries\redist\intel64\compiler;C:\WINDOWS\system32;C:\WINDOWS;C:\WINDOWS\System32\Wbem;C:\WINDOWS\System32\WindowsPowerShell\v1.0\;C:\WINDOWS\System32\OpenSSH\;C:\Program Files\dotnet\;C:\WINDOWS\system32\config\systemprofile\AppData\Local\Microsoft\WindowsApps;C:\Users\Administrator\AppData\Local\Programs\Python\Launcher\;C:\Users\Administrator\AppData\Local\Microsoft\WindowsApps;C:\Users\Administrator\AppData\Roaming\npm;C:\Users\Administrator\AppData\Local\Programs\Microsoft VS Code\bin;C:\WINDOWS\system32;C:\WINDOWS;C:\WINDOWS\System32\Wbem;C:\WINDOWS\System32\WindowsPowerShell\v1.0\;C:\WINDOWS\System32\OpenSSH\;C:\Program Files\Calibre2\;C:\Program Files\Git\cmd;C:\Program Files\PowerShell\7\;C:\Program Files\ffmpeg-8.0.1-essentials_build\ffmpeg-8.0.1-essentials_build\bin;C:\Program Files\nodejs\;C:\ProgramData\chocolatey\bin;C:\Users\Administrator\.local\bin;C:\Users\Administrator\AppData\Local\Programs\Python\Python313\Scripts\;C:\Users\Administrator\AppData\Local\Programs\Python\Python313\;C:\Users\Administrator\AppData\Local\Microsoft\WindowsApps;C:\Users\Administrator\AppData\Local\Programs\Microsoft VS Code\bin;C:\Users\Administrator\AppData\Local\Muse Hub\lib;C:\Users\Administrator\.lmstudio\bin;C:\Users\Administrator\AppData\Local\spicetify;C:\Users\Administrator\AppData\Roaming\npm;C:\Users\Administrator\AppData\Local\Programs\Antigravity\bin;C:\Users\Administrator\AppData\Local\GitHubDesktop\bin
USERNAME=Administrator
LANG=en_US.UTF-8
OS=Windows_NT
PROCESSOR_IDENTIFIER=AMD64 Family 25 Model 97 Stepping 2, AuthenticAMD
TMP=C:\Users\ADMINI~1\AppData\Local\Temp
TEMP=C:\Users\ADMINI~1\AppData\Local\Temp




Periodic native trim disabled

---------------  S Y S T E M  ---------------

OS:
 Windows 11 , 64 bit Build 26100 (10.0.26100.5514)
OS uptime: 0 days 0:43 hours
Hyper-V role detected

CPU: total 12 (initial active 12) (12 cores per cpu, 2 threads per core) family 25 model 97 stepping 2 microcode 0xa60120c, cx8, cmov, fxsr, ht, mmx, 3dnowpref, sse, sse2, sse3, ssse3, sse4a, sse4.1, sse4.2, popcnt, lzcnt, tsc, tscinvbit, avx, avx2, aes, erms, clmul, bmi1, bmi2, adx, avx512f, avx512dq, avx512cd, avx512bw, avx512vl, sha, fma, vzeroupper, avx512_vpopcntdq, avx512_vpclmulqdq, avx512_vaes, avx512_vnni, clflush, clflushopt, avx512_vbmi2, avx512_vbmi, hv, rdtscp, rdpid, fsrm, gfni, avx512_bitalg, f16c, cet_ss, avx512_ifma
Processor Information for the first 12 processors :
  Max Mhz: 4701, Current Mhz: 4701, Mhz Limit: 4701

Memory: 4k page, system-wide physical 31913M (5788M free)
TotalPageFile size 31913M (AvailPageFile size 5M)
current process WorkingSet (physical memory assigned to process): 2823M, peak: 2823M
current process commit charge ("private bytes"): 2953M, peak: 2955M

vm_info: OpenJDK 64-Bit Server VM (21.0.7+6-LTS) for windows-amd64 JRE (21.0.7+6-LTS) (Zulu21.42+19-CA), built on 2025-04-07T10:58:52Z by "zulu_re" with MS VC++ 17.1 (VS2022)

END.
