#
# There is insufficient memory for the Java Runtime Environment to continue.
# Native memory allocation (mmap) failed to map 780140544 bytes. Error detail: G1 virtual space
# Possible reasons:
#   The system is out of physical RAM or swap space
#   This process is running with CompressedOops enabled, and the Java Heap may be blocking the growth of the native heap
# Possible solutions:
#   Reduce memory load on the system
#   Increase physical memory or swap space
#   Check if swap backing store is full
#   Decrease Java heap size (-Xmx/-Xms)
#   Decrease number of Java threads
#   Decrease Java thread stack sizes (-Xss)
#   Set larger code cache with -XX:ReservedCodeCacheSize=
#   JVM is running with Zero Based Compressed Oops mode in which the Java heap is
#     placed in the first 32GB address space. The Java Heap base address is the
#     maximum limit for the native heap growth. Please use -XX:HeapBaseMinAddress
#     to set the Java Heap base and to place the Java Heap above 32GB virtual address.
# This output file may be truncated or incomplete.
#
#  Out of Memory Error (os_windows.cpp:3686), pid=14504, tid=25388
#
# JRE version: OpenJDK Runtime Environment Zulu21.42+19-CA (21.0.7+6) (build 21.0.7+6-LTS)
# Java VM: OpenJDK 64-Bit Server VM Zulu21.42+19-CA (21.0.7+6-LTS, mixed mode, sharing, tiered, compressed oops, compressed class ptrs, g1 gc, windows-amd64)
# No core dump will be written. Minidumps are not enabled by default on client versions of Windows
#

---------------  S U M M A R Y ------------

Command Line: --add-opens=java.base/java.lang=ALL-UNNAMED --add-opens=java.base/java.lang.invoke=ALL-UNNAMED --add-opens=java.base/java.util=ALL-UNNAMED --add-opens=java.prefs/java.util.prefs=ALL-UNNAMED --add-exports=jdk.compiler/com.sun.tools.javac.api=ALL-UNNAMED --add-exports=jdk.compiler/com.sun.tools.javac.util=ALL-UNNAMED --add-opens=java.base/java.util=ALL-UNNAMED --add-opens=java.prefs/java.util.prefs=ALL-UNNAMED --add-opens=java.base/java.nio.charset=ALL-UNNAMED --add-opens=java.base/java.net=ALL-UNNAMED --add-opens=java.base/java.util.concurrent.atomic=ALL-UNNAMED --add-opens=java.xml/javax.xml.namespace=ALL-UNNAMED -Xmx12g -Dfile.encoding=UTF-8 -Duser.country=GB -Duser.language=en -Duser.variant -javaagent:C:\Users\Administrator\.gradle\wrapper\dists\gradle-8.14.3-bin\cv11ve7ro1n3o1j4so8xd9n66\gradle-8.14.3\lib\agents\gradle-instrumentation-agent-8.14.3.jar org.gradle.launcher.daemon.bootstrap.GradleDaemon 8.14.3

Host: AMD Ryzen 5 7600X 6-Core Processor             , 12 cores, 31G,  Windows 11 , 64 bit Build 26100 (10.0.26100.5514)
Time: Wed Feb 25 20:40:30 2026 GMT Standard Time elapsed time: 40.461277 seconds (0d 0h 0m 40s)

---------------  T H R E A D  ---------------

Current thread (0x000001987d383cb0):  VMThread "VM Thread"          [id=25388, stack(0x000000567d000000,0x000000567d100000) (1024K)]

Stack: [0x000000567d000000,0x000000567d100000]
Native frames: (J=compiled Java code, j=interpreted, Vv=VM code, C=native code)
V  [jvm.dll+0x6fb989]
V  [jvm.dll+0x8defdf]
V  [jvm.dll+0x8e13d8]
V  [jvm.dll+0x8e1b43]
V  [jvm.dll+0x299c76]
V  [jvm.dll+0x6f80d5]
V  [jvm.dll+0x6ebfda]
V  [jvm.dll+0x374eca]
V  [jvm.dll+0x37cbd6]
V  [jvm.dll+0x3d1625]
V  [jvm.dll+0x3d18e8]
V  [jvm.dll+0x346c43]
V  [jvm.dll+0x346cd7]
V  [jvm.dll+0x38d57c]
V  [jvm.dll+0x38bd92]
V  [jvm.dll+0x3463e1]
V  [jvm.dll+0x38b44a]
V  [jvm.dll+0x8e7ac6]
V  [jvm.dll+0x8e8ee4]
V  [jvm.dll+0x8e9430]
V  [jvm.dll+0x8e96d3]
V  [jvm.dll+0x886426]
V  [jvm.dll+0x6fa044]
C  [ucrtbase.dll+0x37b0]
C  [KERNEL32.DLL+0x2e8d7]
C  [ntdll.dll+0x9c5dc]

VM_Operation (0x000000560a9fbee0): G1CollectForAllocation, mode: safepoint, requested by thread 0x00000198450e1390


---------------  P R O C E S S  ---------------

Threads class SMR info:
_java_thread_list=0x000001988010b300, length=206, elements={
0x0000019856440cb0, 0x000001987d39b520, 0x000001987d39bf80, 0x00000198450061e0,
0x00000198450070d0, 0x0000019845008b40, 0x00000198450136f0, 0x0000019845017ab0,
0x000001984503c7e0, 0x000001987d376990, 0x0000019845247230, 0x0000019847129550,
0x00000198473672f0, 0x00000198470f4f70, 0x00000198470519f0, 0x00000198473a5b60,
0x00000198473a61d0, 0x00000198472a0740, 0x0000019847460df0, 0x0000019847462830,
0x0000019847461b10, 0x00000198474621a0, 0x000001984745f3b0, 0x0000019847461480,
0x00000198474600d0, 0x0000019847460760, 0x0000019848a01980, 0x0000019848a012f0,
0x0000019848a026a0, 0x0000019848a033c0, 0x0000019848a03a50, 0x0000019848a005d0,
0x0000019848a04e00, 0x0000019848a05b20, 0x000001984a4694e0, 0x000001984a466d80,
0x000001984a467aa0, 0x000001984a467410, 0x000001984a468130, 0x000001984a4687c0,
0x000001984a468e50, 0x000001984c726d30, 0x000001984c728770, 0x000001984c728e00,
0x000001984c72a1b0, 0x000001984c72a840, 0x000001984c729b20, 0x000001984c7273c0,
0x000001984c729490, 0x000001984c72aed0, 0x000001984c727a50, 0x000001984c7280e0,
0x000001984c72dcc0, 0x000001984c72b560, 0x000001984c72bbf0, 0x000001984c72cfa0,
0x000001984c72d630, 0x000001984c72c280, 0x000001984c72c910, 0x000001984c72e350,
0x000001984c47f9a0, 0x000001984c47e5f0, 0x000001984c482100, 0x000001984c4813e0,
0x000001984c480030, 0x000001984c47ec80, 0x000001984c481a70, 0x000001984c482790,
0x000001984c480d50, 0x000001984d4c1f70, 0x000001984d4c3320, 0x000001984d4c0530,
0x000001984d4c1250, 0x000001984d4bfea0, 0x000001984d4c39b0, 0x000001984d4c4040,
0x000001984d4c2600, 0x000001984d4c46d0, 0x000001984d4c4d60, 0x000001984d4c18e0,
0x000001984d4c53f0, 0x000001984d4c6110, 0x000001984d4c5a80, 0x000001984d4c67a0,
0x000001984d4c6e30, 0x000001984d4c74c0, 0x00000198485f4ff0, 0x00000198485f2890,
0x00000198485f4960, 0x00000198485f3c40, 0x00000198485f2200, 0x00000198485f42d0,
0x00000198485f5680, 0x00000198485f5d10, 0x00000198485f63a0, 0x00000198485f2f20,
0x00000198485f70c0, 0x00000198485f7750, 0x00000198485f9820, 0x00000198485f6a30,
0x00000198485f9190, 0x00000198485f7de0, 0x00000198485f8470, 0x00000198485f8b00,
0x000001984ca63050, 0x000001984ca636e0, 0x000001984ca65e40, 0x000001984ca629c0,
0x000001984ca671f0, 0x000001984ca65120, 0x000001984ca66b60, 0x000001984ca64400,
0x000001984ca664d0, 0x000001984ca63d70, 0x000001984ca67880, 0x000001984ca67f10,
0x000001984ca657b0, 0x000001984ca64a90, 0x000001984ca685a0, 0x000001984ca68c30,
0x000001984ca692c0, 0x000001984ca69950, 0x000001984ca69fe0, 0x0000019848923370,
0x0000019848923a00, 0x0000019848922650, 0x0000019848924090, 0x0000019848921930,
0x00000198489212a0, 0x0000019848922ce0, 0x0000019848920c10, 0x0000019848925440,
0x0000019848925ad0, 0x0000019848924720, 0x0000019848926160, 0x00000198489267f0,
0x0000019848926e80, 0x0000019848927ba0, 0x0000019848927510, 0x0000019848924db0,
0x0000019845156ac0, 0x00000198451577e0, 0x0000019845157e70, 0x0000019845158500,
0x0000019845155080, 0x0000019845158b90, 0x0000019845155710, 0x0000019845155da0,
0x0000019845159220, 0x0000019845157150, 0x00000198451598b0, 0x0000019845156430,
0x0000019845159f40, 0x000001984515a5d0, 0x000001984515ac60, 0x000001984515b2f0,
0x000001984515c010, 0x000001984515b980, 0x000001984515c6a0, 0x000001984ae20b60,
0x000001984ae1ea90, 0x000001984ae211f0, 0x000001984ae21880, 0x000001984ae1fe40,
0x000001984ae204d0, 0x000001984ae1f120, 0x000001984ae21f10, 0x000001984ae1f7b0,
0x000001984ae24d00, 0x000001984ae22c30, 0x000001984ae27460, 0x000001984ae28ea0,
0x000001984ae29530, 0x000001984ae26dd0, 0x00000198450d9050, 0x00000198450dffe0,
0x00000198450dcb60, 0x00000198450e0d00, 0x00000198450e1a20, 0x00000198450e20b0,
0x000001984c482e20, 0x0000019848a07bf0, 0x000001984dd6b380, 0x000001984dd6c730,
0x000001984dd6ba10, 0x000001984dd6c0a0, 0x000001984dd6cdc0, 0x000001984dd6d450,
0x000001984dd6acf0, 0x000001984dd6a660, 0x000001984dd69fd0, 0x000001984dd70f60,
0x000001984dd6dae0, 0x000001984ab49350, 0x000001984ab49a20, 0x000001984dd6fbb0,
0x000001984dd6ee90, 0x000001984dd70240, 0x000001984dd715f0, 0x00000198450dd880,
0x00000198450dd1f0, 0x000001984c47f310, 0x00000198450e1390, 0x000001987ffba760,
0x000001987ffbc1a0, 0x000001987ffbadf0
}

Java Threads: ( => current thread )
  0x0000019856440cb0 JavaThread "main"                              [_thread_blocked, id=23540, stack(0x000000567c900000,0x000000567ca00000) (1024K)]
  0x000001987d39b520 JavaThread "Reference Handler"          daemon [_thread_blocked, id=22464, stack(0x000000567d100000,0x000000567d200000) (1024K)]
  0x000001987d39bf80 JavaThread "Finalizer"                  daemon [_thread_blocked, id=22088, stack(0x000000567d200000,0x000000567d300000) (1024K)]
  0x00000198450061e0 JavaThread "Signal Dispatcher"          daemon [_thread_blocked, id=4348, stack(0x000000567d300000,0x000000567d400000) (1024K)]
  0x00000198450070d0 JavaThread "Attach Listener"            daemon [_thread_blocked, id=24276, stack(0x000000567d400000,0x000000567d500000) (1024K)]
  0x0000019845008b40 JavaThread "Service Thread"             daemon [_thread_blocked, id=21244, stack(0x000000567d500000,0x000000567d600000) (1024K)]
  0x00000198450136f0 JavaThread "Monitor Deflation Thread"   daemon [_thread_blocked, id=18536, stack(0x000000567d600000,0x000000567d700000) (1024K)]
  0x0000019845017ab0 JavaThread "C2 CompilerThread0"         daemon [_thread_blocked, id=18364, stack(0x000000567d700000,0x000000567d800000) (1024K)]
  0x000001984503c7e0 JavaThread "C1 CompilerThread0"         daemon [_thread_blocked, id=12724, stack(0x000000567d800000,0x000000567d900000) (1024K)]
  0x000001987d376990 JavaThread "Common-Cleaner"             daemon [_thread_blocked, id=20344, stack(0x000000567d900000,0x000000567da00000) (1024K)]
  0x0000019845247230 JavaThread "Notification Thread"        daemon [_thread_blocked, id=12640, stack(0x000000567db00000,0x000000567dc00000) (1024K)]
  0x0000019847129550 JavaThread "Daemon health stats"               [_thread_blocked, id=3508, stack(0x000000567e600000,0x000000567e700000) (1024K)]
  0x00000198473672f0 JavaThread "Incoming local TCP Connector on port 50667"        [_thread_in_native, id=16376, stack(0x000000567e700000,0x000000567e800000) (1024K)]
  0x00000198470f4f70 JavaThread "Daemon periodic checks"            [_thread_blocked, id=15960, stack(0x000000567e800000,0x000000567e900000) (1024K)]
  0x00000198470519f0 JavaThread "Daemon"                            [_thread_blocked, id=20084, stack(0x000000567e900000,0x000000567ea00000) (1024K)]
  0x00000198473a5b60 JavaThread "Handler for socket connection from /127.0.0.1:50667 to /127.0.0.1:50668"        [_thread_in_native, id=21336, stack(0x000000567ea00000,0x000000567eb00000) (1024K)]
  0x00000198473a61d0 JavaThread "Cancel handler"                    [_thread_blocked, id=18884, stack(0x000000567eb00000,0x000000567ec00000) (1024K)]
  0x00000198472a0740 JavaThread "Daemon worker"                     [_thread_blocked, id=18524, stack(0x000000567ec00000,0x000000567ed00000) (1024K)]
  0x0000019847460df0 JavaThread "Asynchronous log dispatcher for DefaultDaemonConnection: socket connection from /127.0.0.1:50667 to /127.0.0.1:50668"        [_thread_blocked, id=13444, stack(0x000000567ed00000,0x000000567ee00000) (1024K)]
  0x0000019847462830 JavaThread "Stdin handler"                     [_thread_blocked, id=14896, stack(0x000000567ee00000,0x000000567ef00000) (1024K)]
  0x0000019847461b10 JavaThread "Daemon client event forwarder"        [_thread_blocked, id=19908, stack(0x000000567ef00000,0x000000567f000000) (1024K)]
  0x00000198474621a0 JavaThread "Cache worker for journal cache (C:\Users\Administrator\.gradle\caches\journal-1)"        [_thread_blocked, id=16380, stack(0x000000567f000000,0x000000567f100000) (1024K)]
  0x000001984745f3b0 JavaThread "File lock request listener"        [_thread_in_native, id=17976, stack(0x000000567f100000,0x000000567f200000) (1024K)]
  0x0000019847461480 JavaThread "Cache worker for file hash cache (C:\Users\Administrator\.gradle\caches\8.14.3\fileHashes)"        [_thread_blocked, id=10424, stack(0x000000567f200000,0x000000567f300000) (1024K)]
  0x00000198474600d0 JavaThread "Cache worker for file hash cache (C:\Users\Administrator\Desktop\Android Studio\Antigravity\Anikku\anikku\.gradle\8.14.3\fileHashes)"        [_thread_blocked, id=25016, stack(0x000000567f500000,0x000000567f600000) (1024K)]
  0x0000019847460760 JavaThread "Cache worker for Build Output Cleanup Cache (C:\Users\Administrator\Desktop\Android Studio\Antigravity\Anikku\anikku\.gradle\buildOutputCleanup)"        [_thread_blocked, id=21056, stack(0x000000567f600000,0x000000567f700000) (1024K)]
  0x0000019848a01980 JavaThread "Cache worker for Build Output Cleanup Cache (C:\Users\Administrator\Desktop\Android Studio\Antigravity\Anikku\anikku\buildSrc\.gradle\buildOutputCleanup)"        [_thread_blocked, id=22400, stack(0x000000567f700000,0x000000567f800000) (1024K)]
  0x0000019848a012f0 JavaThread "File watcher server"        daemon [_thread_blocked, id=1468, stack(0x000000567f800000,0x000000567f900000) (1024K)]
  0x0000019848a026a0 JavaThread "File watcher consumer"      daemon [_thread_blocked, id=9520, stack(0x000000567f900000,0x000000567fa00000) (1024K)]
  0x0000019848a033c0 JavaThread "Cache worker for checksums cache (C:\Users\Administrator\Desktop\Android Studio\Antigravity\Anikku\anikku\.gradle\8.14.3\checksums)"        [_thread_blocked, id=10028, stack(0x000000567fa00000,0x000000567fb00000) (1024K)]
  0x0000019848a03a50 JavaThread "Cache worker for file content cache (C:\Users\Administrator\.gradle\caches\8.14.3\fileContent)"        [_thread_blocked, id=23348, stack(0x000000567fb00000,0x000000567fc00000) (1024K)]
  0x0000019848a005d0 JavaThread "Cache worker for cache directory md-supplier (C:\Users\Administrator\.gradle\caches\8.14.3\md-supplier)"        [_thread_blocked, id=13060, stack(0x000000567fc00000,0x000000567fd00000) (1024K)]
  0x0000019848a04e00 JavaThread "Cache worker for cache directory md-rule (C:\Users\Administrator\.gradle\caches\8.14.3\md-rule)"        [_thread_blocked, id=19876, stack(0x000000567fd00000,0x000000567fe00000) (1024K)]
  0x0000019848a05b20 JavaThread "Problems report writer"            [_thread_blocked, id=2308, stack(0x000000567fe00000,0x000000567ff00000) (1024K)]
  0x000001984a4694e0 JavaThread "Memory manager"                    [_thread_blocked, id=21492, stack(0x000000567ff00000,0x0000005680000000) (1024K)]
  0x000001984a466d80 JavaThread "Unconstrained build operations"        [_thread_blocked, id=24564, stack(0x0000005600000000,0x0000005600100000) (1024K)]
  0x000001984a467aa0 JavaThread "Unconstrained build operations Thread 2"        [_thread_blocked, id=4164, stack(0x0000005600100000,0x0000005600200000) (1024K)]
  0x000001984a467410 JavaThread "Unconstrained build operations Thread 3"        [_thread_blocked, id=17844, stack(0x0000005600200000,0x0000005600300000) (1024K)]
  0x000001984a468130 JavaThread "Unconstrained build operations Thread 4"        [_thread_blocked, id=22240, stack(0x0000005600300000,0x0000005600400000) (1024K)]
  0x000001984a4687c0 JavaThread "Unconstrained build operations Thread 5"        [_thread_blocked, id=24800, stack(0x0000005600400000,0x0000005600500000) (1024K)]
  0x000001984a468e50 JavaThread "Unconstrained build operations Thread 6"        [_thread_blocked, id=26104, stack(0x0000005600500000,0x0000005600600000) (1024K)]
  0x000001984c726d30 JavaThread "Unconstrained build operations Thread 7"        [_thread_blocked, id=25632, stack(0x0000005600600000,0x0000005600700000) (1024K)]
  0x000001984c728770 JavaThread "Unconstrained build operations Thread 8"        [_thread_blocked, id=14824, stack(0x0000005600700000,0x0000005600800000) (1024K)]
  0x000001984c728e00 JavaThread "Unconstrained build operations Thread 9"        [_thread_blocked, id=9132, stack(0x0000005600800000,0x0000005600900000) (1024K)]
  0x000001984c72a1b0 JavaThread "Unconstrained build operations Thread 10"        [_thread_blocked, id=20444, stack(0x0000005600900000,0x0000005600a00000) (1024K)]
  0x000001984c72a840 JavaThread "Unconstrained build operations Thread 11"        [_thread_blocked, id=18920, stack(0x0000005600a00000,0x0000005600b00000) (1024K)]
  0x000001984c729b20 JavaThread "Unconstrained build operations Thread 12"        [_thread_blocked, id=23812, stack(0x0000005600b00000,0x0000005600c00000) (1024K)]
  0x000001984c7273c0 JavaThread "Unconstrained build operations Thread 13"        [_thread_blocked, id=14800, stack(0x0000005600c00000,0x0000005600d00000) (1024K)]
  0x000001984c729490 JavaThread "Unconstrained build operations Thread 14"        [_thread_blocked, id=13376, stack(0x0000005600d00000,0x0000005600e00000) (1024K)]
  0x000001984c72aed0 JavaThread "Unconstrained build operations Thread 15"        [_thread_blocked, id=23684, stack(0x0000005600e00000,0x0000005600f00000) (1024K)]
  0x000001984c727a50 JavaThread "Unconstrained build operations Thread 16"        [_thread_blocked, id=16504, stack(0x0000005600f00000,0x0000005601000000) (1024K)]
  0x000001984c7280e0 JavaThread "Unconstrained build operations Thread 17"        [_thread_blocked, id=12328, stack(0x0000005601000000,0x0000005601100000) (1024K)]
  0x000001984c72dcc0 JavaThread "Unconstrained build operations Thread 18"        [_thread_blocked, id=14696, stack(0x0000005601100000,0x0000005601200000) (1024K)]
  0x000001984c72b560 JavaThread "Unconstrained build operations Thread 19"        [_thread_blocked, id=14244, stack(0x0000005601200000,0x0000005601300000) (1024K)]
  0x000001984c72bbf0 JavaThread "Unconstrained build operations Thread 20"        [_thread_blocked, id=24556, stack(0x0000005601300000,0x0000005601400000) (1024K)]
  0x000001984c72cfa0 JavaThread "Unconstrained build operations Thread 21"        [_thread_blocked, id=3536, stack(0x0000005601400000,0x0000005601500000) (1024K)]
  0x000001984c72d630 JavaThread "Unconstrained build operations Thread 22"        [_thread_blocked, id=18848, stack(0x0000005601500000,0x0000005601600000) (1024K)]
  0x000001984c72c280 JavaThread "Unconstrained build operations Thread 23"        [_thread_blocked, id=7664, stack(0x0000005601600000,0x0000005601700000) (1024K)]
  0x000001984c72c910 JavaThread "Unconstrained build operations Thread 24"        [_thread_blocked, id=22020, stack(0x0000005601700000,0x0000005601800000) (1024K)]
  0x000001984c72e350 JavaThread "Unconstrained build operations Thread 25"        [_thread_blocked, id=17964, stack(0x0000005601800000,0x0000005601900000) (1024K)]
  0x000001984c47f9a0 JavaThread "Unconstrained build operations Thread 26"        [_thread_blocked, id=12672, stack(0x0000005601900000,0x0000005601a00000) (1024K)]
  0x000001984c47e5f0 JavaThread "Unconstrained build operations Thread 27"        [_thread_blocked, id=8452, stack(0x0000005601a00000,0x0000005601b00000) (1024K)]
  0x000001984c482100 JavaThread "Unconstrained build operations Thread 28"        [_thread_blocked, id=5172, stack(0x0000005601b00000,0x0000005601c00000) (1024K)]
  0x000001984c4813e0 JavaThread "Unconstrained build operations Thread 29"        [_thread_blocked, id=12664, stack(0x0000005601c00000,0x0000005601d00000) (1024K)]
  0x000001984c480030 JavaThread "Unconstrained build operations Thread 30"        [_thread_blocked, id=11004, stack(0x0000005601d00000,0x0000005601e00000) (1024K)]
  0x000001984c47ec80 JavaThread "Unconstrained build operations Thread 31"        [_thread_blocked, id=14392, stack(0x0000005601e00000,0x0000005601f00000) (1024K)]
  0x000001984c481a70 JavaThread "Unconstrained build operations Thread 32"        [_thread_blocked, id=22008, stack(0x0000005601f00000,0x0000005602000000) (1024K)]
  0x000001984c482790 JavaThread "Unconstrained build operations Thread 33"        [_thread_blocked, id=24428, stack(0x0000005602000000,0x0000005602100000) (1024K)]
  0x000001984c480d50 JavaThread "build event listener"              [_thread_blocked, id=20348, stack(0x0000005602100000,0x0000005602200000) (1024K)]
  0x000001984d4c1f70 JavaThread "included builds"                   [_thread_blocked, id=21136, stack(0x0000005602200000,0x0000005602300000) (1024K)]
  0x000001984d4c3320 JavaThread "Execution worker"                  [_thread_blocked, id=15632, stack(0x0000005602300000,0x0000005602400000) (1024K)]
  0x000001984d4c0530 JavaThread "Execution worker Thread 2"         [_thread_blocked, id=22960, stack(0x0000005602400000,0x0000005602500000) (1024K)]
  0x000001984d4c1250 JavaThread "Execution worker Thread 3"         [_thread_blocked, id=24732, stack(0x0000005602500000,0x0000005602600000) (1024K)]
  0x000001984d4bfea0 JavaThread "Execution worker Thread 4"         [_thread_blocked, id=23212, stack(0x0000005602600000,0x0000005602700000) (1024K)]
  0x000001984d4c39b0 JavaThread "Execution worker Thread 5"         [_thread_blocked, id=23364, stack(0x0000005602700000,0x0000005602800000) (1024K)]
  0x000001984d4c4040 JavaThread "Execution worker Thread 6"         [_thread_blocked, id=9836, stack(0x0000005602800000,0x0000005602900000) (1024K)]
  0x000001984d4c2600 JavaThread "Execution worker Thread 7"         [_thread_blocked, id=20080, stack(0x0000005602900000,0x0000005602a00000) (1024K)]
  0x000001984d4c46d0 JavaThread "Execution worker Thread 8"         [_thread_blocked, id=24676, stack(0x0000005602a00000,0x0000005602b00000) (1024K)]
  0x000001984d4c4d60 JavaThread "Execution worker Thread 9"         [_thread_blocked, id=24936, stack(0x0000005602b00000,0x0000005602c00000) (1024K)]
  0x000001984d4c18e0 JavaThread "Execution worker Thread 10"        [_thread_blocked, id=24368, stack(0x0000005602c00000,0x0000005602d00000) (1024K)]
  0x000001984d4c53f0 JavaThread "Execution worker Thread 11"        [_thread_blocked, id=22816, stack(0x0000005602d00000,0x0000005602e00000) (1024K)]
  0x000001984d4c6110 JavaThread "Cache worker for execution history cache (C:\Users\Administrator\Desktop\Android Studio\Antigravity\Anikku\anikku\buildSrc\.gradle\8.14.3\executionHistory)"        [_thread_blocked, id=19544, stack(0x0000005602e00000,0x0000005602f00000) (1024K)]
  0x000001984d4c5a80 JavaThread "Unconstrained build operations Thread 34"        [_thread_blocked, id=2468, stack(0x0000005602f00000,0x0000005603000000) (1024K)]
  0x000001984d4c67a0 JavaThread "Unconstrained build operations Thread 35"        [_thread_blocked, id=14912, stack(0x0000005603000000,0x0000005603100000) (1024K)]
  0x000001984d4c6e30 JavaThread "Unconstrained build operations Thread 36"        [_thread_blocked, id=25620, stack(0x0000005603100000,0x0000005603200000) (1024K)]
  0x000001984d4c74c0 JavaThread "Unconstrained build operations Thread 37"        [_thread_blocked, id=14876, stack(0x0000005603200000,0x0000005603300000) (1024K)]
  0x00000198485f4ff0 JavaThread "Unconstrained build operations Thread 38"        [_thread_blocked, id=22408, stack(0x0000005603300000,0x0000005603400000) (1024K)]
  0x00000198485f2890 JavaThread "Unconstrained build operations Thread 39"        [_thread_blocked, id=13584, stack(0x0000005603400000,0x0000005603500000) (1024K)]
  0x00000198485f4960 JavaThread "Unconstrained build operations Thread 40"        [_thread_blocked, id=5888, stack(0x0000005603500000,0x0000005603600000) (1024K)]
  0x00000198485f3c40 JavaThread "Unconstrained build operations Thread 41"        [_thread_blocked, id=16708, stack(0x0000005603600000,0x0000005603700000) (1024K)]
  0x00000198485f2200 JavaThread "Unconstrained build operations Thread 42"        [_thread_blocked, id=24844, stack(0x0000005603700000,0x0000005603800000) (1024K)]
  0x00000198485f42d0 JavaThread "Unconstrained build operations Thread 43"        [_thread_blocked, id=9828, stack(0x0000005603800000,0x0000005603900000) (1024K)]
  0x00000198485f5680 JavaThread "Unconstrained build operations Thread 44"        [_thread_blocked, id=21012, stack(0x0000005603900000,0x0000005603a00000) (1024K)]
  0x00000198485f5d10 JavaThread "Unconstrained build operations Thread 45"        [_thread_blocked, id=13728, stack(0x0000005603a00000,0x0000005603b00000) (1024K)]
  0x00000198485f63a0 JavaThread "Unconstrained build operations Thread 46"        [_thread_blocked, id=9180, stack(0x0000005603b00000,0x0000005603c00000) (1024K)]
  0x00000198485f2f20 JavaThread "Unconstrained build operations Thread 47"        [_thread_blocked, id=20912, stack(0x0000005603c00000,0x0000005603d00000) (1024K)]
  0x00000198485f70c0 JavaThread "Unconstrained build operations Thread 48"        [_thread_blocked, id=12916, stack(0x0000005603d00000,0x0000005603e00000) (1024K)]
  0x00000198485f7750 JavaThread "Unconstrained build operations Thread 49"        [_thread_blocked, id=5432, stack(0x0000005603e00000,0x0000005603f00000) (1024K)]
  0x00000198485f9820 JavaThread "Unconstrained build operations Thread 50"        [_thread_blocked, id=7732, stack(0x0000005603f00000,0x0000005604000000) (1024K)]
  0x00000198485f6a30 JavaThread "Unconstrained build operations Thread 51"        [_thread_blocked, id=13096, stack(0x0000005604000000,0x0000005604100000) (1024K)]
  0x00000198485f9190 JavaThread "Unconstrained build operations Thread 52"        [_thread_blocked, id=11956, stack(0x0000005604100000,0x0000005604200000) (1024K)]
  0x00000198485f7de0 JavaThread "Unconstrained build operations Thread 53"        [_thread_blocked, id=25612, stack(0x0000005604200000,0x0000005604300000) (1024K)]
  0x00000198485f8470 JavaThread "Unconstrained build operations Thread 54"        [_thread_blocked, id=13660, stack(0x0000005604300000,0x0000005604400000) (1024K)]
  0x00000198485f8b00 JavaThread "Unconstrained build operations Thread 55"        [_thread_blocked, id=10208, stack(0x0000005604400000,0x0000005604500000) (1024K)]
  0x000001984ca63050 JavaThread "Unconstrained build operations Thread 56"        [_thread_blocked, id=21588, stack(0x0000005604500000,0x0000005604600000) (1024K)]
  0x000001984ca636e0 JavaThread "Unconstrained build operations Thread 57"        [_thread_blocked, id=12968, stack(0x0000005604600000,0x0000005604700000) (1024K)]
  0x000001984ca65e40 JavaThread "Unconstrained build operations Thread 58"        [_thread_blocked, id=14096, stack(0x0000005604700000,0x0000005604800000) (1024K)]
  0x000001984ca629c0 JavaThread "Unconstrained build operations Thread 59"        [_thread_blocked, id=18736, stack(0x0000005604800000,0x0000005604900000) (1024K)]
  0x000001984ca671f0 JavaThread "Unconstrained build operations Thread 60"        [_thread_blocked, id=26312, stack(0x0000005604900000,0x0000005604a00000) (1024K)]
  0x000001984ca65120 JavaThread "Unconstrained build operations Thread 61"        [_thread_blocked, id=26388, stack(0x0000005604a00000,0x0000005604b00000) (1024K)]
  0x000001984ca66b60 JavaThread "Unconstrained build operations Thread 62"        [_thread_blocked, id=13612, stack(0x0000005604b00000,0x0000005604c00000) (1024K)]
  0x000001984ca64400 JavaThread "Unconstrained build operations Thread 63"        [_thread_blocked, id=1368, stack(0x0000005604c00000,0x0000005604d00000) (1024K)]
  0x000001984ca664d0 JavaThread "Unconstrained build operations Thread 64"        [_thread_blocked, id=16032, stack(0x0000005604d00000,0x0000005604e00000) (1024K)]
  0x000001984ca63d70 JavaThread "Unconstrained build operations Thread 65"        [_thread_blocked, id=18228, stack(0x0000005604e00000,0x0000005604f00000) (1024K)]
  0x000001984ca67880 JavaThread "Unconstrained build operations Thread 66"        [_thread_blocked, id=21672, stack(0x0000005604f00000,0x0000005605000000) (1024K)]
  0x000001984ca67f10 JavaThread "Unconstrained build operations Thread 67"        [_thread_blocked, id=8008, stack(0x0000005605000000,0x0000005605100000) (1024K)]
  0x000001984ca657b0 JavaThread "Unconstrained build operations Thread 68"        [_thread_blocked, id=9952, stack(0x0000005605100000,0x0000005605200000) (1024K)]
  0x000001984ca64a90 JavaThread "Unconstrained build operations Thread 69"        [_thread_blocked, id=20096, stack(0x0000005605200000,0x0000005605300000) (1024K)]
  0x000001984ca685a0 JavaThread "Unconstrained build operations Thread 70"        [_thread_blocked, id=13828, stack(0x0000005605300000,0x0000005605400000) (1024K)]
  0x000001984ca68c30 JavaThread "Unconstrained build operations Thread 71"        [_thread_blocked, id=10236, stack(0x0000005605400000,0x0000005605500000) (1024K)]
  0x000001984ca692c0 JavaThread "Unconstrained build operations Thread 72"        [_thread_blocked, id=13692, stack(0x0000005605500000,0x0000005605600000) (1024K)]
  0x000001984ca69950 JavaThread "Unconstrained build operations Thread 73"        [_thread_blocked, id=26368, stack(0x0000005605600000,0x0000005605700000) (1024K)]
  0x000001984ca69fe0 JavaThread "Unconstrained build operations Thread 74"        [_thread_blocked, id=22764, stack(0x0000005605700000,0x0000005605800000) (1024K)]
  0x0000019848923370 JavaThread "Unconstrained build operations Thread 75"        [_thread_blocked, id=20728, stack(0x0000005605800000,0x0000005605900000) (1024K)]
  0x0000019848923a00 JavaThread "Unconstrained build operations Thread 76"        [_thread_blocked, id=19924, stack(0x0000005605900000,0x0000005605a00000) (1024K)]
  0x0000019848922650 JavaThread "Unconstrained build operations Thread 77"        [_thread_blocked, id=18596, stack(0x0000005605a00000,0x0000005605b00000) (1024K)]
  0x0000019848924090 JavaThread "Unconstrained build operations Thread 78"        [_thread_blocked, id=24612, stack(0x0000005605b00000,0x0000005605c00000) (1024K)]
  0x0000019848921930 JavaThread "Unconstrained build operations Thread 79"        [_thread_blocked, id=22196, stack(0x0000005605c00000,0x0000005605d00000) (1024K)]
  0x00000198489212a0 JavaThread "Unconstrained build operations Thread 80"        [_thread_blocked, id=14124, stack(0x0000005605d00000,0x0000005605e00000) (1024K)]
  0x0000019848922ce0 JavaThread "Unconstrained build operations Thread 81"        [_thread_blocked, id=19940, stack(0x0000005605e00000,0x0000005605f00000) (1024K)]
  0x0000019848920c10 JavaThread "Unconstrained build operations Thread 82"        [_thread_blocked, id=21844, stack(0x0000005605f00000,0x0000005606000000) (1024K)]
  0x0000019848925440 JavaThread "Unconstrained build operations Thread 83"        [_thread_blocked, id=8004, stack(0x0000005606000000,0x0000005606100000) (1024K)]
  0x0000019848925ad0 JavaThread "Unconstrained build operations Thread 84"        [_thread_blocked, id=3612, stack(0x0000005606100000,0x0000005606200000) (1024K)]
  0x0000019848924720 JavaThread "Unconstrained build operations Thread 85"        [_thread_blocked, id=23384, stack(0x0000005606200000,0x0000005606300000) (1024K)]
  0x0000019848926160 JavaThread "Unconstrained build operations Thread 86"        [_thread_blocked, id=19404, stack(0x0000005606300000,0x0000005606400000) (1024K)]
  0x00000198489267f0 JavaThread "Unconstrained build operations Thread 87"        [_thread_blocked, id=12468, stack(0x0000005606400000,0x0000005606500000) (1024K)]
  0x0000019848926e80 JavaThread "Unconstrained build operations Thread 88"        [_thread_blocked, id=19712, stack(0x0000005606500000,0x0000005606600000) (1024K)]
  0x0000019848927ba0 JavaThread "Unconstrained build operations Thread 89"        [_thread_blocked, id=12560, stack(0x0000005606600000,0x0000005606700000) (1024K)]
  0x0000019848927510 JavaThread "Unconstrained build operations Thread 90"        [_thread_blocked, id=26156, stack(0x0000005606700000,0x0000005606800000) (1024K)]
  0x0000019848924db0 JavaThread "Unconstrained build operations Thread 91"        [_thread_blocked, id=18812, stack(0x0000005606800000,0x0000005606900000) (1024K)]
  0x0000019845156ac0 JavaThread "Unconstrained build operations Thread 92"        [_thread_blocked, id=23608, stack(0x0000005606900000,0x0000005606a00000) (1024K)]
  0x00000198451577e0 JavaThread "Unconstrained build operations Thread 93"        [_thread_blocked, id=10164, stack(0x0000005606a00000,0x0000005606b00000) (1024K)]
  0x0000019845157e70 JavaThread "Unconstrained build operations Thread 94"        [_thread_blocked, id=15964, stack(0x0000005606b00000,0x0000005606c00000) (1024K)]
  0x0000019845158500 JavaThread "Unconstrained build operations Thread 95"        [_thread_blocked, id=13636, stack(0x0000005606c00000,0x0000005606d00000) (1024K)]
  0x0000019845155080 JavaThread "Unconstrained build operations Thread 96"        [_thread_blocked, id=25672, stack(0x0000005606d00000,0x0000005606e00000) (1024K)]
  0x0000019845158b90 JavaThread "Unconstrained build operations Thread 97"        [_thread_blocked, id=14620, stack(0x0000005606e00000,0x0000005606f00000) (1024K)]
  0x0000019845155710 JavaThread "Unconstrained build operations Thread 98"        [_thread_blocked, id=11516, stack(0x0000005606f00000,0x0000005607000000) (1024K)]
  0x0000019845155da0 JavaThread "Unconstrained build operations Thread 99"        [_thread_blocked, id=15076, stack(0x0000005607000000,0x0000005607100000) (1024K)]
  0x0000019845159220 JavaThread "Unconstrained build operations Thread 100"        [_thread_blocked, id=16224, stack(0x0000005607100000,0x0000005607200000) (1024K)]
  0x0000019845157150 JavaThread "Unconstrained build operations Thread 101"        [_thread_blocked, id=9732, stack(0x0000005607200000,0x0000005607300000) (1024K)]
  0x00000198451598b0 JavaThread "Unconstrained build operations Thread 102"        [_thread_blocked, id=15700, stack(0x0000005607300000,0x0000005607400000) (1024K)]
  0x0000019845156430 JavaThread "Unconstrained build operations Thread 103"        [_thread_blocked, id=20368, stack(0x0000005607400000,0x0000005607500000) (1024K)]
  0x0000019845159f40 JavaThread "Unconstrained build operations Thread 104"        [_thread_blocked, id=18800, stack(0x0000005607500000,0x0000005607600000) (1024K)]
  0x000001984515a5d0 JavaThread "Unconstrained build operations Thread 105"        [_thread_blocked, id=13180, stack(0x0000005607600000,0x0000005607700000) (1024K)]
  0x000001984515ac60 JavaThread "Unconstrained build operations Thread 106"        [_thread_blocked, id=12692, stack(0x0000005607700000,0x0000005607800000) (1024K)]
  0x000001984515b2f0 JavaThread "Unconstrained build operations Thread 107"        [_thread_blocked, id=3512, stack(0x0000005607800000,0x0000005607900000) (1024K)]
  0x000001984515c010 JavaThread "Unconstrained build operations Thread 108"        [_thread_blocked, id=23268, stack(0x0000005607900000,0x0000005607a00000) (1024K)]
  0x000001984515b980 JavaThread "Unconstrained build operations Thread 109"        [_thread_blocked, id=25224, stack(0x0000005607a00000,0x0000005607b00000) (1024K)]
  0x000001984515c6a0 JavaThread "Unconstrained build operations Thread 110"        [_thread_blocked, id=26152, stack(0x0000005607b00000,0x0000005607c00000) (1024K)]
  0x000001984ae20b60 JavaThread "Unconstrained build operations Thread 111"        [_thread_blocked, id=21020, stack(0x0000005607c00000,0x0000005607d00000) (1024K)]
  0x000001984ae1ea90 JavaThread "Unconstrained build operations Thread 112"        [_thread_blocked, id=26200, stack(0x0000005607d00000,0x0000005607e00000) (1024K)]
  0x000001984ae211f0 JavaThread "Unconstrained build operations Thread 113"        [_thread_blocked, id=23496, stack(0x0000005607e00000,0x0000005607f00000) (1024K)]
  0x000001984ae21880 JavaThread "Unconstrained build operations Thread 114"        [_thread_blocked, id=2912, stack(0x0000005607f00000,0x0000005608000000) (1024K)]
  0x000001984ae1fe40 JavaThread "Unconstrained build operations Thread 115"        [_thread_blocked, id=17688, stack(0x0000005608000000,0x0000005608100000) (1024K)]
  0x000001984ae204d0 JavaThread "Unconstrained build operations Thread 116"        [_thread_blocked, id=10360, stack(0x0000005608100000,0x0000005608200000) (1024K)]
  0x000001984ae1f120 JavaThread "Unconstrained build operations Thread 117"        [_thread_blocked, id=9720, stack(0x0000005608200000,0x0000005608300000) (1024K)]
  0x000001984ae21f10 JavaThread "Unconstrained build operations Thread 118"        [_thread_blocked, id=3852, stack(0x0000005608300000,0x0000005608400000) (1024K)]
  0x000001984ae1f7b0 JavaThread "Unconstrained build operations Thread 119"        [_thread_blocked, id=11144, stack(0x0000005608400000,0x0000005608500000) (1024K)]
  0x000001984ae24d00 JavaThread "Unconstrained build operations Thread 120"        [_thread_blocked, id=2496, stack(0x0000005608500000,0x0000005608600000) (1024K)]
  0x000001984ae22c30 JavaThread "build event listener"              [_thread_blocked, id=8932, stack(0x0000005608600000,0x0000005608700000) (1024K)]
  0x000001984ae27460 JavaThread "build event listener"              [_thread_blocked, id=7856, stack(0x0000005608800000,0x0000005608900000) (1024K)]
  0x000001984ae28ea0 JavaThread "Exec process"                      [_thread_blocked, id=7792, stack(0x0000005608900000,0x0000005608a00000) (1024K)]
  0x000001984ae29530 JavaThread "Exec process Thread 2"             [_thread_blocked, id=18456, stack(0x0000005608a00000,0x0000005608b00000) (1024K)]
  0x000001984ae26dd0 JavaThread "Exec process Thread 3"             [_thread_blocked, id=20556, stack(0x0000005608b00000,0x0000005608c00000) (1024K)]
  0x00000198450d9050 JavaThread "Cache worker for execution history cache (C:\Users\Administrator\Desktop\Android Studio\Antigravity\Anikku\anikku\.gradle\8.14.3\executionHistory)"        [_thread_blocked, id=25328, stack(0x0000005608d00000,0x0000005608e00000) (1024K)]
  0x00000198450dffe0 JavaThread "WorkerExecutor Queue"              [_thread_blocked, id=22076, stack(0x0000005608c00000,0x0000005608d00000) (1024K)]
  0x00000198450dcb60 JavaThread "RMI Scheduler(0)"           daemon [_thread_blocked, id=25104, stack(0x0000005608f00000,0x0000005609000000) (1024K)]
  0x00000198450e0d00 JavaThread "RMI GC Daemon"              daemon [_thread_blocked, id=24000, stack(0x0000005609100000,0x0000005609200000) (1024K)]
  0x00000198450e1a20 JavaThread "RMI TCP Accept-0"           daemon [_thread_in_native, id=24308, stack(0x0000005609400000,0x0000005609500000) (1024K)]
  0x00000198450e20b0 JavaThread "RMI Reaper"                        [_thread_blocked, id=8184, stack(0x0000005609500000,0x0000005609600000) (1024K)]
  0x000001984c482e20 JavaThread "RMI TCP Connection(1)-127.0.0.1" daemon [_thread_in_native, id=3248, stack(0x0000005609600000,0x0000005609700000) (1024K)]
  0x0000019848a07bf0 JavaThread "Cache worker for Java compile cache (C:\Users\Administrator\.gradle\caches\8.14.3\javaCompile)"        [_thread_blocked, id=8068, stack(0x0000005609700000,0x0000005609800000) (1024K)]
  0x000001984dd6b380 JavaThread "Build operations"                  [_thread_blocked, id=20148, stack(0x0000005609800000,0x0000005609900000) (1024K)]
  0x000001984dd6c730 JavaThread "Build operations Thread 2"         [_thread_blocked, id=388, stack(0x0000005609900000,0x0000005609a00000) (1024K)]
  0x000001984dd6ba10 JavaThread "Build operations Thread 3"         [_thread_blocked, id=15088, stack(0x0000005609a00000,0x0000005609b00000) (1024K)]
  0x000001984dd6c0a0 JavaThread "Build operations Thread 4"         [_thread_blocked, id=18728, stack(0x0000005609b00000,0x0000005609c00000) (1024K)]
  0x000001984dd6cdc0 JavaThread "Build operations Thread 5"         [_thread_blocked, id=15516, stack(0x0000005609c00000,0x0000005609d00000) (1024K)]
  0x000001984dd6d450 JavaThread "Build operations Thread 6"         [_thread_blocked, id=21884, stack(0x0000005609d00000,0x0000005609e00000) (1024K)]
  0x000001984dd6acf0 JavaThread "Build operations Thread 7"         [_thread_blocked, id=22152, stack(0x0000005609e00000,0x0000005609f00000) (1024K)]
  0x000001984dd6a660 JavaThread "Build operations Thread 8"         [_thread_blocked, id=25180, stack(0x0000005609f00000,0x000000560a000000) (1024K)]
  0x000001984dd69fd0 JavaThread "Build operations Thread 9"         [_thread_blocked, id=13812, stack(0x000000560a000000,0x000000560a100000) (1024K)]
  0x000001984dd70f60 JavaThread "Build operations Thread 10"        [_thread_blocked, id=19596, stack(0x000000560a100000,0x000000560a200000) (1024K)]
  0x000001984dd6dae0 JavaThread "Build operations Thread 11"        [_thread_blocked, id=19280, stack(0x000000560a200000,0x000000560a300000) (1024K)]
  0x000001984ab49350 JavaThread "C2 CompilerThread1"         daemon [_thread_blocked, id=22564, stack(0x0000005609000000,0x0000005609100000) (1024K)]
  0x000001984ab49a20 JavaThread "C2 CompilerThread2"         daemon [_thread_blocked, id=5380, stack(0x0000005609200000,0x0000005609300000) (1024K)]
  0x000001984dd6fbb0 JavaThread "WorkerExecutor Queue Thread 2"        [_thread_blocked, id=20268, stack(0x0000005609300000,0x0000005609400000) (1024K)]
  0x000001984dd6ee90 JavaThread "WorkerExecutor Queue Thread 3"        [_thread_blocked, id=21468, stack(0x000000560a300000,0x000000560a400000) (1024K)]
  0x000001984dd70240 JavaThread "WorkerExecutor Queue Thread 4"        [_thread_blocked, id=4032, stack(0x000000560a400000,0x000000560a500000) (1024K)]
  0x000001984dd715f0 JavaThread "WorkerExecutor Queue Thread 5"        [_thread_blocked, id=22924, stack(0x000000560a500000,0x000000560a600000) (1024K)]
  0x00000198450dd880 JavaThread "WorkerExecutor Queue Thread 6"        [_thread_blocked, id=15956, stack(0x000000560a600000,0x000000560a700000) (1024K)]
  0x00000198450dd1f0 JavaThread "WorkerExecutor Queue Thread 7"        [_thread_blocked, id=13132, stack(0x000000560a700000,0x000000560a800000) (1024K)]
  0x000001984c47f310 JavaThread "WorkerExecutor Queue Thread 8"        [_thread_blocked, id=24004, stack(0x000000560a800000,0x000000560a900000) (1024K)]
  0x00000198450e1390 JavaThread "WorkerExecutor Queue Thread 9"        [_thread_blocked, id=16656, stack(0x000000560a900000,0x000000560aa00000) (1024K)]
  0x000001987ffba760 JavaThread "WorkerExecutor Queue Thread 10"        [_thread_blocked, id=3172, stack(0x000000560aa00000,0x000000560ab00000) (1024K)]
  0x000001987ffbc1a0 JavaThread "WorkerExecutor Queue Thread 11"        [_thread_blocked, id=20256, stack(0x000000560ab00000,0x000000560ac00000) (1024K)]
  0x000001987ffbadf0 JavaThread "WorkerExecutor Queue Thread 12"        [_thread_blocked, id=23204, stack(0x000000560ac00000,0x000000560ad00000) (1024K)]
Total: 206

Other Threads:
=>0x000001987d383cb0 VMThread "VM Thread"                           [id=25388, stack(0x000000567d000000,0x000000567d100000) (1024K)]
  0x000001987d375800 WatcherThread "VM Periodic Task Thread"        [id=11400, stack(0x000000567cf00000,0x000000567d000000) (1024K)]
  0x000001987d1d0d20 WorkerThread "GC Thread#0"                     [id=12676, stack(0x000000567ca00000,0x000000567cb00000) (1024K)]
  0x00000198453b18c0 WorkerThread "GC Thread#1"                     [id=20764, stack(0x000000567dd00000,0x000000567de00000) (1024K)]
  0x00000198453d7740 WorkerThread "GC Thread#2"                     [id=15312, stack(0x000000567de00000,0x000000567df00000) (1024K)]
  0x00000198453d7f00 WorkerThread "GC Thread#3"                     [id=2712, stack(0x000000567df00000,0x000000567e000000) (1024K)]
  0x000001984549aa70 WorkerThread "GC Thread#4"                     [id=3144, stack(0x000000567e000000,0x000000567e100000) (1024K)]
  0x000001984549b220 WorkerThread "GC Thread#5"                     [id=23020, stack(0x000000567e100000,0x000000567e200000) (1024K)]
  0x0000019845385ad0 WorkerThread "GC Thread#6"                     [id=22352, stack(0x000000567e200000,0x000000567e300000) (1024K)]
  0x0000019845385e80 WorkerThread "GC Thread#7"                     [id=18592, stack(0x000000567e300000,0x000000567e400000) (1024K)]
  0x0000019845386230 WorkerThread "GC Thread#8"                     [id=22508, stack(0x000000567e400000,0x000000567e500000) (1024K)]
  0x00000198453865e0 WorkerThread "GC Thread#9"                     [id=15448, stack(0x000000567e500000,0x000000567e600000) (1024K)]
  0x00000198564d3f60 ConcurrentGCThread "G1 Main Marker"            [id=5360, stack(0x000000567cb00000,0x000000567cc00000) (1024K)]
  0x00000198564d5120 WorkerThread "G1 Conc#0"                       [id=11992, stack(0x000000567cc00000,0x000000567cd00000) (1024K)]
  0x000001984816a1d0 WorkerThread "G1 Conc#1"                       [id=4272, stack(0x000000567f300000,0x000000567f400000) (1024K)]
  0x0000019848169310 WorkerThread "G1 Conc#2"                       [id=25456, stack(0x000000567f400000,0x000000567f500000) (1024K)]
  0x00000198564fd510 ConcurrentGCThread "G1 Refine#0"               [id=22216, stack(0x000000567cd00000,0x000000567ce00000) (1024K)]
  0x000001987d2413f0 ConcurrentGCThread "G1 Service"                [id=25732, stack(0x000000567ce00000,0x000000567cf00000) (1024K)]
Total: 18

Threads with active compile tasks:
C2 CompilerThread0  40484 25830   !   4       java.lang.invoke.InnerClassLambdaMetafactory::generateInnerClass (506 bytes)
C1 CompilerThread0  40484 27024       3       com.android.tools.r8.internal.x10$$Lambda/0x0000019802853b58::<init> (10 bytes)
C2 CompilerThread1  40484 26896       4       com.android.tools.r8.internal.sB::C (380 bytes)
C2 CompilerThread2  40484 25471 %     4       com.android.tools.r8.internal.de::a @ 83 (7028 bytes)
Total: 4

VM state: at safepoint (normal execution)

VM Mutex/Monitor currently owned by a thread:  ([mutex/lock_event])
[0x00007ff92a039b28] Threads_lock - owner thread: 0x000001987d383cb0
[0x00007ff92a039c28] Heap_lock - owner thread: 0x00000198450e1390

Heap address: 0x0000000500000000, size: 12288 MB, Compressed Oops mode: Zero based, Oop shift amount: 3

CDS archive(s) mapped at: [0x0000019800000000-0x0000019800cd0000-0x0000019800cd0000), size 13434880, SharedBaseAddress: 0x0000019800000000, ArchiveRelocationMode: 1.
Compressed class space mapped at: 0x0000019801000000-0x0000019841000000, reserved size: 1073741824
Narrow klass base: 0x0000019800000000, Narrow klass shift: 0, Narrow klass range: 0x100000000

GC Precious Log:
 CardTable entry size: 512
 Card Set container configuration: InlinePtr #cards 4 size 8 Array Of Cards #cards 64 size 144 Howl #buckets 8 coarsen threshold 14745 Howl Bitmap #cards 2048 size 272 coarsen threshold 1843 Card regions per heap region 1 cards per card region 16384
 CPUs: 12 total, 12 available
 Memory: 31913M
 Large Page Support: Disabled
 NUMA Support: Disabled
 Compressed Oops: Enabled (Zero based)
 Heap Region Size: 8M
 Heap Min Capacity: 8M
 Heap Initial Capacity: 504M
 Heap Max Capacity: 12G
 Pre-touch: Disabled
 Parallel Workers: 10
 Concurrent Workers: 3
 Concurrent Refinement Workers: 10
 Periodic GC: Disabled

Heap:
 garbage-first heap   total 827392K, used 581564K [0x0000000500000000, 0x0000000800000000)
  region size 8192K, 2 young (16384K), 2 survivors (16384K)
 Metaspace       used 170327K, committed 173248K, reserved 1245184K
  class space    used 23889K, committed 25344K, reserved 1048576K

Heap Regions: E=young(eden), S=young(survivor), O=old, HS=humongous(starts), HC=humongous(continues), CS=collection set, F=free, TAMS=top-at-mark-start, PB=parsable bottom
|   0|0x0000000500000000, 0x0000000500800000, 0x0000000500800000|100%| O|  |TAMS 0x0000000500800000| PB 0x0000000500000000| Untracked 
|   1|0x0000000500800000, 0x0000000501000000, 0x0000000501000000|100%| O|  |TAMS 0x0000000501000000| PB 0x0000000500800000| Untracked 
|   2|0x0000000501000000, 0x0000000501800000, 0x0000000501800000|100%| O|  |TAMS 0x0000000501800000| PB 0x0000000501000000| Untracked 
|   3|0x0000000501800000, 0x0000000502000000, 0x0000000502000000|100%| O|  |TAMS 0x0000000502000000| PB 0x0000000501800000| Untracked 
|   4|0x0000000502000000, 0x0000000502800000, 0x0000000502800000|100%| O|  |TAMS 0x0000000502800000| PB 0x0000000502000000| Untracked 
|   5|0x0000000502800000, 0x0000000503000000, 0x0000000503000000|100%| O|  |TAMS 0x0000000503000000| PB 0x0000000502800000| Untracked 
|   6|0x0000000503000000, 0x0000000503800000, 0x0000000503800000|100%| O|  |TAMS 0x0000000503800000| PB 0x0000000503000000| Untracked 
|   7|0x0000000503800000, 0x0000000504000000, 0x0000000504000000|100%| O|  |TAMS 0x0000000504000000| PB 0x0000000503800000| Untracked 
|   8|0x0000000504000000, 0x0000000504800000, 0x0000000504800000|100%| O|  |TAMS 0x0000000504800000| PB 0x0000000504000000| Untracked 
|   9|0x0000000504800000, 0x0000000505000000, 0x0000000505000000|100%| O|  |TAMS 0x0000000505000000| PB 0x0000000504800000| Untracked 
|  10|0x0000000505000000, 0x0000000505800000, 0x0000000505800000|100%| O|  |TAMS 0x0000000505800000| PB 0x0000000505000000| Untracked 
|  11|0x0000000505800000, 0x0000000506000000, 0x0000000506000000|100%| O|  |TAMS 0x0000000506000000| PB 0x0000000505800000| Untracked 
|  12|0x0000000506000000, 0x0000000506800000, 0x0000000506800000|100%| O|  |TAMS 0x0000000506800000| PB 0x0000000506000000| Untracked 
|  13|0x0000000506800000, 0x0000000507000000, 0x0000000507000000|100%| O|  |TAMS 0x0000000507000000| PB 0x0000000506800000| Untracked 
|  14|0x0000000507000000, 0x0000000507800000, 0x0000000507800000|100%| O|  |TAMS 0x0000000507800000| PB 0x0000000507000000| Untracked 
|  15|0x0000000507800000, 0x0000000508000000, 0x0000000508000000|100%| O|  |TAMS 0x0000000508000000| PB 0x0000000507800000| Untracked 
|  16|0x0000000508000000, 0x0000000508800000, 0x0000000508800000|100%| O|  |TAMS 0x0000000508800000| PB 0x0000000508000000| Untracked 
|  17|0x0000000508800000, 0x0000000509000000, 0x0000000509000000|100%| O|  |TAMS 0x0000000509000000| PB 0x0000000508800000| Untracked 
|  18|0x0000000509000000, 0x0000000509800000, 0x0000000509800000|100%| O|  |TAMS 0x0000000509800000| PB 0x0000000509000000| Untracked 
|  19|0x0000000509800000, 0x000000050a000000, 0x000000050a000000|100%| O|  |TAMS 0x000000050a000000| PB 0x0000000509800000| Untracked 
|  20|0x000000050a000000, 0x000000050a800000, 0x000000050a800000|100%| O|  |TAMS 0x000000050a800000| PB 0x000000050a000000| Untracked 
|  21|0x000000050a800000, 0x000000050b000000, 0x000000050b000000|100%| O|  |TAMS 0x000000050b000000| PB 0x000000050a800000| Untracked 
|  22|0x000000050b000000, 0x000000050b800000, 0x000000050b800000|100%| O|  |TAMS 0x000000050b800000| PB 0x000000050b000000| Untracked 
|  23|0x000000050b800000, 0x000000050c000000, 0x000000050c000000|100%| O|  |TAMS 0x000000050c000000| PB 0x000000050b800000| Untracked 
|  24|0x000000050c000000, 0x000000050c800000, 0x000000050c800000|100%| O|  |TAMS 0x000000050c800000| PB 0x000000050c000000| Untracked 
|  25|0x000000050c800000, 0x000000050d000000, 0x000000050d000000|100%| O|  |TAMS 0x000000050d000000| PB 0x000000050c800000| Untracked 
|  26|0x000000050d000000, 0x000000050d800000, 0x000000050d800000|100%| O|  |TAMS 0x000000050d800000| PB 0x000000050d000000| Untracked 
|  27|0x000000050d800000, 0x000000050e000000, 0x000000050e000000|100%| O|  |TAMS 0x000000050e000000| PB 0x000000050d800000| Untracked 
|  28|0x000000050e000000, 0x000000050e800000, 0x000000050e800000|100%| O|  |TAMS 0x000000050e800000| PB 0x000000050e000000| Untracked 
|  29|0x000000050e800000, 0x000000050f000000, 0x000000050f000000|100%| O|  |TAMS 0x000000050f000000| PB 0x000000050e800000| Untracked 
|  30|0x000000050f000000, 0x000000050f800000, 0x000000050f800000|100%| O|  |TAMS 0x000000050f800000| PB 0x000000050f000000| Untracked 
|  31|0x000000050f800000, 0x0000000510000000, 0x0000000510000000|100%| O|  |TAMS 0x0000000510000000| PB 0x000000050f800000| Untracked 
|  32|0x0000000510000000, 0x0000000510800000, 0x0000000510800000|100%| O|  |TAMS 0x0000000510800000| PB 0x0000000510000000| Untracked 
|  33|0x0000000510800000, 0x0000000511000000, 0x0000000511000000|100%| O|  |TAMS 0x0000000511000000| PB 0x0000000510800000| Untracked 
|  34|0x0000000511000000, 0x0000000511800000, 0x0000000511800000|100%| O|  |TAMS 0x0000000511800000| PB 0x0000000511000000| Untracked 
|  35|0x0000000511800000, 0x0000000512000000, 0x0000000512000000|100%| O|  |TAMS 0x0000000512000000| PB 0x0000000511800000| Untracked 
|  36|0x0000000512000000, 0x0000000512800000, 0x0000000512800000|100%| O|  |TAMS 0x0000000512800000| PB 0x0000000512000000| Untracked 
|  37|0x0000000512800000, 0x0000000513000000, 0x0000000513000000|100%| O|  |TAMS 0x0000000513000000| PB 0x0000000512800000| Untracked 
|  38|0x0000000513000000, 0x0000000513800000, 0x0000000513800000|100%| O|  |TAMS 0x0000000513800000| PB 0x0000000513000000| Untracked 
|  39|0x0000000513800000, 0x0000000514000000, 0x0000000514000000|100%| O|  |TAMS 0x0000000514000000| PB 0x0000000513800000| Untracked 
|  40|0x0000000514000000, 0x0000000514800000, 0x0000000514800000|100%| O|  |TAMS 0x0000000514800000| PB 0x0000000514000000| Untracked 
|  41|0x0000000514800000, 0x0000000515000000, 0x0000000515000000|100%| O|  |TAMS 0x0000000514800000| PB 0x0000000514800000| Untracked 
|  42|0x0000000515000000, 0x0000000515800000, 0x0000000515800000|100%| O|  |TAMS 0x0000000515800000| PB 0x0000000515000000| Untracked 
|  43|0x0000000515800000, 0x0000000516000000, 0x0000000516000000|100%| O|  |TAMS 0x0000000516000000| PB 0x0000000515800000| Untracked 
|  44|0x0000000516000000, 0x0000000516800000, 0x0000000516800000|100%| O|  |TAMS 0x0000000516800000| PB 0x0000000516000000| Untracked 
|  45|0x0000000516800000, 0x0000000517000000, 0x0000000517000000|100%| O|  |TAMS 0x0000000517000000| PB 0x0000000516800000| Untracked 
|  46|0x0000000517000000, 0x0000000517800000, 0x0000000517800000|100%| O|  |TAMS 0x0000000517800000| PB 0x0000000517000000| Untracked 
|  47|0x0000000517800000, 0x0000000518000000, 0x0000000518000000|100%| O|  |TAMS 0x0000000518000000| PB 0x0000000517800000| Untracked 
|  48|0x0000000518000000, 0x0000000518800000, 0x0000000518800000|100%| O|  |TAMS 0x0000000518800000| PB 0x0000000518000000| Untracked 
|  49|0x0000000518800000, 0x0000000519000000, 0x0000000519000000|100%| O|  |TAMS 0x0000000519000000| PB 0x0000000518800000| Untracked 
|  50|0x0000000519000000, 0x0000000519800000, 0x0000000519800000|100%| O|  |TAMS 0x0000000519800000| PB 0x0000000519000000| Untracked 
|  51|0x0000000519800000, 0x000000051a000000, 0x000000051a000000|100%| O|  |TAMS 0x000000051a000000| PB 0x0000000519800000| Untracked 
|  52|0x000000051a000000, 0x000000051a800000, 0x000000051a800000|100%| O|  |TAMS 0x000000051a800000| PB 0x000000051a000000| Untracked 
|  53|0x000000051a800000, 0x000000051b000000, 0x000000051b000000|100%| O|  |TAMS 0x000000051b000000| PB 0x000000051a800000| Untracked 
|  54|0x000000051b000000, 0x000000051b800000, 0x000000051b800000|100%| O|  |TAMS 0x000000051b800000| PB 0x000000051b000000| Untracked 
|  55|0x000000051b800000, 0x000000051c000000, 0x000000051c000000|100%| O|  |TAMS 0x000000051c000000| PB 0x000000051b800000| Untracked 
|  56|0x000000051c000000, 0x000000051c800000, 0x000000051c800000|100%| O|  |TAMS 0x000000051c800000| PB 0x000000051c000000| Untracked 
|  57|0x000000051c800000, 0x000000051d000000, 0x000000051d000000|100%| O|  |TAMS 0x000000051d000000| PB 0x000000051c800000| Untracked 
|  58|0x000000051d000000, 0x000000051d800000, 0x000000051d800000|100%| O|  |TAMS 0x000000051d800000| PB 0x000000051d000000| Untracked 
|  59|0x000000051d800000, 0x000000051e000000, 0x000000051e000000|100%| O|  |TAMS 0x000000051e000000| PB 0x000000051d800000| Untracked 
|  60|0x000000051e000000, 0x000000051e800000, 0x000000051e800000|100%| O|  |TAMS 0x000000051e800000| PB 0x000000051e000000| Untracked 
|  61|0x000000051e800000, 0x000000051f000000, 0x000000051f000000|100%| O|  |TAMS 0x000000051f000000| PB 0x000000051e800000| Untracked 
|  62|0x000000051f000000, 0x000000051f800000, 0x000000051f800000|100%| O|  |TAMS 0x000000051f800000| PB 0x000000051f000000| Untracked 
|  63|0x000000051f800000, 0x0000000520000000, 0x0000000520000000|100%| O|  |TAMS 0x000000051fe178e0| PB 0x000000051f800000| Untracked 
|  64|0x0000000520000000, 0x0000000520800000, 0x0000000520800000|100%| O|  |TAMS 0x0000000520000000| PB 0x0000000520000000| Untracked 
|  65|0x0000000520800000, 0x0000000521000000, 0x0000000521000000|100%| O|  |TAMS 0x0000000520800000| PB 0x0000000520800000| Untracked 
|  66|0x0000000521000000, 0x00000005214f1000, 0x0000000521800000| 61%| O|  |TAMS 0x0000000521000000| PB 0x0000000521000000| Untracked 
|  67|0x0000000521800000, 0x0000000521800000, 0x0000000522000000|  0%| F|  |TAMS 0x0000000521800000| PB 0x0000000521800000| Untracked 
|  68|0x0000000522000000, 0x0000000522000000, 0x0000000522800000|  0%| F|  |TAMS 0x0000000522000000| PB 0x0000000522000000| Untracked 
|  69|0x0000000522800000, 0x0000000522800000, 0x0000000523000000|  0%| F|  |TAMS 0x0000000522800000| PB 0x0000000522800000| Untracked 
|  70|0x0000000523000000, 0x0000000523000000, 0x0000000523800000|  0%| F|  |TAMS 0x0000000523000000| PB 0x0000000523000000| Untracked 
|  71|0x0000000523800000, 0x0000000523800000, 0x0000000524000000|  0%| F|  |TAMS 0x0000000523800000| PB 0x0000000523800000| Untracked 
|  72|0x0000000524000000, 0x0000000524000000, 0x0000000524800000|  0%| F|  |TAMS 0x0000000524000000| PB 0x0000000524000000| Untracked 
|  73|0x0000000524800000, 0x0000000524800000, 0x0000000525000000|  0%| F|  |TAMS 0x0000000524800000| PB 0x0000000524800000| Untracked 
|  74|0x0000000525000000, 0x0000000525000000, 0x0000000525800000|  0%| F|  |TAMS 0x0000000525000000| PB 0x0000000525000000| Untracked 
|  75|0x0000000525800000, 0x0000000525afe068, 0x0000000526000000| 37%| S|CS|TAMS 0x0000000525800000| PB 0x0000000525800000| Complete 
|  76|0x0000000526000000, 0x0000000526800000, 0x0000000526800000|100%| S|CS|TAMS 0x0000000526000000| PB 0x0000000526000000| Complete 
|  77|0x0000000526800000, 0x0000000526800000, 0x0000000527000000|  0%| F|  |TAMS 0x0000000526800000| PB 0x0000000526800000| Untracked 
|  78|0x0000000527000000, 0x0000000527000000, 0x0000000527800000|  0%| F|  |TAMS 0x0000000527000000| PB 0x0000000527000000| Untracked 
|  79|0x0000000527800000, 0x0000000527800000, 0x0000000528000000|  0%| F|  |TAMS 0x0000000527800000| PB 0x0000000527800000| Untracked 
|  80|0x0000000528000000, 0x0000000528000000, 0x0000000528800000|  0%| F|  |TAMS 0x0000000528000000| PB 0x0000000528000000| Untracked 
|  81|0x0000000528800000, 0x0000000528800000, 0x0000000529000000|  0%| F|  |TAMS 0x0000000528800000| PB 0x0000000528800000| Untracked 
|  82|0x0000000529000000, 0x0000000529000000, 0x0000000529800000|  0%| F|  |TAMS 0x0000000529000000| PB 0x0000000529000000| Untracked 
|  83|0x0000000529800000, 0x0000000529800000, 0x000000052a000000|  0%| F|  |TAMS 0x0000000529800000| PB 0x0000000529800000| Untracked 
|  84|0x000000052a000000, 0x000000052a000000, 0x000000052a800000|  0%| F|  |TAMS 0x000000052a000000| PB 0x000000052a000000| Untracked 
|  85|0x000000052a800000, 0x000000052a800000, 0x000000052b000000|  0%| F|  |TAMS 0x000000052a800000| PB 0x000000052a800000| Untracked 
|  86|0x000000052b000000, 0x000000052b000000, 0x000000052b800000|  0%| F|  |TAMS 0x000000052b000000| PB 0x000000052b000000| Untracked 
|  87|0x000000052b800000, 0x000000052b800000, 0x000000052c000000|  0%| F|  |TAMS 0x000000052b800000| PB 0x000000052b800000| Untracked 
|  88|0x000000052c000000, 0x000000052c000000, 0x000000052c800000|  0%| F|  |TAMS 0x000000052c000000| PB 0x000000052c000000| Untracked 
|  89|0x000000052c800000, 0x000000052c800000, 0x000000052d000000|  0%| F|  |TAMS 0x000000052c800000| PB 0x000000052c800000| Untracked 
|  90|0x000000052d000000, 0x000000052d000000, 0x000000052d800000|  0%| F|  |TAMS 0x000000052d000000| PB 0x000000052d000000| Untracked 
|  91|0x000000052d800000, 0x000000052d800000, 0x000000052e000000|  0%| F|  |TAMS 0x000000052d800000| PB 0x000000052d800000| Untracked 
|  92|0x000000052e000000, 0x000000052e000000, 0x000000052e800000|  0%| F|  |TAMS 0x000000052e000000| PB 0x000000052e000000| Untracked 
|  93|0x000000052e800000, 0x000000052e800000, 0x000000052f000000|  0%| F|  |TAMS 0x000000052e800000| PB 0x000000052e800000| Untracked 
|  94|0x000000052f000000, 0x000000052f000000, 0x000000052f800000|  0%| F|  |TAMS 0x000000052f000000| PB 0x000000052f000000| Untracked 
|  95|0x000000052f800000, 0x000000052f800000, 0x0000000530000000|  0%| F|  |TAMS 0x000000052f800000| PB 0x000000052f800000| Untracked 
|  96|0x0000000530000000, 0x0000000530000000, 0x0000000530800000|  0%| F|  |TAMS 0x0000000530000000| PB 0x0000000530000000| Untracked 
|1532|0x00000007fe000000, 0x00000007fe000000, 0x00000007fe800000|  0%| F|  |TAMS 0x00000007fe000000| PB 0x00000007fe000000| Untracked 
|1533|0x00000007fe800000, 0x00000007ff000000, 0x00000007ff000000|100%| O|  |TAMS 0x00000007ff000000| PB 0x00000007fe800000| Untracked 
|1534|0x00000007ff000000, 0x00000007ff800000, 0x00000007ff800000|100%| O|  |TAMS 0x00000007ff800000| PB 0x00000007ff000000| Untracked 
|1535|0x00000007ff800000, 0x0000000800000000, 0x0000000800000000|100%| O|  |TAMS 0x0000000800000000| PB 0x00000007ff800000| Untracked 

Card table byte_map: [0x000001986f9a0000,0x00000198711a0000] _byte_map_base: 0x000001986d1a0000

Marking Bits: (CMBitMap*) 0x000001987d1d1340
 Bits: [0x00000198711a0000, 0x000001987d1a0000)

Polling page: 0x0000019854250000

Metaspace:

Usage:
  Non-class:    143.01 MB used.
      Class:     23.33 MB used.
       Both:    166.34 MB used.

Virtual space:
  Non-class space:      192.00 MB reserved,     144.44 MB ( 75%) committed,  3 nodes.
      Class space:        1.00 GB reserved,      24.75 MB (  2%) committed,  1 nodes.
             Both:        1.19 GB reserved,     169.19 MB ( 14%) committed. 

Chunk freelists:
   Non-Class:  15.59 MB
       Class:  7.27 MB
        Both:  22.86 MB

MaxMetaspaceSize: unlimited
CompressedClassSpaceSize: 1.00 GB
Initial GC threshold: 21.00 MB
Current GC threshold: 268.25 MB
CDS: on
 - commit_granule_bytes: 65536.
 - commit_granule_words: 8192.
 - virtual_space_node_default_size: 8388608.
 - enlarge_chunks_in_place: 1.
 - use_allocation_guard: 0.


Internal statistics:

num_allocs_failed_limit: 12.
num_arena_births: 5246.
num_arena_deaths: 2.
num_vsnodes_births: 4.
num_vsnodes_deaths: 0.
num_space_committed: 2708.
num_space_uncommitted: 1.
num_chunks_returned_to_freelist: 28.
num_chunks_taken_from_freelist: 13239.
num_chunk_merges: 16.
num_chunk_splits: 8681.
num_chunks_enlarged: 5578.
num_inconsistent_stats: 0.

CodeHeap 'non-profiled nmethods': size=120000Kb used=15489Kb max_used=17759Kb free=104510Kb
 bounds [0x0000019866720000, 0x0000019867880000, 0x000001986dc50000]
CodeHeap 'profiled nmethods': size=120000Kb used=34746Kb max_used=38657Kb free=85253Kb
 bounds [0x000001985ec50000, 0x0000019861220000, 0x0000019866180000]
CodeHeap 'non-nmethods': size=5760Kb used=3402Kb max_used=3469Kb free=2357Kb
 bounds [0x0000019866180000, 0x00000198664f0000, 0x0000019866720000]
 total_blobs=18745 nmethods=17617 adapters=1031
 compilation: enabled
              stopped_count=0, restarted_count=0
 full_count=0

Compilation events (20 events):
Event: 38.764 Thread 0x000001984503c7e0 27082       2       com.android.tools.r8.graph.E0::a (27 bytes)
Event: 38.765 Thread 0x000001984503c7e0 nmethod 27082 0x0000019860417890 code [0x0000019860417a20, 0x0000019860417b78]
Event: 38.765 Thread 0x000001984503c7e0 27020       3       com.android.tools.r8.internal.tU::a (53 bytes)
Event: 38.765 Thread 0x000001984503c7e0 nmethod 27020 0x000001985fac2990 code [0x000001985fac2b80, 0x000001985fac3008]
Event: 38.765 Thread 0x000001984503c7e0 26871       3       com.android.tools.r8.internal.Kf0::a (135 bytes)
Event: 38.765 Thread 0x000001984503c7e0 nmethod 26871 0x000001985f89b390 code [0x000001985f89b5e0, 0x000001985f89bbd8]
Event: 38.765 Thread 0x000001984503c7e0 27093       3       com.android.tools.r8.internal.SS::a (70 bytes)
Event: 38.765 Thread 0x000001984503c7e0 nmethod 27093 0x000001985fd25610 code [0x000001985fd257e0, 0x000001985fd25ba8]
Event: 38.765 Thread 0x000001984503c7e0 27062       3       java.util.HashMap$Node::setValue (12 bytes)
Event: 38.766 Thread 0x000001984503c7e0 nmethod 27062 0x0000019860441d10 code [0x0000019860441ea0, 0x0000019860442008]
Event: 38.766 Thread 0x000001984503c7e0 27032       3       com.android.tools.r8.internal.zx0::f (7 bytes)
Event: 38.766 Thread 0x000001984503c7e0 nmethod 27032 0x0000019860442b90 code [0x0000019860442d40, 0x0000019860442e88]
Event: 38.766 Thread 0x000001984503c7e0 27111       3       com.android.tools.r8.internal.US::a (863 bytes)
Event: 38.769 Thread 0x000001984503c7e0 nmethod 27111 0x00000198601ec010 code [0x00000198601ecb60, 0x00000198601f5038]
Event: 38.769 Thread 0x000001984503c7e0 27022       3       com.android.tools.r8.internal.VR::a (46 bytes)
Event: 38.770 Thread 0x000001984503c7e0 nmethod 27022 0x000001985f0fb410 code [0x000001985f0fb6a0, 0x000001985f0fc340]
Event: 38.770 Thread 0x000001984503c7e0 27023       3       com.android.tools.r8.internal.x10$$Lambda/0x0000019802853468::<init> (10 bytes)
Event: 38.770 Thread 0x000001984503c7e0 nmethod 27023 0x0000019860457d10 code [0x0000019860457ec0, 0x0000019860458080]
Event: 38.771 Thread 0x000001984503c7e0 27024       3       com.android.tools.r8.internal.x10$$Lambda/0x0000019802853b58::<init> (10 bytes)
Event: 38.771 Thread 0x000001984503c7e0 nmethod 27024 0x0000019860465990 code [0x0000019860465b40, 0x0000019860465d00]

GC Heap History (20 events):
Event: 15.855 GC heap after
{Heap after GC invocations=64 (full 0):
 garbage-first heap   total 450560K, used 268968K [0x0000000500000000, 0x0000000800000000)
  region size 8192K, 3 young (24576K), 3 survivors (24576K)
 Metaspace       used 134127K, committed 136832K, reserved 1179648K
  class space    used 18458K, committed 19840K, reserved 1048576K
}
Event: 16.078 GC heap before
{Heap before GC invocations=64 (full 0):
 garbage-first heap   total 450560K, used 375464K [0x0000000500000000, 0x0000000800000000)
  region size 8192K, 17 young (139264K), 3 survivors (24576K)
 Metaspace       used 135555K, committed 138240K, reserved 1179648K
  class space    used 18535K, committed 19904K, reserved 1048576K
}
Event: 16.084 GC heap after
{Heap after GC invocations=65 (full 0):
 garbage-first heap   total 794624K, used 274077K [0x0000000500000000, 0x0000000800000000)
  region size 8192K, 2 young (16384K), 2 survivors (16384K)
 Metaspace       used 135555K, committed 138240K, reserved 1179648K
  class space    used 18535K, committed 19904K, reserved 1048576K
}
Event: 17.872 GC heap before
{Heap before GC invocations=66 (full 0):
 garbage-first heap   total 794624K, used 708253K [0x0000000500000000, 0x0000000800000000)
  region size 8192K, 56 young (458752K), 2 survivors (16384K)
 Metaspace       used 139232K, committed 141888K, reserved 1179648K
  class space    used 19006K, committed 20352K, reserved 1048576K
}
Event: 17.883 GC heap after
{Heap after GC invocations=67 (full 0):
 garbage-first heap   total 794624K, used 292363K [0x0000000500000000, 0x0000000800000000)
  region size 8192K, 4 young (32768K), 4 survivors (32768K)
 Metaspace       used 139232K, committed 141888K, reserved 1179648K
  class space    used 19006K, committed 20352K, reserved 1048576K
}
Event: 33.201 GC heap before
{Heap before GC invocations=67 (full 0):
 garbage-first heap   total 794624K, used 701963K [0x0000000500000000, 0x0000000800000000)
  region size 8192K, 55 young (450560K), 4 survivors (32768K)
 Metaspace       used 140353K, committed 143168K, reserved 1179648K
  class space    used 19150K, committed 20544K, reserved 1048576K
}
Event: 33.213 GC heap after
{Heap after GC invocations=68 (full 0):
 garbage-first heap   total 794624K, used 302957K [0x0000000500000000, 0x0000000800000000)
  region size 8192K, 5 young (40960K), 5 survivors (40960K)
 Metaspace       used 140353K, committed 143168K, reserved 1179648K
  class space    used 19150K, committed 20544K, reserved 1048576K
}
Event: 35.231 GC heap before
{Heap before GC invocations=68 (full 0):
 garbage-first heap   total 794624K, used 638829K [0x0000000500000000, 0x0000000800000000)
  region size 8192K, 48 young (393216K), 5 survivors (40960K)
 Metaspace       used 148990K, committed 151808K, reserved 1179648K
  class space    used 20166K, committed 21568K, reserved 1048576K
}
Event: 35.245 GC heap after
{Heap after GC invocations=69 (full 0):
 garbage-first heap   total 794624K, used 337796K [0x0000000500000000, 0x0000000800000000)
  region size 8192K, 7 young (57344K), 7 survivors (57344K)
 Metaspace       used 148990K, committed 151808K, reserved 1179648K
  class space    used 20166K, committed 21568K, reserved 1048576K
}
Event: 35.729 GC heap before
{Heap before GC invocations=70 (full 0):
 garbage-first heap   total 794624K, used 690052K [0x0000000500000000, 0x0000000800000000)
  region size 8192K, 49 young (401408K), 7 survivors (57344K)
 Metaspace       used 151362K, committed 154240K, reserved 1245184K
  class space    used 20513K, committed 21952K, reserved 1048576K
}
Event: 35.738 GC heap after
{Heap after GC invocations=71 (full 0):
 garbage-first heap   total 794624K, used 367326K [0x0000000500000000, 0x0000000800000000)
  region size 8192K, 5 young (40960K), 5 survivors (40960K)
 Metaspace       used 151362K, committed 154240K, reserved 1245184K
  class space    used 20513K, committed 21952K, reserved 1048576K
}
Event: 36.205 GC heap before
{Heap before GC invocations=71 (full 0):
 garbage-first heap   total 794624K, used 703198K [0x0000000500000000, 0x0000000800000000)
  region size 8192K, 46 young (376832K), 5 survivors (40960K)
 Metaspace       used 155511K, committed 158336K, reserved 1245184K
  class space    used 21146K, committed 22592K, reserved 1048576K
}
Event: 36.231 GC heap after
{Heap after GC invocations=72 (full 0):
 garbage-first heap   total 827392K, used 432368K [0x0000000500000000, 0x0000000800000000)
  region size 8192K, 6 young (49152K), 6 survivors (49152K)
 Metaspace       used 155511K, committed 158336K, reserved 1245184K
  class space    used 21146K, committed 22592K, reserved 1048576K
}
Event: 37.886 GC heap before
{Heap before GC invocations=72 (full 0):
 garbage-first heap   total 827392K, used 719088K [0x0000000500000000, 0x0000000800000000)
  region size 8192K, 41 young (335872K), 6 survivors (49152K)
 Metaspace       used 159535K, committed 162368K, reserved 1245184K
  class space    used 21871K, committed 23296K, reserved 1048576K
}
Event: 37.912 GC heap after
{Heap after GC invocations=73 (full 0):
 garbage-first heap   total 827392K, used 491133K [0x0000000500000000, 0x0000000800000000)
  region size 8192K, 6 young (49152K), 6 survivors (49152K)
 Metaspace       used 159535K, committed 162368K, reserved 1245184K
  class space    used 21871K, committed 23296K, reserved 1048576K
}
Event: 38.235 GC heap before
{Heap before GC invocations=74 (full 0):
 garbage-first heap   total 827392K, used 720509K [0x0000000500000000, 0x0000000800000000)
  region size 8192K, 34 young (278528K), 6 survivors (49152K)
 Metaspace       used 163681K, committed 166656K, reserved 1245184K
  class space    used 22775K, committed 24256K, reserved 1048576K
}
Event: 38.258 GC heap after
{Heap after GC invocations=75 (full 0):
 garbage-first heap   total 827392K, used 538857K [0x0000000500000000, 0x0000000800000000)
  region size 8192K, 5 young (40960K), 5 survivors (40960K)
 Metaspace       used 163681K, committed 166656K, reserved 1245184K
  class space    used 22775K, committed 24256K, reserved 1048576K
}
Event: 38.532 GC heap before
{Heap before GC invocations=75 (full 0):
 garbage-first heap   total 827392K, used 727273K [0x0000000500000000, 0x0000000800000000)
  region size 8192K, 28 young (229376K), 5 survivors (40960K)
 Metaspace       used 167846K, committed 170816K, reserved 1245184K
  class space    used 23491K, committed 24960K, reserved 1048576K
}
Event: 38.553 GC heap after
{Heap after GC invocations=76 (full 0):
 garbage-first heap   total 827392K, used 570958K [0x0000000500000000, 0x0000000800000000)
  region size 8192K, 4 young (32768K), 4 survivors (32768K)
 Metaspace       used 167846K, committed 170816K, reserved 1245184K
  class space    used 23491K, committed 24960K, reserved 1048576K
}
Event: 38.771 GC heap before
{Heap before GC invocations=76 (full 0):
 garbage-first heap   total 827392K, used 742990K [0x0000000500000000, 0x0000000800000000)
  region size 8192K, 25 young (204800K), 4 survivors (32768K)
 Metaspace       used 170327K, committed 173248K, reserved 1245184K
  class space    used 23889K, committed 25344K, reserved 1048576K
}

Dll operation events (16 events):
Event: 0.005 Loaded shared library C:\Program Files\Zulu\zulu-21\bin\java.dll
Event: 0.019 Loaded shared library C:\Program Files\Zulu\zulu-21\bin\jsvml.dll
Event: 0.036 Loaded shared library C:\Program Files\Zulu\zulu-21\bin\zip.dll
Event: 0.037 Loaded shared library C:\Program Files\Zulu\zulu-21\bin\instrument.dll
Event: 0.039 Loaded shared library C:\Program Files\Zulu\zulu-21\bin\net.dll
Event: 0.040 Loaded shared library C:\Program Files\Zulu\zulu-21\bin\nio.dll
Event: 0.042 Loaded shared library C:\Program Files\Zulu\zulu-21\bin\zip.dll
Event: 0.196 Loaded shared library C:\Program Files\Zulu\zulu-21\bin\jimage.dll
Event: 0.271 Loaded shared library C:\Program Files\Zulu\zulu-21\bin\verify.dll
Event: 0.309 Loaded shared library C:\Users\Administrator\.gradle\native\1def1411415f61bf3af743bc5b6707747c0891f09f0c88961ee8f79bc544acac\windows-amd64\native-platform.dll
Event: 0.313 Loaded shared library C:\Users\Administrator\.gradle\native\0.2.7\x86_64-windows-gnu\gradle-fileevents.dll
Event: 0.835 Loaded shared library C:\Program Files\Zulu\zulu-21\bin\management.dll
Event: 0.836 Loaded shared library C:\Program Files\Zulu\zulu-21\bin\management_ext.dll
Event: 0.885 Loaded shared library C:\Program Files\Zulu\zulu-21\bin\extnet.dll
Event: 0.976 Loaded shared library C:\Program Files\Zulu\zulu-21\bin\sunmscapi.dll
Event: 17.791 Loaded shared library C:\Program Files\Zulu\zulu-21\bin\rmi.dll

Deoptimization events (20 events):
Event: 38.760 Thread 0x000001984c47f310 Uncommon trap: trap_request=0xffffffde fr.pc=0x0000019866c1ef74 relative=0x0000000000000314
Event: 38.760 Thread 0x000001984c47f310 Uncommon trap: reason=class_check action=maybe_recompile pc=0x0000019866c1ef74 method=com.android.tools.r8.graph.Q4.b(Ljava/util/function/Predicate;Ljava/util/function/Consumer;Lcom/android/tools/r8/graph/j1;)V @ 12 c2
Event: 38.760 Thread 0x000001984c47f310 DEOPT PACKING pc=0x0000019866c1ef74 sp=0x000000560a8fcf70
Event: 38.760 Thread 0x000001984c47f310 DEOPT UNPACKING pc=0x00000198661d7da2 sp=0x000000560a8fceb8 mode 2
Event: 38.760 Thread 0x00000198450dd1f0 Uncommon trap: trap_request=0xffffffde fr.pc=0x0000019866c1ef74 relative=0x0000000000000314
Event: 38.760 Thread 0x00000198450dd1f0 Uncommon trap: reason=class_check action=maybe_recompile pc=0x0000019866c1ef74 method=com.android.tools.r8.graph.Q4.b(Ljava/util/function/Predicate;Ljava/util/function/Consumer;Lcom/android/tools/r8/graph/j1;)V @ 12 c2
Event: 38.760 Thread 0x000001984c47f310 Uncommon trap: trap_request=0xffffffde fr.pc=0x0000019866c1ef74 relative=0x0000000000000314
Event: 38.760 Thread 0x000001984c47f310 Uncommon trap: reason=class_check action=maybe_recompile pc=0x0000019866c1ef74 method=com.android.tools.r8.graph.Q4.b(Ljava/util/function/Predicate;Ljava/util/function/Consumer;Lcom/android/tools/r8/graph/j1;)V @ 12 c2
Event: 38.760 Thread 0x00000198450dd1f0 DEOPT PACKING pc=0x0000019866c1ef74 sp=0x000000560a7fc9e0
Event: 38.760 Thread 0x00000198450dd1f0 DEOPT UNPACKING pc=0x00000198661d7da2 sp=0x000000560a7fc928 mode 2
Event: 38.760 Thread 0x000001984c47f310 DEOPT PACKING pc=0x0000019866c1ef74 sp=0x000000560a8fcf70
Event: 38.760 Thread 0x00000198450dd1f0 Uncommon trap: trap_request=0xffffffde fr.pc=0x0000019866c1ef74 relative=0x0000000000000314
Event: 38.760 Thread 0x000001984c47f310 DEOPT UNPACKING pc=0x00000198661d7da2 sp=0x000000560a8fceb8 mode 2
Event: 38.760 Thread 0x00000198450dd1f0 Uncommon trap: reason=class_check action=maybe_recompile pc=0x0000019866c1ef74 method=com.android.tools.r8.graph.Q4.b(Ljava/util/function/Predicate;Ljava/util/function/Consumer;Lcom/android/tools/r8/graph/j1;)V @ 12 c2
Event: 38.760 Thread 0x00000198450dd1f0 DEOPT PACKING pc=0x0000019866c1ef74 sp=0x000000560a7fc9e0
Event: 38.760 Thread 0x00000198450dd1f0 DEOPT UNPACKING pc=0x00000198661d7da2 sp=0x000000560a7fc928 mode 2
Event: 38.766 Thread 0x000001984dd6fbb0 Uncommon trap: trap_request=0xffffffde fr.pc=0x00000198675496d4 relative=0x00000000000014f4
Event: 38.766 Thread 0x000001984dd6fbb0 Uncommon trap: reason=class_check action=maybe_recompile pc=0x00000198675496d4 method=com.android.tools.r8.internal.kb.h(I)Lcom/android/tools/r8/internal/ib; @ 47 c2
Event: 38.766 Thread 0x000001984dd6fbb0 DEOPT PACKING pc=0x00000198675496d4 sp=0x00000056093fc770
Event: 38.766 Thread 0x000001984dd6fbb0 DEOPT UNPACKING pc=0x00000198661d7da2 sp=0x00000056093fc780 mode 2

Classes loaded (20 events):
Event: 38.439 Loading class java/util/IdentityHashMap$EntrySpliterator
Event: 38.439 Loading class java/util/IdentityHashMap$IdentityHashMapSpliterator
Event: 38.439 Loading class java/util/IdentityHashMap$IdentityHashMapSpliterator done
Event: 38.439 Loading class java/util/IdentityHashMap$EntrySpliterator done
Event: 38.441 Loading class java/util/stream/SortedOps$RefSortingSink
Event: 38.441 Loading class java/util/stream/SortedOps$RefSortingSink done
Event: 38.459 Loading class java/util/SortedSet$1
Event: 38.459 Loading class java/util/SortedSet$1 done
Event: 38.462 Loading class java/util/stream/SliceOps
Event: 38.462 Loading class java/util/stream/SliceOps done
Event: 38.462 Loading class java/util/stream/SliceOps$1
Event: 38.462 Loading class java/util/stream/SliceOps$1 done
Event: 38.464 Loading class java/util/stream/SliceOps$1$1
Event: 38.464 Loading class java/util/stream/SliceOps$1$1 done
Event: 38.482 Loading class java/util/IdentityHashMap$ValueIterator
Event: 38.482 Loading class java/util/IdentityHashMap$ValueIterator done
Event: 38.716 Loading class java/util/concurrent/ConcurrentHashMap$TreeNode
Event: 38.716 Loading class java/util/concurrent/ConcurrentHashMap$TreeNode done
Event: 38.716 Loading class java/util/concurrent/ConcurrentHashMap$TreeBin
Event: 38.716 Loading class java/util/concurrent/ConcurrentHashMap$TreeBin done

Classes unloaded (20 events):
Event: 38.056 Thread 0x000001987d383cb0 Unloading class 0x00000198024dedd0 'jdk/internal/jimage/ImageHeader'
Event: 38.056 Thread 0x000001987d383cb0 Unloading class 0x00000198024deba8 'jdk/internal/jimage/BasicImageReader$2'
Event: 38.056 Thread 0x000001987d383cb0 Unloading class 0x00000198024de980 'jdk/internal/jimage/BasicImageReader$1'
Event: 38.056 Thread 0x000001987d383cb0 Unloading class 0x00000198024de720 'jdk/internal/jimage/ImageReader$Resource'
Event: 38.056 Thread 0x000001987d383cb0 Unloading class 0x00000198024de4c0 'jdk/internal/jimage/ImageReader$LinkNode'
Event: 38.056 Thread 0x000001987d383cb0 Unloading class 0x00000198024de260 'jdk/internal/jimage/ImageReader$Directory'
Event: 38.056 Thread 0x000001987d383cb0 Unloading class 0x00000198024de000 'jdk/internal/jimage/ImageReader$Node'
Event: 38.056 Thread 0x000001987d383cb0 Unloading class 0x00000198024ddde0 'jdk/internal/jimage/ImageStrings'
Event: 38.056 Thread 0x000001987d383cb0 Unloading class 0x00000198024ddb28 'jdk/internal/jimage/ImageReader$SharedImageReader'
Event: 38.056 Thread 0x000001987d383cb0 Unloading class 0x00000198024dd870 'jdk/internal/jimage/BasicImageReader'
Event: 38.056 Thread 0x000001987d383cb0 Unloading class 0x00000198024dd658 'jdk/internal/jimage/ImageReader'
Event: 38.056 Thread 0x000001987d383cb0 Unloading class 0x00000198024dd438 'jdk/internal/jrtfs/SystemImage$2'
Event: 38.056 Thread 0x000001987d383cb0 Unloading class 0x00000198024dd228 'jdk/internal/jrtfs/SystemImage$$Lambda+0x00000198024dd228'
Event: 38.056 Thread 0x000001987d383cb0 Unloading class 0x00000198024dd000 'jdk/internal/jrtfs/ExplodedImage'
Event: 38.056 Thread 0x000001987d383cb0 Unloading class 0x00000198024dcdb0 'jdk/internal/jrtfs/SystemImage$1'
Event: 38.056 Thread 0x000001987d383cb0 Unloading class 0x00000198024dcba0 'jdk/internal/jrtfs/SystemImage'
Event: 38.056 Thread 0x000001987d383cb0 Unloading class 0x00000198024dc948 'jdk/internal/jrtfs/JrtFileStore'
Event: 38.056 Thread 0x000001987d383cb0 Unloading class 0x00000198024dc5d8 'jdk/internal/jrtfs/JrtPath'
Event: 38.056 Thread 0x000001987d383cb0 Unloading class 0x00000198024dc2e8 'jdk/internal/jrtfs/JrtFileSystem'
Event: 38.056 Thread 0x000001987d383cb0 Unloading class 0x00000198024dc000 'jdk/internal/jrtfs/JrtFileSystemProvider'

Classes redefined (0 events):
No events

Internal exceptions (20 events):
Event: 38.491 Thread 0x00000198450dd1f0 Exception <a 'java/lang/NoSuchMethodError'{0x0000000525c44868}: 'int java.lang.invoke.DirectMethodHandle$Holder.invokeSpecial(java.lang.Object, java.lang.Object, java.lang.Object, int, java.lang.Object)'> (0x0000000525c44868) 
thrown [s\src\hotspot\share\interpreter\linkResolver.cpp, line 773]
Event: 38.491 Thread 0x000001984c47f310 Exception <a 'java/lang/NoSuchMethodError'{0x0000000525adb250}: 'int java.lang.invoke.DirectMethodHandle$Holder.invokeSpecial(java.lang.Object, java.lang.Object, java.lang.Object, int, java.lang.Object)'> (0x0000000525adb250) 
thrown [s\src\hotspot\share\interpreter\linkResolver.cpp, line 773]
Event: 38.491 Thread 0x00000198450e1390 Exception <a 'java/lang/NoSuchMethodError'{0x0000000526783ce8}: 'int java.lang.invoke.DirectMethodHandle$Holder.invokeSpecial(java.lang.Object, java.lang.Object, java.lang.Object, int, java.lang.Object)'> (0x0000000526783ce8) 
thrown [s\src\hotspot\share\interpreter\linkResolver.cpp, line 773]
Event: 38.491 Thread 0x000001987ffbadf0 Exception <a 'java/lang/NoSuchMethodError'{0x00000005259baf18}: 'int java.lang.invoke.DirectMethodHandle$Holder.invokeSpecial(java.lang.Object, java.lang.Object, java.lang.Object, int, java.lang.Object)'> (0x00000005259baf18) 
thrown [s\src\hotspot\share\interpreter\linkResolver.cpp, line 773]
Event: 38.491 Thread 0x000001984dd715f0 Exception <a 'java/lang/NoSuchMethodError'{0x0000000525933818}: 'int java.lang.invoke.DirectMethodHandle$Holder.invokeSpecial(java.lang.Object, java.lang.Object, java.lang.Object, int, java.lang.Object)'> (0x0000000525933818) 
thrown [s\src\hotspot\share\interpreter\linkResolver.cpp, line 773]
Event: 38.491 Thread 0x00000198450dffe0 Exception <a 'java/lang/NoSuchMethodError'{0x000000052649f708}: 'int java.lang.invoke.DirectMethodHandle$Holder.invokeSpecial(java.lang.Object, java.lang.Object, java.lang.Object, int, java.lang.Object)'> (0x000000052649f708) 
thrown [s\src\hotspot\share\interpreter\linkResolver.cpp, line 773]
Event: 38.491 Thread 0x000001987ffba760 Exception <a 'java/lang/NoSuchMethodError'{0x000000052656f8b8}: 'int java.lang.invoke.DirectMethodHandle$Holder.invokeSpecial(java.lang.Object, java.lang.Object, java.lang.Object, int, java.lang.Object)'> (0x000000052656f8b8) 
thrown [s\src\hotspot\share\interpreter\linkResolver.cpp, line 773]
Event: 38.491 Thread 0x000001987ffbc1a0 Exception <a 'java/lang/NoSuchMethodError'{0x00000005259a22e0}: 'int java.lang.invoke.DirectMethodHandle$Holder.invokeSpecial(java.lang.Object, java.lang.Object, java.lang.Object, int, java.lang.Object)'> (0x00000005259a22e0) 
thrown [s\src\hotspot\share\interpreter\linkResolver.cpp, line 773]
Event: 38.491 Thread 0x000001984dd70240 Exception <a 'java/lang/NoSuchMethodError'{0x0000000525ba1a30}: 'int java.lang.invoke.DirectMethodHandle$Holder.invokeSpecial(java.lang.Object, java.lang.Object, java.lang.Object, int, java.lang.Object)'> (0x0000000525ba1a30) 
thrown [s\src\hotspot\share\interpreter\linkResolver.cpp, line 773]
Event: 38.517 Thread 0x000001984dd6ee90 Exception <a 'java/lang/NoSuchMethodError'{0x000000052500db00}: 'void java.lang.invoke.DirectMethodHandle$Holder.invokeVirtual(java.lang.Object, java.lang.Object, int)'> (0x000000052500db00) 
thrown [s\src\hotspot\share\interpreter\linkResolver.cpp, line 773]
Event: 38.517 Thread 0x00000198450dd880 Exception <a 'java/lang/NoSuchMethodError'{0x0000000525e5b260}: 'void java.lang.invoke.DirectMethodHandle$Holder.invokeVirtual(java.lang.Object, java.lang.Object, int)'> (0x0000000525e5b260) 
thrown [s\src\hotspot\share\interpreter\linkResolver.cpp, line 773]
Event: 38.585 Thread 0x000001984dd6fbb0 Exception <a 'java/lang/IncompatibleClassChangeError'{0x00000007fe078d30}: Found class java.lang.Object, but interface was expected> (0x00000007fe078d30) 
thrown [s\src\hotspot\share\interpreter\linkResolver.cpp, line 840]
Event: 38.590 Thread 0x000001984dd6ee90 Exception <a 'java/lang/NoSuchMethodError'{0x00000007fe37b6a0}: 'int java.lang.invoke.DirectMethodHandle$Holder.invokeInterface(java.lang.Object, java.lang.Object, int)'> (0x00000007fe37b6a0) 
thrown [s\src\hotspot\share\interpreter\linkResolver.cpp, line 773]
Event: 38.593 Thread 0x000001984dd6ee90 Exception <a 'java/lang/NoSuchMethodError'{0x00000007fe38b748}: 'void java.lang.invoke.DirectMethodHandle$Holder.invokeStatic(java.lang.Object, int)'> (0x00000007fe38b748) 
thrown [s\src\hotspot\share\interpreter\linkResolver.cpp, line 773]
Event: 38.727 Thread 0x00000198450dd1f0 Exception <a 'java/lang/NoSuchMethodError'{0x00000005295d49d0}: 'void java.lang.invoke.DirectMethodHandle$Holder.invokeSpecial(java.lang.Object, java.lang.Object, java.lang.Object, int, java.lang.Object, java.lang.Object, java.lang.Object, java.lang.Object)'> (0x00000005295d49d0) 
thrown [s\src\hotspot\share\interpreter\linkResolver.cpp, line 773]
Event: 38.727 Thread 0x000001987ffbc1a0 Exception <a 'java/lang/NoSuchMethodError'{0x000000052965a410}: 'void java.lang.invoke.DirectMethodHandle$Holder.invokeSpecial(java.lang.Object, java.lang.Object, java.lang.Object, int, java.lang.Object, java.lang.Object, java.lang.Object, java.lang.Object)'> (0x000000052965a410) 
thrown [s\src\hotspot\share\interpreter\linkResolver.cpp, line 773]
Event: 38.727 Thread 0x000001984c47f310 Exception <a 'java/lang/NoSuchMethodError'{0x00000005296d6d30}: 'void java.lang.invoke.DirectMethodHandle$Holder.invokeSpecial(java.lang.Object, java.lang.Object, java.lang.Object, int, java.lang.Object, java.lang.Object, java.lang.Object, java.lang.Object)'> (0x00000005296d6d30) 
thrown [s\src\hotspot\share\interpreter\linkResolver.cpp, line 773]
Event: 38.731 Thread 0x000001987ffbc1a0 Exception <a 'java/lang/NoSuchMethodError'{0x0000000528a94150}: 'void java.lang.invoke.DirectMethodHandle$Holder.invokeStatic(java.lang.Object, java.lang.Object, java.lang.Object, java.lang.Object, java.lang.Object, java.lang.Object, java.lang.Object, java.lang.Object)'> (0x0000000528a94150) 
thrown [s\src\hotspot\share\interpreter\linkResolver.cpp, line 773]
Event: 38.731 Thread 0x00000198450dd1f0 Exception <a 'java/lang/NoSuchMethodError'{0x0000000528ad94a8}: 'void java.lang.invoke.DirectMethodHandle$Holder.invokeStatic(java.lang.Object, java.lang.Object, java.lang.Object, java.lang.Object, java.lang.Object, java.lang.Object, java.lang.Object, java.lang.Object)'> (0x0000000528ad94a8) 
thrown [s\src\hotspot\share\interpreter\linkResolver.cpp, line 773]
Event: 38.731 Thread 0x000001984c47f310 Exception <a 'java/lang/NoSuchMethodError'{0x0000000528a59a38}: 'void java.lang.invoke.DirectMethodHandle$Holder.invokeStatic(java.lang.Object, java.lang.Object, java.lang.Object, java.lang.Object, java.lang.Object, java.lang.Object, java.lang.Object, java.lang.Object)'> (0x0000000528a59a38) 
thrown [s\src\hotspot\share\interpreter\linkResolver.cpp, line 773]

ZGC Phase Switch (0 events):
No events

VM Operations (20 events):
Event: 38.528 Executing VM operation: HandshakeAllThreads (Deoptimize) done
Event: 38.532 Executing VM operation: G1CollectForAllocation (G1 Evacuation Pause)
Event: 38.553 Executing VM operation: G1CollectForAllocation (G1 Evacuation Pause) done
Event: 38.631 Executing VM operation: ICBufferFull
Event: 38.631 Executing VM operation: ICBufferFull done
Event: 38.647 Executing VM operation: HandshakeAllThreads (Deoptimize)
Event: 38.648 Executing VM operation: HandshakeAllThreads (Deoptimize) done
Event: 38.658 Executing VM operation: HandshakeAllThreads (Deoptimize)
Event: 38.658 Executing VM operation: HandshakeAllThreads (Deoptimize) done
Event: 38.683 Executing VM operation: ICBufferFull
Event: 38.683 Executing VM operation: ICBufferFull done
Event: 38.683 Executing VM operation: HandshakeAllThreads (Deoptimize)
Event: 38.684 Executing VM operation: HandshakeAllThreads (Deoptimize) done
Event: 38.735 Executing VM operation: ICBufferFull
Event: 38.735 Executing VM operation: ICBufferFull done
Event: 38.735 Executing VM operation: ICBufferFull
Event: 38.735 Executing VM operation: ICBufferFull done
Event: 38.751 Executing VM operation: HandshakeAllThreads (Deoptimize)
Event: 38.752 Executing VM operation: HandshakeAllThreads (Deoptimize) done
Event: 38.771 Executing VM operation: G1CollectForAllocation (G1 Evacuation Pause)

Memory protections (0 events):
No events

Nmethod flushes (20 events):
Event: 38.067 Thread 0x000001987d383cb0 flushing  nmethod 0x00000198602d5d10
Event: 38.067 Thread 0x000001987d383cb0 flushing  nmethod 0x00000198602d6190
Event: 38.067 Thread 0x000001987d383cb0 flushing  nmethod 0x00000198602d6690
Event: 38.067 Thread 0x000001987d383cb0 flushing  nmethod 0x00000198602d6a90
Event: 38.067 Thread 0x000001987d383cb0 flushing  nmethod 0x00000198602d6e10
Event: 38.067 Thread 0x000001987d383cb0 flushing  nmethod 0x00000198603c7e90
Event: 38.067 Thread 0x000001987d383cb0 flushing  nmethod 0x00000198603ca390
Event: 38.067 Thread 0x000001987d383cb0 flushing  nmethod 0x0000019860423e10
Event: 38.067 Thread 0x000001987d383cb0 flushing  nmethod 0x0000019860430410
Event: 38.067 Thread 0x000001987d383cb0 flushing  nmethod 0x000001986052bd10
Event: 38.067 Thread 0x000001987d383cb0 flushing  nmethod 0x000001986052d290
Event: 38.067 Thread 0x000001987d383cb0 flushing  nmethod 0x000001986052e090
Event: 38.067 Thread 0x000001987d383cb0 flushing  nmethod 0x000001986052eb90
Event: 38.067 Thread 0x000001987d383cb0 flushing  nmethod 0x0000019860530290
Event: 38.067 Thread 0x000001987d383cb0 flushing  nmethod 0x000001986073f010
Event: 38.067 Thread 0x000001987d383cb0 flushing  nmethod 0x0000019860923e90
Event: 38.067 Thread 0x000001987d383cb0 flushing  nmethod 0x00000198609e4290
Event: 38.067 Thread 0x000001987d383cb0 flushing  nmethod 0x0000019860b3eb90
Event: 38.067 Thread 0x000001987d383cb0 flushing  nmethod 0x0000019860b3f310
Event: 38.067 Thread 0x000001987d383cb0 flushing  nmethod 0x0000019860bae290

Events (20 events):
Event: 33.215 Thread 0x00000198450e1390 Thread exited: 0x00000198450e1390
Event: 33.676 Thread 0x000001984ab46a70 Thread exited: 0x000001984ab46a70
Event: 33.681 Thread 0x000001984ab463a0 Thread added: 0x000001984ab46a70
Event: 34.040 Thread 0x000001984ab46a70 Thread exited: 0x000001984ab46a70
Event: 34.277 Thread 0x000001984ab463a0 Thread added: 0x000001984ab49a20
Event: 34.753 Thread 0x000001984ab49a20 Thread exited: 0x000001984ab49a20
Event: 34.753 Thread 0x000001984ab463a0 Thread exited: 0x000001984ab463a0
Event: 35.148 Thread 0x0000019845017ab0 Thread added: 0x000001984ab49350
Event: 35.325 Thread 0x000001984503c7e0 Thread added: 0x000001984ab49a20
Event: 35.372 Thread 0x000001984d4c4d60 Thread added: 0x000001984dd6fbb0
Event: 35.373 Thread 0x000001984d4c4d60 Thread added: 0x000001984dd6ee90
Event: 35.373 Thread 0x000001984d4c4d60 Thread added: 0x000001984dd70240
Event: 35.374 Thread 0x000001984d4c4d60 Thread added: 0x000001984dd715f0
Event: 35.379 Thread 0x000001984d4c4d60 Thread added: 0x00000198450dd880
Event: 35.380 Thread 0x000001984d4c4d60 Thread added: 0x00000198450dd1f0
Event: 35.385 Thread 0x000001984d4c4d60 Thread added: 0x000001984c47f310
Event: 35.386 Thread 0x000001984d4c4d60 Thread added: 0x00000198450e1390
Event: 35.387 Thread 0x000001984d4c4d60 Thread added: 0x000001987ffba760
Event: 35.387 Thread 0x000001984d4c4d60 Thread added: 0x000001987ffbc1a0
Event: 35.388 Thread 0x000001984d4c4d60 Thread added: 0x000001987ffbadf0


Dynamic libraries:
0x00007ff645b60000 - 0x00007ff645b6e000 	C:\Program Files\Zulu\zulu-21\bin\java.exe
0x00007ff9c6f20000 - 0x00007ff9c7186000 	C:\WINDOWS\SYSTEM32\ntdll.dll
0x00007ff9c5d80000 - 0x00007ff9c5e47000 	C:\WINDOWS\System32\KERNEL32.DLL
0x00007ff9c44f0000 - 0x00007ff9c48bb000 	C:\WINDOWS\System32\KERNELBASE.dll
0x00007ff9c4220000 - 0x00007ff9c436b000 	C:\WINDOWS\System32\ucrtbase.dll
0x00007ff9b56f0000 - 0x00007ff9b570e000 	C:\Program Files\Zulu\zulu-21\bin\VCRUNTIME140.dll
0x00007ff9b5710000 - 0x00007ff9b5729000 	C:\Program Files\Zulu\zulu-21\bin\jli.dll
0x00007ff9c4d00000 - 0x00007ff9c4ecc000 	C:\WINDOWS\System32\USER32.dll
0x00007ff9c4c10000 - 0x00007ff9c4c37000 	C:\WINDOWS\System32\win32u.dll
0x00007ff9c60f0000 - 0x00007ff9c611b000 	C:\WINDOWS\System32\GDI32.dll
0x00007ff9ac360000 - 0x00007ff9ac5f7000 	C:\WINDOWS\WinSxS\amd64_microsoft.windows.common-controls_6595b64144ccf1df_6.0.26100.5516_none_3e073f78e335730c\COMCTL32.dll
0x00007ff9c48c0000 - 0x00007ff9c49f1000 	C:\WINDOWS\System32\gdi32full.dll
0x00007ff9c4170000 - 0x00007ff9c4213000 	C:\WINDOWS\System32\msvcp_win.dll
0x00007ff9c52d0000 - 0x00007ff9c5379000 	C:\WINDOWS\System32\msvcrt.dll
0x00007ff9c5e50000 - 0x00007ff9c5e7f000 	C:\WINDOWS\System32\IMM32.DLL
0x00007ff9b5bc0000 - 0x00007ff9b5bcc000 	C:\Program Files\Zulu\zulu-21\bin\vcruntime140_1.dll
0x00007ff999150000 - 0x00007ff9991dd000 	C:\Program Files\Zulu\zulu-21\bin\msvcp140.dll
0x00007ff929340000 - 0x00007ff92a11d000 	C:\Program Files\Zulu\zulu-21\bin\server\jvm.dll
0x00007ff9c54a0000 - 0x00007ff9c5552000 	C:\WINDOWS\System32\ADVAPI32.dll
0x00007ff9c56e0000 - 0x00007ff9c5786000 	C:\WINDOWS\System32\sechost.dll
0x00007ff9c5380000 - 0x00007ff9c5495000 	C:\WINDOWS\System32\RPCRT4.dll
0x00007ff9c6070000 - 0x00007ff9c60e4000 	C:\WINDOWS\System32\WS2_32.dll
0x00007ff9c3db0000 - 0x00007ff9c3e0e000 	C:\WINDOWS\SYSTEM32\POWRPROF.dll
0x00007ff9b70c0000 - 0x00007ff9b70cb000 	C:\WINDOWS\SYSTEM32\VERSION.dll
0x00007ff9b96f0000 - 0x00007ff9b9726000 	C:\WINDOWS\SYSTEM32\WINMM.dll
0x00007ff9c3d90000 - 0x00007ff9c3da4000 	C:\WINDOWS\SYSTEM32\UMPDC.dll
0x00007ff9c2ed0000 - 0x00007ff9c2eea000 	C:\WINDOWS\SYSTEM32\kernel.appcore.dll
0x00007ff9b57c0000 - 0x00007ff9b57ca000 	C:\Program Files\Zulu\zulu-21\bin\jimage.dll
0x00007ff9b7270000 - 0x00007ff9b74b1000 	C:\WINDOWS\SYSTEM32\DBGHELP.DLL
0x00007ff9c6250000 - 0x00007ff9c65d3000 	C:\WINDOWS\System32\combase.dll
0x00007ff9c5170000 - 0x00007ff9c5246000 	C:\WINDOWS\System32\OLEAUT32.dll
0x00007ff9ab5f0000 - 0x00007ff9ab629000 	C:\WINDOWS\SYSTEM32\dbgcore.DLL
0x00007ff9c40d0000 - 0x00007ff9c4169000 	C:\WINDOWS\System32\bcryptPrimitives.dll
0x00007ff9be1f0000 - 0x00007ff9be200000 	C:\Program Files\Zulu\zulu-21\bin\instrument.dll
0x00007ff99ba50000 - 0x00007ff99ba72000 	C:\Program Files\Zulu\zulu-21\bin\java.dll
0x00007ff9c6670000 - 0x00007ff9c6d9a000 	C:\WINDOWS\System32\SHELL32.dll
0x00007ff9c4a90000 - 0x00007ff9c4c04000 	C:\WINDOWS\System32\wintypes.dll
0x00007ff9c1d90000 - 0x00007ff9c25e2000 	C:\WINDOWS\SYSTEM32\windows.storage.dll
0x00007ff9c5c80000 - 0x00007ff9c5d6e000 	C:\WINDOWS\System32\SHCORE.dll
0x00007ff9c6da0000 - 0x00007ff9c6e06000 	C:\WINDOWS\System32\shlwapi.dll
0x00007ff9c3fe0000 - 0x00007ff9c400f000 	C:\WINDOWS\SYSTEM32\profapi.dll
0x00007ff944f80000 - 0x00007ff945057000 	C:\Program Files\Zulu\zulu-21\bin\jsvml.dll
0x00007ff9ab300000 - 0x00007ff9ab318000 	C:\Program Files\Zulu\zulu-21\bin\zip.dll
0x00007ff9b0df0000 - 0x00007ff9b0e02000 	C:\Program Files\Zulu\zulu-21\bin\net.dll
0x00007ff9bcf50000 - 0x00007ff9bd06e000 	C:\WINDOWS\SYSTEM32\WINHTTP.dll
0x00007ff9c33d0000 - 0x00007ff9c343a000 	C:\WINDOWS\system32\mswsock.dll
0x00007ff9b0590000 - 0x00007ff9b05a6000 	C:\Program Files\Zulu\zulu-21\bin\nio.dll
0x00007ff9b5740000 - 0x00007ff9b5750000 	C:\Program Files\Zulu\zulu-21\bin\verify.dll
0x00007ff9abd00000 - 0x00007ff9abd27000 	C:\Users\Administrator\.gradle\native\1def1411415f61bf3af743bc5b6707747c0891f09f0c88961ee8f79bc544acac\windows-amd64\native-platform.dll
0x00007ff99b9d0000 - 0x00007ff99ba48000 	C:\Users\Administrator\.gradle\native\0.2.7\x86_64-windows-gnu\gradle-fileevents.dll
0x00007ff9b56e0000 - 0x00007ff9b56ea000 	C:\Program Files\Zulu\zulu-21\bin\management.dll
0x00007ff9b56b0000 - 0x00007ff9b56bc000 	C:\Program Files\Zulu\zulu-21\bin\management_ext.dll
0x00007ff9c56d0000 - 0x00007ff9c56d8000 	C:\WINDOWS\System32\PSAPI.DLL
0x00007ff9c28e0000 - 0x00007ff9c2913000 	C:\WINDOWS\SYSTEM32\IPHLPAPI.DLL
0x00007ff9c6e70000 - 0x00007ff9c6e7a000 	C:\WINDOWS\System32\NSI.dll
0x00007ff9b5360000 - 0x00007ff9b5369000 	C:\Program Files\Zulu\zulu-21\bin\extnet.dll
0x00007ff9c3780000 - 0x00007ff9c379a000 	C:\WINDOWS\SYSTEM32\CRYPTSP.dll
0x00007ff9c2e30000 - 0x00007ff9c2e6a000 	C:\WINDOWS\system32\rsaenh.dll
0x00007ff9c3470000 - 0x00007ff9c349b000 	C:\WINDOWS\SYSTEM32\USERENV.dll
0x00007ff9c3910000 - 0x00007ff9c3936000 	C:\WINDOWS\SYSTEM32\bcrypt.dll
0x00007ff9c3600000 - 0x00007ff9c360c000 	C:\WINDOWS\SYSTEM32\CRYPTBASE.dll
0x00007ff9b8c90000 - 0x00007ff9b8c9e000 	C:\Program Files\Zulu\zulu-21\bin\sunmscapi.dll
0x00007ff9c4370000 - 0x00007ff9c44e7000 	C:\WINDOWS\System32\CRYPT32.dll
0x00007ff9c38d0000 - 0x00007ff9c3900000 	C:\WINDOWS\SYSTEM32\ncrypt.dll
0x00007ff9c3880000 - 0x00007ff9c38bf000 	C:\WINDOWS\SYSTEM32\NTASN1.dll
0x00007ff99fc70000 - 0x00007ff99fc78000 	C:\WINDOWS\system32\wshunix.dll
0x00007ff9a5be0000 - 0x00007ff9a5bf8000 	C:\WINDOWS\system32\napinsp.dll
0x00007ff9c2920000 - 0x00007ff9c2a45000 	C:\WINDOWS\SYSTEM32\DNSAPI.dll
0x00007ff9a3c40000 - 0x00007ff9a3c52000 	C:\WINDOWS\System32\winrnr.dll
0x00007ff9a35c0000 - 0x00007ff9a35f0000 	C:\WINDOWS\system32\nlansp_c.dll
0x00007ff9bcf30000 - 0x00007ff9bcf46000 	C:\WINDOWS\system32\wshbth.dll
0x00007ff9bd130000 - 0x00007ff9bd13b000 	C:\Windows\System32\rasadhlp.dll
0x00007ff9b9660000 - 0x00007ff9b96e6000 	C:\WINDOWS\System32\fwpuclnt.dll
0x00007ff9a9710000 - 0x00007ff9a9717000 	C:\Program Files\Zulu\zulu-21\bin\rmi.dll

dbghelp: loaded successfully - version: 4.0.5 - missing functions: none
symbol engine: initialized successfully - sym options: 0x614 - pdb path: .;C:\Program Files\Zulu\zulu-21\bin;C:\WINDOWS\SYSTEM32;C:\WINDOWS\WinSxS\amd64_microsoft.windows.common-controls_6595b64144ccf1df_6.0.26100.5516_none_3e073f78e335730c;C:\Program Files\Zulu\zulu-21\bin\server;C:\Users\Administrator\.gradle\native\1def1411415f61bf3af743bc5b6707747c0891f09f0c88961ee8f79bc544acac\windows-amd64;C:\Users\Administrator\.gradle\native\0.2.7\x86_64-windows-gnu

VM Arguments:
jvm_args: --add-opens=java.base/java.lang=ALL-UNNAMED --add-opens=java.base/java.lang.invoke=ALL-UNNAMED --add-opens=java.base/java.util=ALL-UNNAMED --add-opens=java.prefs/java.util.prefs=ALL-UNNAMED --add-exports=jdk.compiler/com.sun.tools.javac.api=ALL-UNNAMED --add-exports=jdk.compiler/com.sun.tools.javac.util=ALL-UNNAMED --add-opens=java.base/java.util=ALL-UNNAMED --add-opens=java.prefs/java.util.prefs=ALL-UNNAMED --add-opens=java.base/java.nio.charset=ALL-UNNAMED --add-opens=java.base/java.net=ALL-UNNAMED --add-opens=java.base/java.util.concurrent.atomic=ALL-UNNAMED --add-opens=java.xml/javax.xml.namespace=ALL-UNNAMED -Xmx12g -Dfile.encoding=UTF-8 -Duser.country=GB -Duser.language=en -Duser.variant -javaagent:C:\Users\Administrator\.gradle\wrapper\dists\gradle-8.14.3-bin\cv11ve7ro1n3o1j4so8xd9n66\gradle-8.14.3\lib\agents\gradle-instrumentation-agent-8.14.3.jar 
java_command: org.gradle.launcher.daemon.bootstrap.GradleDaemon 8.14.3
java_class_path (initial): C:\Users\Administrator\.gradle\wrapper\dists\gradle-8.14.3-bin\cv11ve7ro1n3o1j4so8xd9n66\gradle-8.14.3\lib\gradle-daemon-main-8.14.3.jar
Launcher Type: SUN_STANDARD

[Global flags]
     intx CICompilerCount                          = 4                                         {product} {ergonomic}
     uint ConcGCThreads                            = 3                                         {product} {ergonomic}
     uint G1ConcRefinementThreads                  = 10                                        {product} {ergonomic}
   size_t G1HeapRegionSize                         = 8388608                                   {product} {ergonomic}
    uintx GCDrainStackTargetSize                   = 64                                        {product} {ergonomic}
   size_t InitialHeapSize                          = 528482304                                 {product} {ergonomic}
   size_t MarkStackSize                            = 4194304                                   {product} {ergonomic}
   size_t MaxHeapSize                              = 12884901888                               {product} {command line}
   size_t MaxNewSize                               = 7725907968                                {product} {ergonomic}
   size_t MinHeapDeltaBytes                        = 8388608                                   {product} {ergonomic}
   size_t MinHeapSize                              = 8388608                                   {product} {ergonomic}
    uintx NonNMethodCodeHeapSize                   = 5839372                                {pd product} {ergonomic}
    uintx NonProfiledCodeHeapSize                  = 122909434                              {pd product} {ergonomic}
    uintx ProfiledCodeHeapSize                     = 122909434                              {pd product} {ergonomic}
    uintx ReservedCodeCacheSize                    = 251658240                              {pd product} {ergonomic}
     bool SegmentedCodeCache                       = true                                      {product} {ergonomic}
   size_t SoftMaxHeapSize                          = 12884901888                            {manageable} {ergonomic}
     bool UseCompressedOops                        = true                           {product lp64_product} {ergonomic}
     bool UseG1GC                                  = true                                      {product} {ergonomic}
     bool UseLargePagesIndividualAllocation        = false                                  {pd product} {ergonomic}

Logging:
Log output configuration:
 #0: stdout all=warning uptime,level,tags foldmultilines=false
 #1: stderr all=off uptime,level,tags foldmultilines=false

Environment Variables:
PATH=C:\Program Files\PowerShell\7;C:\Program Files\Zulu\zulu-21\bin\;C:\Program Files (x86)\Common Files\Oracle\Java\java8path;C:\Program Files (x86)\Common Files\Oracle\Java\javapath;C:\Program Files (x86)\Razer Chroma SDK\bin;C:\Program Files\Razer Chroma SDK\bin;C:\Program Files (x86)\Razer\ChromaBroadcast\bin;C:\Program Files\Razer\ChromaBroadcast\bin;C:\Program Files (x86)\Common Files\Intel\Shared Libraries\redist\intel64\compiler;C:\WINDOWS\system32;C:\WINDOWS;C:\WINDOWS\System32\Wbem;C:\WINDOWS\System32\WindowsPowerShell\v1.0\;C:\WINDOWS\System32\OpenSSH\;C:\Program Files\dotnet\;C:\WINDOWS\system32\config\systemprofile\AppData\Local\Microsoft\WindowsApps;C:\Users\Administrator\AppData\Local\Programs\Python\Launcher\;C:\Users\Administrator\AppData\Local\Microsoft\WindowsApps;C:\Users\Administrator\AppData\Roaming\npm;C:\Users\Administrator\AppData\Local\Programs\Microsoft VS Code\bin;C:\WINDOWS\system32;C:\WINDOWS;C:\WINDOWS\System32\Wbem;C:\WINDOWS\System32\WindowsPowerShell\v1.0\;C:\WINDOWS\System32\OpenSSH\;C:\Program Files\Calibre2\;C:\Program Files\Git\cmd;C:\Program Files\PowerShell\7\;C:\Program Files\ffmpeg-8.0.1-essentials_build\ffmpeg-8.0.1-essentials_build\bin;C:\Program Files\nodejs\;C:\ProgramData\chocolatey\bin;C:\Users\Administrator\.local\bin;C:\Users\Administrator\AppData\Local\Programs\Python\Python313\Scripts\;C:\Users\Administrator\AppData\Local\Programs\Python\Python313\;C:\Users\Administrator\AppData\Local\Microsoft\WindowsApps;C:\Users\Administrator\AppData\Local\Programs\Microsoft VS Code\bin;C:\Users\Administrator\AppData\Local\Muse Hub\lib;C:\Users\Administrator\.lmstudio\bin;C:\Users\Administrator\AppData\Local\spicetify;C:\Users\Administrator\AppData\Roaming\npm;C:\Users\Administrator\AppData\Local\Programs\Antigravity\bin;C:\Users\Administrator\AppData\Local\GitHubDesktop\bin
USERNAME=Administrator
LANG=en_US.UTF-8
OS=Windows_NT
PROCESSOR_IDENTIFIER=AMD64 Family 25 Model 97 Stepping 2, AuthenticAMD
TMP=C:\Users\ADMINI~1\AppData\Local\Temp
TEMP=C:\Users\ADMINI~1\AppData\Local\Temp




Periodic native trim disabled

---------------  S Y S T E M  ---------------

OS:
 Windows 11 , 64 bit Build 26100 (10.0.26100.5514)
OS uptime: 0 days 2:41 hours
Hyper-V role detected

CPU: total 12 (initial active 12) (12 cores per cpu, 2 threads per core) family 25 model 97 stepping 2 microcode 0xa60120c, cx8, cmov, fxsr, ht, mmx, 3dnowpref, sse, sse2, sse3, ssse3, sse4a, sse4.1, sse4.2, popcnt, lzcnt, tsc, tscinvbit, avx, avx2, aes, erms, clmul, bmi1, bmi2, adx, avx512f, avx512dq, avx512cd, avx512bw, avx512vl, sha, fma, vzeroupper, avx512_vpopcntdq, avx512_vpclmulqdq, avx512_vaes, avx512_vnni, clflush, clflushopt, avx512_vbmi2, avx512_vbmi, hv, rdtscp, rdpid, fsrm, gfni, avx512_bitalg, f16c, cet_ss, avx512_ifma
Processor Information for the first 12 processors :
  Max Mhz: 4701, Current Mhz: 4701, Mhz Limit: 4701

Memory: 4k page, system-wide physical 31913M (4942M free)
TotalPageFile size 31913M (AvailPageFile size 258M)
current process WorkingSet (physical memory assigned to process): 1271M, peak: 1290M
current process commit charge ("private bytes"): 1315M, peak: 2075M

vm_info: OpenJDK 64-Bit Server VM (21.0.7+6-LTS) for windows-amd64 JRE (21.0.7+6-LTS) (Zulu21.42+19-CA), built on 2025-04-07T10:58:52Z by "zulu_re" with MS VC++ 17.1 (VS2022)

END.
