#
# There is insufficient memory for the Java Runtime Environment to continue.
# Native memory allocation (malloc) failed to allocate 1640512 bytes. Error detail: Chunk::new
# Possible reasons:
#   The system is out of physical RAM or swap space
#   This process is running with CompressedOops enabled, and the Java Heap may be blocking the growth of the native heap
# Possible solutions:
#   Reduce memory load on the system
#   Increase physical memory or swap space
#   Check if swap backing store is full
#   Decrease Java heap size (-Xmx/-Xms)
#   Decrease number of Java threads
#   Decrease Java thread stack sizes (-Xss)
#   Set larger code cache with -XX:ReservedCodeCacheSize=
#   JVM is running with Zero Based Compressed Oops mode in which the Java heap is
#     placed in the first 32GB address space. The Java Heap base address is the
#     maximum limit for the native heap growth. Please use -XX:HeapBaseMinAddress
#     to set the Java Heap base and to place the Java Heap above 32GB virtual address.
# This output file may be truncated or incomplete.
#
#  Out of Memory Error (arena.cpp:168), pid=7708, tid=9580
#
# JRE version: OpenJDK Runtime Environment Zulu21.42+19-CA (21.0.7+6) (build 21.0.7+6-LTS)
# Java VM: OpenJDK 64-Bit Server VM Zulu21.42+19-CA (21.0.7+6-LTS, mixed mode, sharing, tiered, compressed oops, compressed class ptrs, g1 gc, windows-amd64)
# No core dump will be written. Minidumps are not enabled by default on client versions of Windows
#

---------------  S U M M A R Y ------------

Command Line: --add-opens=java.base/java.lang=ALL-UNNAMED --add-opens=java.base/java.lang.invoke=ALL-UNNAMED --add-opens=java.base/java.util=ALL-UNNAMED --add-opens=java.prefs/java.util.prefs=ALL-UNNAMED --add-exports=jdk.compiler/com.sun.tools.javac.api=ALL-UNNAMED --add-exports=jdk.compiler/com.sun.tools.javac.util=ALL-UNNAMED --add-opens=java.base/java.util=ALL-UNNAMED --add-opens=java.prefs/java.util.prefs=ALL-UNNAMED --add-opens=java.base/java.nio.charset=ALL-UNNAMED --add-opens=java.base/java.net=ALL-UNNAMED --add-opens=java.base/java.util.concurrent.atomic=ALL-UNNAMED --add-opens=java.xml/javax.xml.namespace=ALL-UNNAMED -Xmx8g -Dfile.encoding=UTF-8 -Duser.country=GB -Duser.language=en -Duser.variant -javaagent:C:\Users\Administrator\.gradle\wrapper\dists\gradle-8.14.3-bin\cv11ve7ro1n3o1j4so8xd9n66\gradle-8.14.3\lib\agents\gradle-instrumentation-agent-8.14.3.jar org.gradle.launcher.daemon.bootstrap.GradleDaemon 8.14.3

Host: AMD Ryzen 5 7600X 6-Core Processor             , 12 cores, 31G,  Windows 11 , 64 bit Build 26100 (10.0.26100.5514)
Time: Wed Feb 25 21:23:19 2026 GMT Standard Time elapsed time: 41.135194 seconds (0d 0h 0m 41s)

---------------  T H R E A D  ---------------

Current thread (0x000001eb9ca04f80):  JavaThread "C2 CompilerThread1" daemon [_thread_in_native, id=9580, stack(0x0000002c04200000,0x0000002c04300000) (1024K)]


Current CompileTask:
C2:41135 32362       4       com.android.tools.r8.internal.US::a (974 bytes)

Stack: [0x0000002c04200000,0x0000002c04300000]
Native frames: (J=compiled Java code, j=interpreted, Vv=VM code, C=native code)
V  [jvm.dll+0x6fb989]
V  [jvm.dll+0x8defdf]
V  [jvm.dll+0x8e13d8]
V  [jvm.dll+0x8e1b43]
V  [jvm.dll+0x299c76]
V  [jvm.dll+0xd2b7d]
V  [jvm.dll+0xd30b3]
V  [jvm.dll+0x3d8b3c]
V  [jvm.dll+0x1f44a3]
V  [jvm.dll+0x25dbf9]
V  [jvm.dll+0x25d081]
V  [jvm.dll+0x1db284]
V  [jvm.dll+0x26ccb0]
V  [jvm.dll+0x26b1e9]
V  [jvm.dll+0x4144e4]
V  [jvm.dll+0x886426]
V  [jvm.dll+0x6fa044]
C  [ucrtbase.dll+0x37b0]
C  [KERNEL32.DLL+0x2e8d7]
C  [ntdll.dll+0x9c5dc]


---------------  P R O C E S S  ---------------

Threads class SMR info:
_java_thread_list=0x000001eb9f28cd20, length=206, elements={
0x000001eb2c9dfea0, 0x000001eb51406fe0, 0x000001eb51407bf0, 0x000001eb5140efd0,
0x000001eb51410b70, 0x000001eb5141ab00, 0x000001eb5141f1b0, 0x000001eb514257c0,
0x000001eb51425e70, 0x000001eb5141e490, 0x000001eb51420560, 0x000001eb5141f840,
0x000001eb5141fed0, 0x000001eb5141eb20, 0x000001eb51420bf0, 0x000001eb5141d770,
0x000001eb98737260, 0x000001eb98738ca0, 0x000001eb98738610, 0x000001eb98739330,
0x000001eb987378f0, 0x000001eb987399c0, 0x000001eb98736540, 0x000001eb9873a050,
0x000001eb98736bd0, 0x000001eb9873ba90, 0x000001eb9873ad70, 0x000001eb9873a6e0,
0x000001eb9873ce40, 0x000001eb9873d4d0, 0x000001eb9873db60, 0x000001eb9c709af0,
0x000001eb9c70a180, 0x000001eb9c70b530, 0x000001eb9c70bbc0, 0x000001eb9c70f6d0,
0x000001eb9c70e320, 0x000001eb9c70c250, 0x000001eb9c70d600, 0x000001eb9c70dc90,
0x000001eb9d38ad20, 0x000001eb9d38b3b0, 0x000001eb9d38a690, 0x000001eb9d38a000,
0x000001eb9d38ba40, 0x000001eb9d389970, 0x000001eb9d3885c0, 0x000001eb9d38c0d0,
0x000001eb9d388c50, 0x000001eb9d38c760, 0x000001eb9d3892e0, 0x000001eb9d38fbe0,
0x000001eb9d38eec0, 0x000001eb9d38d480, 0x000001eb9d38cdf0, 0x000001eb9d38db10,
0x000001eb9d38f550, 0x000001eb9d38e1a0, 0x000001eb9d38e830, 0x000001eb9a70ea40,
0x000001eb9a70d000, 0x000001eb9a70fdf0, 0x000001eb9a710480, 0x000001eb9a70f0d0,
0x000001eb9a70e3b0, 0x000001eb9a70dd20, 0x000001eb9a710b10, 0x000001eb9a70d690,
0x000001eb9a714620, 0x000001eb9e8971f0, 0x000001eb9e897880, 0x000001eb9e8985a0,
0x000001eb9e89ad00, 0x000001eb9e89b390, 0x000001eb9e89ba20, 0x000001eb9e8992c0,
0x000001eb9e899950, 0x000001eb9e89c0b0, 0x000001eb9e899fe0, 0x000001eb9e898c30,
0x000001eb9e89e810, 0x000001eb9e89e180, 0x000001eb9e89c740, 0x000001eb9e89cdd0,
0x000001eb9e89d460, 0x000001eb9e89daf0, 0x000001eb9aecfb00, 0x000001eb9aecf470,
0x000001eb9aed1540, 0x000001eb9aece0c0, 0x000001eb9aece750, 0x000001eb9aed0190,
0x000001eb9aed0820, 0x000001eb9aed1bd0, 0x000001eb9aecede0, 0x000001eb9aed28f0,
0x000001eb9aed4330, 0x000001eb9aed2f80, 0x000001eb9aed3610, 0x000001eb9aed0eb0,
0x000001eb9aed3ca0, 0x000001eb9aed49c0, 0x000001eb9aed56e0, 0x000001eb9aed5050,
0x000001eb9b29d890, 0x000001eb9b29df20, 0x000001eb9b29d200, 0x000001eb9b29aaa0,
0x000001eb9b29e5b0, 0x000001eb9b29b130, 0x000001eb9b29b7c0, 0x000001eb9b29ec40,
0x000001eb9b29c4e0, 0x000001eb9b29f2d0, 0x000001eb9b29be50, 0x000001eb9b29f960,
0x000001eb9b29fff0, 0x000001eb9b29cb70, 0x000001eb9b2a20c0, 0x000001eb9b2a0680,
0x000001eb9b2a0d10, 0x000001eb9b2a13a0, 0x000001eb9b2a1a30, 0x000001eb97ec97f0,
0x000001eb97ecb8c0, 0x000001eb97eccc70, 0x000001eb97ecbf50, 0x000001eb97ecc5e0,
0x000001eb97ecd300, 0x000001eb97ec9e80, 0x000001eb97eca510, 0x000001eb97ed00f0,
0x000001eb97ece6b0, 0x000001eb97eced40, 0x000001eb97ecfa60, 0x000001eb97ecd990,
0x000001eb97ece020, 0x000001eb97ecf3d0, 0x000001eb97ed0780, 0x000001eb97ed0e10,
0x000001eb9bf1b940, 0x000001eb9bf19870, 0x000001eb9bf19f00, 0x000001eb9bf1c660,
0x000001eb9bf191e0, 0x000001eb9bf1ccf0, 0x000001eb9bf1a590, 0x000001eb9bf1e0a0,
0x000001eb9bf1b2b0, 0x000001eb9bf1ac20, 0x000001eb9bf1bfd0, 0x000001eb9bf1fae0,
0x000001eb9bf1d380, 0x000001eb9bf1f450, 0x000001eb9bf1da10, 0x000001eb9bf1e730,
0x000001eb9bf20e90, 0x000001eb9bf20170, 0x000001eb9bf21520, 0x000001eb9bf21bb0,
0x000001eb9bf22240, 0x000001eb9bf1edc0, 0x000001eb9bf24310, 0x000001eb9bf22f60,
0x000001eb9bf228d0, 0x000001eb9bf26a70, 0x000001eb9bf249a0, 0x000001eb9bf23c80,
0x000001eb9bf235f0, 0x000001eb9bf25d50, 0x000001eb9f198e30, 0x000001eb9f19af00,
0x000001eb9f19bc20, 0x000001eb9f19c940, 0x000001eb9f21c280, 0x000001eb9f221e60,
0x000001eb9f2217d0, 0x000001eb9f21f070, 0x000001eb9f222b80, 0x000001eb9f223210,
0x000001eb9f221140, 0x000001eb9f21fd90, 0x000001eb9f220ab0, 0x000001eb9f21e350,
0x000001eb9f224c50, 0x000001eb9f225970, 0x000001eb9f2238a0, 0x000001eb9f223f30,
0x000001eb9f2224f0, 0x000001eb9f2252e0, 0x000001eb9f226690, 0x000001eb9f2245c0,
0x000001eb9f2273b0, 0x000001eba44b5ff0, 0x000001eba44b3890, 0x000001eba44b3200,
0x000001eba44b52d0, 0x000001eba44b5960, 0x000001eba44b6d10, 0x000001eba44b8de0,
0x000001eba44b8750, 0x000001eba44b7a30, 0x000001eba44b80c0, 0x000001eba44b9470,
0x000001eb9ca04f80, 0x000001eb973546d0
}

Java Threads: ( => current thread )
  0x000001eb2c9dfea0 JavaThread "main"                              [_thread_blocked, id=21388, stack(0x0000002c76200000,0x0000002c76300000) (1024K)]
  0x000001eb51406fe0 JavaThread "Reference Handler"          daemon [_thread_blocked, id=17972, stack(0x0000002c76a00000,0x0000002c76b00000) (1024K)]
  0x000001eb51407bf0 JavaThread "Finalizer"                  daemon [_thread_blocked, id=2792, stack(0x0000002c76b00000,0x0000002c76c00000) (1024K)]
  0x000001eb5140efd0 JavaThread "Signal Dispatcher"          daemon [_thread_blocked, id=15688, stack(0x0000002c76c00000,0x0000002c76d00000) (1024K)]
  0x000001eb51410b70 JavaThread "Attach Listener"            daemon [_thread_blocked, id=10196, stack(0x0000002c76d00000,0x0000002c76e00000) (1024K)]
  0x000001eb5141ab00 JavaThread "Service Thread"             daemon [_thread_blocked, id=24976, stack(0x0000002c76e00000,0x0000002c76f00000) (1024K)]
  0x000001eb5141f1b0 JavaThread "Monitor Deflation Thread"   daemon [_thread_blocked, id=2204, stack(0x0000002c76f00000,0x0000002c77000000) (1024K)]
  0x000001eb514257c0 JavaThread "C2 CompilerThread0"         daemon [_thread_blocked, id=18648, stack(0x0000002c77000000,0x0000002c77100000) (1024K)]
  0x000001eb51425e70 JavaThread "C1 CompilerThread0"         daemon [_thread_blocked, id=22676, stack(0x0000002c77100000,0x0000002c77200000) (1024K)]
  0x000001eb5141e490 JavaThread "Common-Cleaner"             daemon [_thread_blocked, id=23996, stack(0x0000002c77200000,0x0000002c77300000) (1024K)]
  0x000001eb51420560 JavaThread "Notification Thread"        daemon [_thread_blocked, id=12780, stack(0x0000002c77300000,0x0000002c77400000) (1024K)]
  0x000001eb5141f840 JavaThread "Daemon health stats"               [_thread_blocked, id=4236, stack(0x0000002c77500000,0x0000002c77600000) (1024K)]
  0x000001eb5141fed0 JavaThread "Incoming local TCP Connector on port 60523"        [_thread_in_native, id=22432, stack(0x0000002c77f00000,0x0000002c78000000) (1024K)]
  0x000001eb5141eb20 JavaThread "Daemon periodic checks"            [_thread_blocked, id=20180, stack(0x0000002c78000000,0x0000002c78100000) (1024K)]
  0x000001eb51420bf0 JavaThread "Daemon"                            [_thread_blocked, id=16044, stack(0x0000002c78100000,0x0000002c78200000) (1024K)]
  0x000001eb5141d770 JavaThread "Handler for socket connection from /127.0.0.1:60523 to /127.0.0.1:60524"        [_thread_in_native, id=20340, stack(0x0000002c78200000,0x0000002c78300000) (1024K)]
  0x000001eb98737260 JavaThread "Cancel handler"                    [_thread_blocked, id=23964, stack(0x0000002c78300000,0x0000002c78400000) (1024K)]
  0x000001eb98738ca0 JavaThread "Daemon worker"                     [_thread_blocked, id=19432, stack(0x0000002c78400000,0x0000002c78500000) (1024K)]
  0x000001eb98738610 JavaThread "Asynchronous log dispatcher for DefaultDaemonConnection: socket connection from /127.0.0.1:60523 to /127.0.0.1:60524"        [_thread_blocked, id=24564, stack(0x0000002c78500000,0x0000002c78600000) (1024K)]
  0x000001eb98739330 JavaThread "Stdin handler"                     [_thread_blocked, id=13200, stack(0x0000002c78600000,0x0000002c78700000) (1024K)]
  0x000001eb987378f0 JavaThread "Daemon client event forwarder"        [_thread_blocked, id=20972, stack(0x0000002c78700000,0x0000002c78800000) (1024K)]
  0x000001eb987399c0 JavaThread "Cache worker for journal cache (C:\Users\Administrator\.gradle\caches\journal-1)"        [_thread_blocked, id=16644, stack(0x0000002c78800000,0x0000002c78900000) (1024K)]
  0x000001eb98736540 JavaThread "File lock request listener"        [_thread_in_native, id=19280, stack(0x0000002c78900000,0x0000002c78a00000) (1024K)]
  0x000001eb9873a050 JavaThread "Cache worker for file hash cache (C:\Users\Administrator\.gradle\caches\8.14.3\fileHashes)"        [_thread_blocked, id=9268, stack(0x0000002c78a00000,0x0000002c78b00000) (1024K)]
  0x000001eb98736bd0 JavaThread "Cache worker for file hash cache (C:\Users\Administrator\Desktop\Android Studio\Antigravity\Anikku\anikku\.gradle\8.14.3\fileHashes)"        [_thread_blocked, id=15156, stack(0x0000002c78e00000,0x0000002c78f00000) (1024K)]
  0x000001eb9873ba90 JavaThread "Cache worker for Build Output Cleanup Cache (C:\Users\Administrator\Desktop\Android Studio\Antigravity\Anikku\anikku\.gradle\buildOutputCleanup)"        [_thread_blocked, id=13772, stack(0x0000002c78f00000,0x0000002c79000000) (1024K)]
  0x000001eb9873ad70 JavaThread "Cache worker for Build Output Cleanup Cache (C:\Users\Administrator\Desktop\Android Studio\Antigravity\Anikku\anikku\buildSrc\.gradle\buildOutputCleanup)"        [_thread_blocked, id=24124, stack(0x0000002c79000000,0x0000002c79100000) (1024K)]
  0x000001eb9873a6e0 JavaThread "File watcher server"        daemon [_thread_in_native, id=21244, stack(0x0000002c79100000,0x0000002c79200000) (1024K)]
  0x000001eb9873ce40 JavaThread "File watcher consumer"      daemon [_thread_blocked, id=25616, stack(0x0000002c79200000,0x0000002c79300000) (1024K)]
  0x000001eb9873d4d0 JavaThread "Cache worker for checksums cache (C:\Users\Administrator\Desktop\Android Studio\Antigravity\Anikku\anikku\.gradle\8.14.3\checksums)"        [_thread_blocked, id=5264, stack(0x0000002c79300000,0x0000002c79400000) (1024K)]
  0x000001eb9873db60 JavaThread "Cache worker for file content cache (C:\Users\Administrator\.gradle\caches\8.14.3\fileContent)"        [_thread_blocked, id=7892, stack(0x0000002c79400000,0x0000002c79500000) (1024K)]
  0x000001eb9c709af0 JavaThread "Cache worker for cache directory md-supplier (C:\Users\Administrator\.gradle\caches\8.14.3\md-supplier)"        [_thread_blocked, id=19572, stack(0x0000002c79500000,0x0000002c79600000) (1024K)]
  0x000001eb9c70a180 JavaThread "Cache worker for cache directory md-rule (C:\Users\Administrator\.gradle\caches\8.14.3\md-rule)"        [_thread_blocked, id=14936, stack(0x0000002c79600000,0x0000002c79700000) (1024K)]
  0x000001eb9c70b530 JavaThread "Problems report writer"            [_thread_blocked, id=7104, stack(0x0000002c79700000,0x0000002c79800000) (1024K)]
  0x000001eb9c70bbc0 JavaThread "Memory manager"                    [_thread_blocked, id=25848, stack(0x0000002c79800000,0x0000002c79900000) (1024K)]
  0x000001eb9c70f6d0 JavaThread "Unconstrained build operations"        [_thread_blocked, id=14952, stack(0x0000002c79900000,0x0000002c79a00000) (1024K)]
  0x000001eb9c70e320 JavaThread "Unconstrained build operations Thread 2"        [_thread_blocked, id=5380, stack(0x0000002c79a00000,0x0000002c79b00000) (1024K)]
  0x000001eb9c70c250 JavaThread "Unconstrained build operations Thread 3"        [_thread_blocked, id=13076, stack(0x0000002c79b00000,0x0000002c79c00000) (1024K)]
  0x000001eb9c70d600 JavaThread "Unconstrained build operations Thread 4"        [_thread_blocked, id=21956, stack(0x0000002c79c00000,0x0000002c79d00000) (1024K)]
  0x000001eb9c70dc90 JavaThread "Unconstrained build operations Thread 5"        [_thread_blocked, id=21296, stack(0x0000002c79d00000,0x0000002c79e00000) (1024K)]
  0x000001eb9d38ad20 JavaThread "Unconstrained build operations Thread 6"        [_thread_blocked, id=16220, stack(0x0000002c79e00000,0x0000002c79f00000) (1024K)]
  0x000001eb9d38b3b0 JavaThread "Unconstrained build operations Thread 7"        [_thread_blocked, id=13392, stack(0x0000002c79f00000,0x0000002c7a000000) (1024K)]
  0x000001eb9d38a690 JavaThread "Unconstrained build operations Thread 8"        [_thread_blocked, id=23232, stack(0x0000002c7a000000,0x0000002c7a100000) (1024K)]
  0x000001eb9d38a000 JavaThread "Unconstrained build operations Thread 9"        [_thread_blocked, id=14352, stack(0x0000002c7a100000,0x0000002c7a200000) (1024K)]
  0x000001eb9d38ba40 JavaThread "Unconstrained build operations Thread 10"        [_thread_blocked, id=15544, stack(0x0000002c7a200000,0x0000002c7a300000) (1024K)]
  0x000001eb9d389970 JavaThread "Unconstrained build operations Thread 11"        [_thread_blocked, id=20732, stack(0x0000002c7a300000,0x0000002c7a400000) (1024K)]
  0x000001eb9d3885c0 JavaThread "Unconstrained build operations Thread 12"        [_thread_blocked, id=9340, stack(0x0000002c7a400000,0x0000002c7a500000) (1024K)]
  0x000001eb9d38c0d0 JavaThread "Unconstrained build operations Thread 13"        [_thread_blocked, id=21528, stack(0x0000002c7a500000,0x0000002c7a600000) (1024K)]
  0x000001eb9d388c50 JavaThread "Unconstrained build operations Thread 14"        [_thread_blocked, id=25780, stack(0x0000002c7a600000,0x0000002c7a700000) (1024K)]
  0x000001eb9d38c760 JavaThread "Unconstrained build operations Thread 15"        [_thread_blocked, id=21868, stack(0x0000002c7a700000,0x0000002c7a800000) (1024K)]
  0x000001eb9d3892e0 JavaThread "Unconstrained build operations Thread 16"        [_thread_blocked, id=9100, stack(0x0000002c7a800000,0x0000002c7a900000) (1024K)]
  0x000001eb9d38fbe0 JavaThread "Unconstrained build operations Thread 17"        [_thread_blocked, id=15024, stack(0x0000002c7a900000,0x0000002c7aa00000) (1024K)]
  0x000001eb9d38eec0 JavaThread "Unconstrained build operations Thread 18"        [_thread_blocked, id=17248, stack(0x0000002c7aa00000,0x0000002c7ab00000) (1024K)]
  0x000001eb9d38d480 JavaThread "Unconstrained build operations Thread 19"        [_thread_blocked, id=3580, stack(0x0000002c7ab00000,0x0000002c7ac00000) (1024K)]
  0x000001eb9d38cdf0 JavaThread "Unconstrained build operations Thread 20"        [_thread_blocked, id=9408, stack(0x0000002c7ac00000,0x0000002c7ad00000) (1024K)]
  0x000001eb9d38db10 JavaThread "Unconstrained build operations Thread 21"        [_thread_blocked, id=8908, stack(0x0000002c7ad00000,0x0000002c7ae00000) (1024K)]
  0x000001eb9d38f550 JavaThread "Unconstrained build operations Thread 22"        [_thread_blocked, id=19972, stack(0x0000002c7ae00000,0x0000002c7af00000) (1024K)]
  0x000001eb9d38e1a0 JavaThread "Unconstrained build operations Thread 23"        [_thread_blocked, id=26192, stack(0x0000002c7af00000,0x0000002c7b000000) (1024K)]
  0x000001eb9d38e830 JavaThread "Unconstrained build operations Thread 24"        [_thread_blocked, id=20856, stack(0x0000002c7b000000,0x0000002c7b100000) (1024K)]
  0x000001eb9a70ea40 JavaThread "Unconstrained build operations Thread 25"        [_thread_blocked, id=15020, stack(0x0000002c7b100000,0x0000002c7b200000) (1024K)]
  0x000001eb9a70d000 JavaThread "Unconstrained build operations Thread 26"        [_thread_blocked, id=7800, stack(0x0000002c7b200000,0x0000002c7b300000) (1024K)]
  0x000001eb9a70fdf0 JavaThread "Unconstrained build operations Thread 27"        [_thread_blocked, id=3564, stack(0x0000002c7b300000,0x0000002c7b400000) (1024K)]
  0x000001eb9a710480 JavaThread "Unconstrained build operations Thread 28"        [_thread_blocked, id=14868, stack(0x0000002c7b400000,0x0000002c7b500000) (1024K)]
  0x000001eb9a70f0d0 JavaThread "Unconstrained build operations Thread 29"        [_thread_blocked, id=22712, stack(0x0000002c7b500000,0x0000002c7b600000) (1024K)]
  0x000001eb9a70e3b0 JavaThread "Unconstrained build operations Thread 30"        [_thread_blocked, id=5308, stack(0x0000002c7b600000,0x0000002c7b700000) (1024K)]
  0x000001eb9a70dd20 JavaThread "Unconstrained build operations Thread 31"        [_thread_blocked, id=9564, stack(0x0000002c7b700000,0x0000002c7b800000) (1024K)]
  0x000001eb9a710b10 JavaThread "Unconstrained build operations Thread 32"        [_thread_blocked, id=17084, stack(0x0000002c7b800000,0x0000002c7b900000) (1024K)]
  0x000001eb9a70d690 JavaThread "Unconstrained build operations Thread 33"        [_thread_blocked, id=19404, stack(0x0000002c7b900000,0x0000002c7ba00000) (1024K)]
  0x000001eb9a714620 JavaThread "build event listener"              [_thread_blocked, id=11144, stack(0x0000002c7ba00000,0x0000002c7bb00000) (1024K)]
  0x000001eb9e8971f0 JavaThread "included builds"                   [_thread_blocked, id=22780, stack(0x0000002c7bb00000,0x0000002c7bc00000) (1024K)]
  0x000001eb9e897880 JavaThread "Execution worker"                  [_thread_blocked, id=25264, stack(0x0000002c7bc00000,0x0000002c7bd00000) (1024K)]
  0x000001eb9e8985a0 JavaThread "Execution worker Thread 2"         [_thread_blocked, id=15292, stack(0x0000002c7bd00000,0x0000002c7be00000) (1024K)]
  0x000001eb9e89ad00 JavaThread "Execution worker Thread 3"         [_thread_blocked, id=8732, stack(0x0000002c7be00000,0x0000002c7bf00000) (1024K)]
  0x000001eb9e89b390 JavaThread "Execution worker Thread 4"         [_thread_blocked, id=14428, stack(0x0000002c7bf00000,0x0000002c7c000000) (1024K)]
  0x000001eb9e89ba20 JavaThread "Execution worker Thread 5"         [_thread_blocked, id=12776, stack(0x0000002c7c000000,0x0000002c7c100000) (1024K)]
  0x000001eb9e8992c0 JavaThread "Execution worker Thread 6"         [_thread_blocked, id=24544, stack(0x0000002c7c100000,0x0000002c7c200000) (1024K)]
  0x000001eb9e899950 JavaThread "Execution worker Thread 7"         [_thread_blocked, id=15888, stack(0x0000002c7c200000,0x0000002c7c300000) (1024K)]
  0x000001eb9e89c0b0 JavaThread "Execution worker Thread 8"         [_thread_blocked, id=12800, stack(0x0000002c7c300000,0x0000002c7c400000) (1024K)]
  0x000001eb9e899fe0 JavaThread "Execution worker Thread 9"         [_thread_blocked, id=22036, stack(0x0000002c7c400000,0x0000002c7c500000) (1024K)]
  0x000001eb9e898c30 JavaThread "Execution worker Thread 10"        [_thread_blocked, id=4204, stack(0x0000002c7c500000,0x0000002c7c600000) (1024K)]
  0x000001eb9e89e810 JavaThread "Execution worker Thread 11"        [_thread_blocked, id=24380, stack(0x0000002c7c600000,0x0000002c7c700000) (1024K)]
  0x000001eb9e89e180 JavaThread "Cache worker for execution history cache (C:\Users\Administrator\Desktop\Android Studio\Antigravity\Anikku\anikku\buildSrc\.gradle\8.14.3\executionHistory)"        [_thread_blocked, id=26000, stack(0x0000002c7c700000,0x0000002c7c800000) (1024K)]
  0x000001eb9e89c740 JavaThread "Unconstrained build operations Thread 34"        [_thread_blocked, id=25796, stack(0x0000002c7c800000,0x0000002c7c900000) (1024K)]
  0x000001eb9e89cdd0 JavaThread "Unconstrained build operations Thread 35"        [_thread_blocked, id=12920, stack(0x0000002c7c900000,0x0000002c7ca00000) (1024K)]
  0x000001eb9e89d460 JavaThread "Unconstrained build operations Thread 36"        [_thread_blocked, id=15016, stack(0x0000002c7ca00000,0x0000002c7cb00000) (1024K)]
  0x000001eb9e89daf0 JavaThread "Unconstrained build operations Thread 37"        [_thread_blocked, id=21908, stack(0x0000002c7cb00000,0x0000002c7cc00000) (1024K)]
  0x000001eb9aecfb00 JavaThread "Unconstrained build operations Thread 38"        [_thread_blocked, id=21480, stack(0x0000002c7cc00000,0x0000002c7cd00000) (1024K)]
  0x000001eb9aecf470 JavaThread "Unconstrained build operations Thread 39"        [_thread_blocked, id=25536, stack(0x0000002c7cd00000,0x0000002c7ce00000) (1024K)]
  0x000001eb9aed1540 JavaThread "Unconstrained build operations Thread 40"        [_thread_blocked, id=17944, stack(0x0000002c7ce00000,0x0000002c7cf00000) (1024K)]
  0x000001eb9aece0c0 JavaThread "Unconstrained build operations Thread 41"        [_thread_blocked, id=26324, stack(0x0000002c7cf00000,0x0000002c7d000000) (1024K)]
  0x000001eb9aece750 JavaThread "Unconstrained build operations Thread 42"        [_thread_blocked, id=6604, stack(0x0000002c7d000000,0x0000002c7d100000) (1024K)]
  0x000001eb9aed0190 JavaThread "Unconstrained build operations Thread 43"        [_thread_blocked, id=25140, stack(0x0000002c7d100000,0x0000002c7d200000) (1024K)]
  0x000001eb9aed0820 JavaThread "Unconstrained build operations Thread 44"        [_thread_blocked, id=26440, stack(0x0000002c7d200000,0x0000002c7d300000) (1024K)]
  0x000001eb9aed1bd0 JavaThread "Unconstrained build operations Thread 45"        [_thread_blocked, id=18524, stack(0x0000002c7d300000,0x0000002c7d400000) (1024K)]
  0x000001eb9aecede0 JavaThread "Unconstrained build operations Thread 46"        [_thread_blocked, id=14376, stack(0x0000002c7d400000,0x0000002c7d500000) (1024K)]
  0x000001eb9aed28f0 JavaThread "Unconstrained build operations Thread 47"        [_thread_blocked, id=5172, stack(0x0000002c7d500000,0x0000002c7d600000) (1024K)]
  0x000001eb9aed4330 JavaThread "Unconstrained build operations Thread 48"        [_thread_blocked, id=22724, stack(0x0000002c7d600000,0x0000002c7d700000) (1024K)]
  0x000001eb9aed2f80 JavaThread "Unconstrained build operations Thread 49"        [_thread_blocked, id=23108, stack(0x0000002c7d700000,0x0000002c7d800000) (1024K)]
  0x000001eb9aed3610 JavaThread "Unconstrained build operations Thread 50"        [_thread_blocked, id=25240, stack(0x0000002c7d800000,0x0000002c7d900000) (1024K)]
  0x000001eb9aed0eb0 JavaThread "Unconstrained build operations Thread 51"        [_thread_blocked, id=19100, stack(0x0000002c7d900000,0x0000002c7da00000) (1024K)]
  0x000001eb9aed3ca0 JavaThread "Unconstrained build operations Thread 52"        [_thread_blocked, id=25648, stack(0x0000002c7da00000,0x0000002c7db00000) (1024K)]
  0x000001eb9aed49c0 JavaThread "Unconstrained build operations Thread 53"        [_thread_blocked, id=17556, stack(0x0000002c7db00000,0x0000002c7dc00000) (1024K)]
  0x000001eb9aed56e0 JavaThread "Unconstrained build operations Thread 54"        [_thread_blocked, id=24396, stack(0x0000002c7dc00000,0x0000002c7dd00000) (1024K)]
  0x000001eb9aed5050 JavaThread "Unconstrained build operations Thread 55"        [_thread_blocked, id=21792, stack(0x0000002c7dd00000,0x0000002c7de00000) (1024K)]
  0x000001eb9b29d890 JavaThread "Unconstrained build operations Thread 56"        [_thread_blocked, id=19684, stack(0x0000002c7de00000,0x0000002c7df00000) (1024K)]
  0x000001eb9b29df20 JavaThread "Unconstrained build operations Thread 57"        [_thread_blocked, id=12248, stack(0x0000002c7df00000,0x0000002c7e000000) (1024K)]
  0x000001eb9b29d200 JavaThread "Unconstrained build operations Thread 58"        [_thread_blocked, id=19936, stack(0x0000002c7e000000,0x0000002c7e100000) (1024K)]
  0x000001eb9b29aaa0 JavaThread "Unconstrained build operations Thread 59"        [_thread_blocked, id=13064, stack(0x0000002c7e100000,0x0000002c7e200000) (1024K)]
  0x000001eb9b29e5b0 JavaThread "Unconstrained build operations Thread 60"        [_thread_blocked, id=3400, stack(0x0000002c7e200000,0x0000002c7e300000) (1024K)]
  0x000001eb9b29b130 JavaThread "Unconstrained build operations Thread 61"        [_thread_blocked, id=23708, stack(0x0000002c7e300000,0x0000002c7e400000) (1024K)]
  0x000001eb9b29b7c0 JavaThread "Unconstrained build operations Thread 62"        [_thread_blocked, id=10392, stack(0x0000002c7e400000,0x0000002c7e500000) (1024K)]
  0x000001eb9b29ec40 JavaThread "Unconstrained build operations Thread 63"        [_thread_blocked, id=8164, stack(0x0000002c7e500000,0x0000002c7e600000) (1024K)]
  0x000001eb9b29c4e0 JavaThread "Unconstrained build operations Thread 64"        [_thread_blocked, id=18548, stack(0x0000002c7e600000,0x0000002c7e700000) (1024K)]
  0x000001eb9b29f2d0 JavaThread "Unconstrained build operations Thread 65"        [_thread_blocked, id=2200, stack(0x0000002c7e700000,0x0000002c7e800000) (1024K)]
  0x000001eb9b29be50 JavaThread "Unconstrained build operations Thread 66"        [_thread_blocked, id=16284, stack(0x0000002c7e800000,0x0000002c7e900000) (1024K)]
  0x000001eb9b29f960 JavaThread "Unconstrained build operations Thread 67"        [_thread_blocked, id=15664, stack(0x0000002c7e900000,0x0000002c7ea00000) (1024K)]
  0x000001eb9b29fff0 JavaThread "Unconstrained build operations Thread 68"        [_thread_blocked, id=13328, stack(0x0000002c7ea00000,0x0000002c7eb00000) (1024K)]
  0x000001eb9b29cb70 JavaThread "Unconstrained build operations Thread 69"        [_thread_blocked, id=25176, stack(0x0000002c7eb00000,0x0000002c7ec00000) (1024K)]
  0x000001eb9b2a20c0 JavaThread "Unconstrained build operations Thread 70"        [_thread_blocked, id=11504, stack(0x0000002c7ec00000,0x0000002c7ed00000) (1024K)]
  0x000001eb9b2a0680 JavaThread "Unconstrained build operations Thread 71"        [_thread_blocked, id=2416, stack(0x0000002c7ed00000,0x0000002c7ee00000) (1024K)]
  0x000001eb9b2a0d10 JavaThread "Unconstrained build operations Thread 72"        [_thread_blocked, id=13616, stack(0x0000002c7ee00000,0x0000002c7ef00000) (1024K)]
  0x000001eb9b2a13a0 JavaThread "Unconstrained build operations Thread 73"        [_thread_blocked, id=21800, stack(0x0000002c7ef00000,0x0000002c7f000000) (1024K)]
  0x000001eb9b2a1a30 JavaThread "Unconstrained build operations Thread 74"        [_thread_blocked, id=16540, stack(0x0000002c7f000000,0x0000002c7f100000) (1024K)]
  0x000001eb97ec97f0 JavaThread "Unconstrained build operations Thread 75"        [_thread_blocked, id=14476, stack(0x0000002c78b00000,0x0000002c78c00000) (1024K)]
  0x000001eb97ecb8c0 JavaThread "Unconstrained build operations Thread 76"        [_thread_blocked, id=5592, stack(0x0000002c7f100000,0x0000002c7f200000) (1024K)]
  0x000001eb97eccc70 JavaThread "Unconstrained build operations Thread 77"        [_thread_blocked, id=2468, stack(0x0000002c7f300000,0x0000002c7f400000) (1024K)]
  0x000001eb97ecbf50 JavaThread "Unconstrained build operations Thread 78"        [_thread_blocked, id=21312, stack(0x0000002c7f400000,0x0000002c7f500000) (1024K)]
  0x000001eb97ecc5e0 JavaThread "Unconstrained build operations Thread 79"        [_thread_blocked, id=416, stack(0x0000002c7f500000,0x0000002c7f600000) (1024K)]
  0x000001eb97ecd300 JavaThread "Unconstrained build operations Thread 80"        [_thread_blocked, id=15040, stack(0x0000002c7f600000,0x0000002c7f700000) (1024K)]
  0x000001eb97ec9e80 JavaThread "Unconstrained build operations Thread 81"        [_thread_blocked, id=4748, stack(0x0000002c7f700000,0x0000002c7f800000) (1024K)]
  0x000001eb97eca510 JavaThread "Unconstrained build operations Thread 82"        [_thread_blocked, id=20432, stack(0x0000002c7f800000,0x0000002c7f900000) (1024K)]
  0x000001eb97ed00f0 JavaThread "Unconstrained build operations Thread 83"        [_thread_blocked, id=9520, stack(0x0000002c7f900000,0x0000002c7fa00000) (1024K)]
  0x000001eb97ece6b0 JavaThread "Unconstrained build operations Thread 84"        [_thread_blocked, id=12432, stack(0x0000002c7fa00000,0x0000002c7fb00000) (1024K)]
  0x000001eb97eced40 JavaThread "Unconstrained build operations Thread 85"        [_thread_blocked, id=21932, stack(0x0000002c7fb00000,0x0000002c7fc00000) (1024K)]
  0x000001eb97ecfa60 JavaThread "Unconstrained build operations Thread 86"        [_thread_blocked, id=14892, stack(0x0000002c7fc00000,0x0000002c7fd00000) (1024K)]
  0x000001eb97ecd990 JavaThread "Unconstrained build operations Thread 87"        [_thread_blocked, id=11684, stack(0x0000002c7fd00000,0x0000002c7fe00000) (1024K)]
  0x000001eb97ece020 JavaThread "Unconstrained build operations Thread 88"        [_thread_blocked, id=2280, stack(0x0000002c7fe00000,0x0000002c7ff00000) (1024K)]
  0x000001eb97ecf3d0 JavaThread "Unconstrained build operations Thread 89"        [_thread_blocked, id=7424, stack(0x0000002c7ff00000,0x0000002c80000000) (1024K)]
  0x000001eb97ed0780 JavaThread "Unconstrained build operations Thread 90"        [_thread_blocked, id=8824, stack(0x0000002c00000000,0x0000002c00100000) (1024K)]
  0x000001eb97ed0e10 JavaThread "Unconstrained build operations Thread 91"        [_thread_blocked, id=19476, stack(0x0000002c00100000,0x0000002c00200000) (1024K)]
  0x000001eb9bf1b940 JavaThread "Unconstrained build operations Thread 92"        [_thread_blocked, id=19468, stack(0x0000002c00200000,0x0000002c00300000) (1024K)]
  0x000001eb9bf19870 JavaThread "Unconstrained build operations Thread 93"        [_thread_blocked, id=10232, stack(0x0000002c00300000,0x0000002c00400000) (1024K)]
  0x000001eb9bf19f00 JavaThread "Unconstrained build operations Thread 94"        [_thread_blocked, id=12864, stack(0x0000002c00400000,0x0000002c00500000) (1024K)]
  0x000001eb9bf1c660 JavaThread "Unconstrained build operations Thread 95"        [_thread_blocked, id=3852, stack(0x0000002c00500000,0x0000002c00600000) (1024K)]
  0x000001eb9bf191e0 JavaThread "Unconstrained build operations Thread 96"        [_thread_blocked, id=14292, stack(0x0000002c00600000,0x0000002c00700000) (1024K)]
  0x000001eb9bf1ccf0 JavaThread "Unconstrained build operations Thread 97"        [_thread_blocked, id=16424, stack(0x0000002c00700000,0x0000002c00800000) (1024K)]
  0x000001eb9bf1a590 JavaThread "Unconstrained build operations Thread 98"        [_thread_blocked, id=6484, stack(0x0000002c00800000,0x0000002c00900000) (1024K)]
  0x000001eb9bf1e0a0 JavaThread "Unconstrained build operations Thread 99"        [_thread_blocked, id=26004, stack(0x0000002c00900000,0x0000002c00a00000) (1024K)]
  0x000001eb9bf1b2b0 JavaThread "Unconstrained build operations Thread 100"        [_thread_blocked, id=16324, stack(0x0000002c00a00000,0x0000002c00b00000) (1024K)]
  0x000001eb9bf1ac20 JavaThread "Unconstrained build operations Thread 101"        [_thread_blocked, id=23824, stack(0x0000002c00b00000,0x0000002c00c00000) (1024K)]
  0x000001eb9bf1bfd0 JavaThread "Unconstrained build operations Thread 102"        [_thread_blocked, id=3880, stack(0x0000002c00c00000,0x0000002c00d00000) (1024K)]
  0x000001eb9bf1fae0 JavaThread "Unconstrained build operations Thread 103"        [_thread_blocked, id=20788, stack(0x0000002c00d00000,0x0000002c00e00000) (1024K)]
  0x000001eb9bf1d380 JavaThread "Unconstrained build operations Thread 104"        [_thread_blocked, id=18208, stack(0x0000002c00e00000,0x0000002c00f00000) (1024K)]
  0x000001eb9bf1f450 JavaThread "Unconstrained build operations Thread 105"        [_thread_blocked, id=21740, stack(0x0000002c00f00000,0x0000002c01000000) (1024K)]
  0x000001eb9bf1da10 JavaThread "Unconstrained build operations Thread 106"        [_thread_blocked, id=19860, stack(0x0000002c01000000,0x0000002c01100000) (1024K)]
  0x000001eb9bf1e730 JavaThread "Unconstrained build operations Thread 107"        [_thread_blocked, id=14880, stack(0x0000002c01100000,0x0000002c01200000) (1024K)]
  0x000001eb9bf20e90 JavaThread "Unconstrained build operations Thread 108"        [_thread_blocked, id=25880, stack(0x0000002c01200000,0x0000002c01300000) (1024K)]
  0x000001eb9bf20170 JavaThread "Unconstrained build operations Thread 109"        [_thread_blocked, id=20828, stack(0x0000002c01300000,0x0000002c01400000) (1024K)]
  0x000001eb9bf21520 JavaThread "Unconstrained build operations Thread 110"        [_thread_blocked, id=9404, stack(0x0000002c01400000,0x0000002c01500000) (1024K)]
  0x000001eb9bf21bb0 JavaThread "Unconstrained build operations Thread 111"        [_thread_blocked, id=6752, stack(0x0000002c01500000,0x0000002c01600000) (1024K)]
  0x000001eb9bf22240 JavaThread "Unconstrained build operations Thread 112"        [_thread_blocked, id=24276, stack(0x0000002c01600000,0x0000002c01700000) (1024K)]
  0x000001eb9bf1edc0 JavaThread "Unconstrained build operations Thread 113"        [_thread_blocked, id=22132, stack(0x0000002c01700000,0x0000002c01800000) (1024K)]
  0x000001eb9bf24310 JavaThread "Unconstrained build operations Thread 114"        [_thread_blocked, id=24952, stack(0x0000002c01800000,0x0000002c01900000) (1024K)]
  0x000001eb9bf22f60 JavaThread "Unconstrained build operations Thread 115"        [_thread_blocked, id=25692, stack(0x0000002c01900000,0x0000002c01a00000) (1024K)]
  0x000001eb9bf228d0 JavaThread "Unconstrained build operations Thread 116"        [_thread_blocked, id=10856, stack(0x0000002c01a00000,0x0000002c01b00000) (1024K)]
  0x000001eb9bf26a70 JavaThread "Unconstrained build operations Thread 117"        [_thread_blocked, id=17988, stack(0x0000002c01b00000,0x0000002c01c00000) (1024K)]
  0x000001eb9bf249a0 JavaThread "Unconstrained build operations Thread 118"        [_thread_blocked, id=13196, stack(0x0000002c01c00000,0x0000002c01d00000) (1024K)]
  0x000001eb9bf23c80 JavaThread "Unconstrained build operations Thread 119"        [_thread_blocked, id=3956, stack(0x0000002c01d00000,0x0000002c01e00000) (1024K)]
  0x000001eb9bf235f0 JavaThread "Unconstrained build operations Thread 120"        [_thread_blocked, id=25668, stack(0x0000002c01e00000,0x0000002c01f00000) (1024K)]
  0x000001eb9bf25d50 JavaThread "build event listener"              [_thread_blocked, id=9312, stack(0x0000002c01f00000,0x0000002c02000000) (1024K)]
  0x000001eb9f198e30 JavaThread "build event listener"              [_thread_blocked, id=19224, stack(0x0000002c02100000,0x0000002c02200000) (1024K)]
  0x000001eb9f19af00 JavaThread "Exec process"                      [_thread_blocked, id=21456, stack(0x0000002c02200000,0x0000002c02300000) (1024K)]
  0x000001eb9f19bc20 JavaThread "Exec process Thread 2"             [_thread_blocked, id=18696, stack(0x0000002c02300000,0x0000002c02400000) (1024K)]
  0x000001eb9f19c940 JavaThread "Exec process Thread 3"             [_thread_blocked, id=18588, stack(0x0000002c02400000,0x0000002c02500000) (1024K)]
  0x000001eb9f21c280 JavaThread "Cache worker for execution history cache (C:\Users\Administrator\Desktop\Android Studio\Antigravity\Anikku\anikku\.gradle\8.14.3\executionHistory)"        [_thread_blocked, id=7460, stack(0x0000002c02600000,0x0000002c02700000) (1024K)]
  0x000001eb9f221e60 JavaThread "WorkerExecutor Queue"              [_thread_blocked, id=15964, stack(0x0000002c02500000,0x0000002c02600000) (1024K)]
  0x000001eb9f2217d0 JavaThread "RMI Scheduler(0)"           daemon [_thread_blocked, id=24368, stack(0x0000002c02800000,0x0000002c02900000) (1024K)]
  0x000001eb9f21f070 JavaThread "RMI GC Daemon"              daemon [_thread_blocked, id=13860, stack(0x0000002c02a00000,0x0000002c02b00000) (1024K)]
  0x000001eb9f222b80 JavaThread "RMI TCP Accept-0"           daemon [_thread_in_native, id=5956, stack(0x0000002c02c00000,0x0000002c02d00000) (1024K)]
  0x000001eb9f223210 JavaThread "RMI Reaper"                        [_thread_blocked, id=25344, stack(0x0000002c02d00000,0x0000002c02e00000) (1024K)]
  0x000001eb9f221140 JavaThread "RMI TCP Connection(1)-127.0.0.1" daemon [_thread_in_native, id=26404, stack(0x0000002c02900000,0x0000002c02a00000) (1024K)]
  0x000001eb9f21fd90 JavaThread "Cache worker for Java compile cache (C:\Users\Administrator\.gradle\caches\8.14.3\javaCompile)"        [_thread_blocked, id=16060, stack(0x0000002c02b00000,0x0000002c02c00000) (1024K)]
  0x000001eb9f220ab0 JavaThread "Build operations"                  [_thread_blocked, id=19700, stack(0x0000002c02e00000,0x0000002c02f00000) (1024K)]
  0x000001eb9f21e350 JavaThread "Build operations Thread 2"         [_thread_blocked, id=22600, stack(0x0000002c02f00000,0x0000002c03000000) (1024K)]
  0x000001eb9f224c50 JavaThread "Build operations Thread 3"         [_thread_blocked, id=18564, stack(0x0000002c03000000,0x0000002c03100000) (1024K)]
  0x000001eb9f225970 JavaThread "Build operations Thread 4"         [_thread_blocked, id=19156, stack(0x0000002c03100000,0x0000002c03200000) (1024K)]
  0x000001eb9f2238a0 JavaThread "Build operations Thread 5"         [_thread_blocked, id=9012, stack(0x0000002c03200000,0x0000002c03300000) (1024K)]
  0x000001eb9f223f30 JavaThread "Build operations Thread 6"         [_thread_blocked, id=5744, stack(0x0000002c03300000,0x0000002c03400000) (1024K)]
  0x000001eb9f2224f0 JavaThread "Build operations Thread 7"         [_thread_blocked, id=10624, stack(0x0000002c03400000,0x0000002c03500000) (1024K)]
  0x000001eb9f2252e0 JavaThread "Build operations Thread 8"         [_thread_blocked, id=15300, stack(0x0000002c03500000,0x0000002c03600000) (1024K)]
  0x000001eb9f226690 JavaThread "Build operations Thread 9"         [_thread_blocked, id=12564, stack(0x0000002c03600000,0x0000002c03700000) (1024K)]
  0x000001eb9f2245c0 JavaThread "Build operations Thread 10"        [_thread_blocked, id=15328, stack(0x0000002c03700000,0x0000002c03800000) (1024K)]
  0x000001eb9f2273b0 JavaThread "Build operations Thread 11"        [_thread_blocked, id=13664, stack(0x0000002c03800000,0x0000002c03900000) (1024K)]
  0x000001eba44b5ff0 JavaThread "WorkerExecutor Queue Thread 2"        [_thread_blocked, id=24356, stack(0x0000002c02000000,0x0000002c02100000) (1024K)]
  0x000001eba44b3890 JavaThread "WorkerExecutor Queue Thread 3"        [_thread_blocked, id=24772, stack(0x0000002c02700000,0x0000002c02800000) (1024K)]
  0x000001eba44b3200 JavaThread "WorkerExecutor Queue Thread 4"        [_thread_blocked, id=11960, stack(0x0000002c03900000,0x0000002c03a00000) (1024K)]
  0x000001eba44b52d0 JavaThread "WorkerExecutor Queue Thread 5"        [_thread_blocked, id=16244, stack(0x0000002c03a00000,0x0000002c03b00000) (1024K)]
  0x000001eba44b5960 JavaThread "WorkerExecutor Queue Thread 6"        [_thread_blocked, id=21256, stack(0x0000002c03b00000,0x0000002c03c00000) (1024K)]
  0x000001eba44b6d10 JavaThread "WorkerExecutor Queue Thread 7"        [_thread_blocked, id=24472, stack(0x0000002c03c00000,0x0000002c03d00000) (1024K)]
  0x000001eba44b8de0 JavaThread "WorkerExecutor Queue Thread 8"        [_thread_blocked, id=20736, stack(0x0000002c03d00000,0x0000002c03e00000) (1024K)]
  0x000001eba44b8750 JavaThread "WorkerExecutor Queue Thread 9"        [_thread_blocked, id=14524, stack(0x0000002c03e00000,0x0000002c03f00000) (1024K)]
  0x000001eba44b7a30 JavaThread "WorkerExecutor Queue Thread 10"        [_thread_blocked, id=17960, stack(0x0000002c03f00000,0x0000002c04000000) (1024K)]
  0x000001eba44b80c0 JavaThread "WorkerExecutor Queue Thread 11"        [_thread_blocked, id=18816, stack(0x0000002c04000000,0x0000002c04100000) (1024K)]
  0x000001eba44b9470 JavaThread "WorkerExecutor Queue Thread 12"        [_thread_blocked, id=23548, stack(0x0000002c04100000,0x0000002c04200000) (1024K)]
=>0x000001eb9ca04f80 JavaThread "C2 CompilerThread1"         daemon [_thread_in_native, id=9580, stack(0x0000002c04200000,0x0000002c04300000) (1024K)]
  0x000001eb973546d0 JavaThread "C2 CompilerThread2"         daemon [_thread_blocked, id=23976, stack(0x0000002c04300000,0x0000002c04400000) (1024K)]
Total: 206

Other Threads:
  0x000001eb513e89a0 VMThread "VM Thread"                           [id=23444, stack(0x0000002c76900000,0x0000002c76a00000) (1024K)]
  0x000001eb4e937e10 WatcherThread "VM Periodic Task Thread"        [id=1460, stack(0x0000002c76800000,0x0000002c76900000) (1024K)]
  0x000001eb2ca8a550 WorkerThread "GC Thread#0"                     [id=17820, stack(0x0000002c76300000,0x0000002c76400000) (1024K)]
  0x000001eb5195c260 WorkerThread "GC Thread#1"                     [id=12664, stack(0x0000002c77600000,0x0000002c77700000) (1024K)]
  0x000001eb51828860 WorkerThread "GC Thread#2"                     [id=19720, stack(0x0000002c77700000,0x0000002c77800000) (1024K)]
  0x000001eb51880b00 WorkerThread "GC Thread#3"                     [id=20548, stack(0x0000002c77800000,0x0000002c77900000) (1024K)]
  0x000001eb51769720 WorkerThread "GC Thread#4"                     [id=14468, stack(0x0000002c77900000,0x0000002c77a00000) (1024K)]
  0x000001eb51832d20 WorkerThread "GC Thread#5"                     [id=2432, stack(0x0000002c77a00000,0x0000002c77b00000) (1024K)]
  0x000001eb518330d0 WorkerThread "GC Thread#6"                     [id=20996, stack(0x0000002c77b00000,0x0000002c77c00000) (1024K)]
  0x000001eb51833480 WorkerThread "GC Thread#7"                     [id=21284, stack(0x0000002c77c00000,0x0000002c77d00000) (1024K)]
  0x000001eb51833830 WorkerThread "GC Thread#8"                     [id=25436, stack(0x0000002c77d00000,0x0000002c77e00000) (1024K)]
  0x000001eb51769ad0 WorkerThread "GC Thread#9"                     [id=10780, stack(0x0000002c77e00000,0x0000002c77f00000) (1024K)]
  0x000001eb2ca9d2e0 ConcurrentGCThread "G1 Main Marker"            [id=5376, stack(0x0000002c76400000,0x0000002c76500000) (1024K)]
  0x000001eb2ca9dd00 WorkerThread "G1 Conc#0"                       [id=20708, stack(0x0000002c76500000,0x0000002c76600000) (1024K)]
  0x000001eb999c7a40 WorkerThread "G1 Conc#1"                       [id=23364, stack(0x0000002c78c00000,0x0000002c78d00000) (1024K)]
  0x000001eb999c5910 WorkerThread "G1 Conc#2"                       [id=23560, stack(0x0000002c78d00000,0x0000002c78e00000) (1024K)]
  0x000001eb4e8025d0 ConcurrentGCThread "G1 Refine#0"               [id=7932, stack(0x0000002c76600000,0x0000002c76700000) (1024K)]
  0x000001eb4e805f20 ConcurrentGCThread "G1 Service"                [id=17236, stack(0x0000002c76700000,0x0000002c76800000) (1024K)]
Total: 18

Threads with active compile tasks:
C2 CompilerThread0  41169 32664       4       com.android.tools.r8.internal.Rn::b (3604 bytes)
C1 CompilerThread0  41169 33076       3       com.android.tools.r8.internal.qe::a (2445 bytes)
C2 CompilerThread1  41169 32362       4       com.android.tools.r8.internal.US::a (974 bytes)
C2 CompilerThread2  41169 32799       4       com.android.tools.r8.internal.US::k (1133 bytes)
Total: 4

VM state: at safepoint (normal execution)

VM Mutex/Monitor currently owned by a thread:  ([mutex/lock_event])
[0x00007ff92a039b28] Threads_lock - owner thread: 0x000001eb513e89a0
[0x00007ff92a039c28] Heap_lock - owner thread: 0x000001eba44b5960

Heap address: 0x0000000600000000, size: 8192 MB, Compressed Oops mode: Zero based, Oop shift amount: 3

CDS archive(s) mapped at: [0x000001eb52000000-0x000001eb52cd0000-0x000001eb52cd0000), size 13434880, SharedBaseAddress: 0x000001eb52000000, ArchiveRelocationMode: 1.
Compressed class space mapped at: 0x000001eb53000000-0x000001eb93000000, reserved size: 1073741824
Narrow klass base: 0x000001eb52000000, Narrow klass shift: 0, Narrow klass range: 0x100000000

GC Precious Log:
 CardTable entry size: 512
 Card Set container configuration: InlinePtr #cards 4 size 8 Array Of Cards #cards 32 size 80 Howl #buckets 8 coarsen threshold 7372 Howl Bitmap #cards 1024 size 144 coarsen threshold 921 Card regions per heap region 1 cards per card region 8192
 CPUs: 12 total, 12 available
 Memory: 31913M
 Large Page Support: Disabled
 NUMA Support: Disabled
 Compressed Oops: Enabled (Zero based)
 Heap Region Size: 4M
 Heap Min Capacity: 8M
 Heap Initial Capacity: 500M
 Heap Max Capacity: 8G
 Pre-touch: Disabled
 Parallel Workers: 10
 Concurrent Workers: 3
 Concurrent Refinement Workers: 10
 Periodic GC: Disabled

Heap:
 garbage-first heap   total 3362816K, used 744564K [0x0000000600000000, 0x0000000800000000)
  region size 4096K, 15 young (61440K), 5 survivors (20480K)
 Metaspace       used 176252K, committed 179136K, reserved 1245184K
  class space    used 24318K, committed 25792K, reserved 1048576K

Heap Regions: E=young(eden), S=young(survivor), O=old, HS=humongous(starts), HC=humongous(continues), CS=collection set, F=free, TAMS=top-at-mark-start, PB=parsable bottom
|   0|0x0000000600000000, 0x0000000600400000, 0x0000000600400000|100%|HS|  |TAMS 0x0000000600000000| PB 0x0000000600000000| Complete 
|   1|0x0000000600400000, 0x0000000600800000, 0x0000000600800000|100%| O|  |TAMS 0x0000000600400000| PB 0x0000000600400000| Untracked 
|   2|0x0000000600800000, 0x0000000600ba0cb0, 0x0000000600c00000| 90%| O|  |TAMS 0x0000000600800000| PB 0x0000000600800000| Untracked 
|   3|0x0000000600c00000, 0x0000000601000000, 0x0000000601000000|100%| O|  |TAMS 0x0000000600c00000| PB 0x0000000600c00000| Untracked 
|   4|0x0000000601000000, 0x0000000601400000, 0x0000000601400000|100%| O|  |TAMS 0x0000000601000000| PB 0x0000000601000000| Untracked 
|   5|0x0000000601400000, 0x0000000601800000, 0x0000000601800000|100%| O|  |TAMS 0x0000000601400000| PB 0x0000000601400000| Untracked 
|   6|0x0000000601800000, 0x0000000601c00000, 0x0000000601c00000|100%| O|  |TAMS 0x0000000601800000| PB 0x0000000601800000| Untracked 
|   7|0x0000000601c00000, 0x0000000602000000, 0x0000000602000000|100%| O|  |TAMS 0x0000000601c00000| PB 0x0000000601c00000| Untracked 
|   8|0x0000000602000000, 0x0000000602400000, 0x0000000602400000|100%| O|  |TAMS 0x0000000602000000| PB 0x0000000602000000| Untracked 
|   9|0x0000000602400000, 0x0000000602800000, 0x0000000602800000|100%| O|  |TAMS 0x0000000602400000| PB 0x0000000602400000| Untracked 
|  10|0x0000000602800000, 0x0000000602c00000, 0x0000000602c00000|100%|HS|  |TAMS 0x0000000602800000| PB 0x0000000602800000| Complete 
|  11|0x0000000602c00000, 0x0000000603000000, 0x0000000603000000|100%| O|  |TAMS 0x0000000602c00000| PB 0x0000000602c00000| Untracked 
|  12|0x0000000603000000, 0x0000000603400000, 0x0000000603400000|100%|HS|  |TAMS 0x0000000603000000| PB 0x0000000603000000| Complete 
|  13|0x0000000603400000, 0x0000000603800000, 0x0000000603800000|100%| O|  |TAMS 0x0000000603400000| PB 0x0000000603400000| Untracked 
|  14|0x0000000603800000, 0x0000000603c00000, 0x0000000603c00000|100%| O|  |TAMS 0x0000000603800000| PB 0x0000000603800000| Untracked 
|  15|0x0000000603c00000, 0x0000000604000000, 0x0000000604000000|100%| O|  |TAMS 0x0000000603c00000| PB 0x0000000603c00000| Untracked 
|  16|0x0000000604000000, 0x0000000604400000, 0x0000000604400000|100%| O|  |TAMS 0x0000000604000000| PB 0x0000000604000000| Untracked 
|  17|0x0000000604400000, 0x0000000604800000, 0x0000000604800000|100%| O|  |TAMS 0x0000000604400000| PB 0x0000000604400000| Untracked 
|  18|0x0000000604800000, 0x0000000604c00000, 0x0000000604c00000|100%| O|  |TAMS 0x0000000604800000| PB 0x0000000604800000| Untracked 
|  19|0x0000000604c00000, 0x0000000605000000, 0x0000000605000000|100%| O|  |TAMS 0x0000000604c00000| PB 0x0000000604c00000| Untracked 
|  20|0x0000000605000000, 0x0000000605400000, 0x0000000605400000|100%| O|  |TAMS 0x0000000605000000| PB 0x0000000605000000| Untracked 
|  21|0x0000000605400000, 0x0000000605800000, 0x0000000605800000|100%| O|  |TAMS 0x0000000605400000| PB 0x0000000605400000| Untracked 
|  22|0x0000000605800000, 0x0000000605c00000, 0x0000000605c00000|100%| O|  |TAMS 0x0000000605800000| PB 0x0000000605800000| Untracked 
|  23|0x0000000605c00000, 0x0000000606000000, 0x0000000606000000|100%| O|  |TAMS 0x0000000605c00000| PB 0x0000000605c00000| Untracked 
|  24|0x0000000606000000, 0x0000000606400000, 0x0000000606400000|100%| O|  |TAMS 0x0000000606000000| PB 0x0000000606000000| Untracked 
|  25|0x0000000606400000, 0x0000000606800000, 0x0000000606800000|100%| O|  |TAMS 0x0000000606400000| PB 0x0000000606400000| Untracked 
|  26|0x0000000606800000, 0x0000000606c00000, 0x0000000606c00000|100%| O|  |TAMS 0x0000000606800000| PB 0x0000000606800000| Untracked 
|  27|0x0000000606c00000, 0x0000000607000000, 0x0000000607000000|100%| O|  |TAMS 0x0000000606c00000| PB 0x0000000606c00000| Untracked 
|  28|0x0000000607000000, 0x0000000607400000, 0x0000000607400000|100%| O|  |TAMS 0x0000000607000000| PB 0x0000000607000000| Untracked 
|  29|0x0000000607400000, 0x0000000607800000, 0x0000000607800000|100%| O|  |TAMS 0x0000000607400000| PB 0x0000000607400000| Untracked 
|  30|0x0000000607800000, 0x0000000607c00000, 0x0000000607c00000|100%| O|  |TAMS 0x0000000607800000| PB 0x0000000607800000| Untracked 
|  31|0x0000000607c00000, 0x0000000608000000, 0x0000000608000000|100%| O|  |TAMS 0x0000000607c00000| PB 0x0000000607c00000| Untracked 
|  32|0x0000000608000000, 0x0000000608400000, 0x0000000608400000|100%| O|  |TAMS 0x0000000608000000| PB 0x0000000608000000| Untracked 
|  33|0x0000000608400000, 0x0000000608800000, 0x0000000608800000|100%| O|  |TAMS 0x0000000608400000| PB 0x0000000608400000| Untracked 
|  34|0x0000000608800000, 0x0000000608c00000, 0x0000000608c00000|100%| O|  |TAMS 0x0000000608800000| PB 0x0000000608800000| Untracked 
|  35|0x0000000608c00000, 0x0000000609000000, 0x0000000609000000|100%| O|  |TAMS 0x0000000608c00000| PB 0x0000000608c00000| Untracked 
|  36|0x0000000609000000, 0x0000000609400000, 0x0000000609400000|100%| O|  |TAMS 0x0000000609000000| PB 0x0000000609000000| Untracked 
|  37|0x0000000609400000, 0x0000000609800000, 0x0000000609800000|100%| O|  |TAMS 0x0000000609400000| PB 0x0000000609400000| Untracked 
|  38|0x0000000609800000, 0x0000000609c00000, 0x0000000609c00000|100%| O|  |TAMS 0x0000000609800000| PB 0x0000000609800000| Untracked 
|  39|0x0000000609c00000, 0x000000060a000000, 0x000000060a000000|100%| O|  |TAMS 0x0000000609c00000| PB 0x0000000609c00000| Untracked 
|  40|0x000000060a000000, 0x000000060a400000, 0x000000060a400000|100%| O|  |TAMS 0x000000060a000000| PB 0x000000060a000000| Untracked 
|  41|0x000000060a400000, 0x000000060a800000, 0x000000060a800000|100%| O|  |TAMS 0x000000060a400000| PB 0x000000060a400000| Untracked 
|  42|0x000000060a800000, 0x000000060ac00000, 0x000000060ac00000|100%| O|  |TAMS 0x000000060a800000| PB 0x000000060a800000| Untracked 
|  43|0x000000060ac00000, 0x000000060b000000, 0x000000060b000000|100%| O|  |TAMS 0x000000060ac00000| PB 0x000000060ac00000| Untracked 
|  44|0x000000060b000000, 0x000000060b400000, 0x000000060b400000|100%| O|  |TAMS 0x000000060b000000| PB 0x000000060b000000| Untracked 
|  45|0x000000060b400000, 0x000000060b800000, 0x000000060b800000|100%| O|  |TAMS 0x000000060b400000| PB 0x000000060b400000| Untracked 
|  46|0x000000060b800000, 0x000000060bc00000, 0x000000060bc00000|100%| O|  |TAMS 0x000000060b800000| PB 0x000000060b800000| Untracked 
|  47|0x000000060bc00000, 0x000000060c000000, 0x000000060c000000|100%| O|  |TAMS 0x000000060bc00000| PB 0x000000060bc00000| Untracked 
|  48|0x000000060c000000, 0x000000060c400000, 0x000000060c400000|100%| O|  |TAMS 0x000000060c000000| PB 0x000000060c000000| Untracked 
|  49|0x000000060c400000, 0x000000060c800000, 0x000000060c800000|100%| O|  |TAMS 0x000000060c400000| PB 0x000000060c400000| Untracked 
|  50|0x000000060c800000, 0x000000060cc00000, 0x000000060cc00000|100%| O|  |TAMS 0x000000060c800000| PB 0x000000060c800000| Untracked 
|  51|0x000000060cc00000, 0x000000060d000000, 0x000000060d000000|100%| O|  |TAMS 0x000000060cc00000| PB 0x000000060cc00000| Untracked 
|  52|0x000000060d000000, 0x000000060d400000, 0x000000060d400000|100%| O|  |TAMS 0x000000060d000000| PB 0x000000060d000000| Untracked 
|  53|0x000000060d400000, 0x000000060d800000, 0x000000060d800000|100%| O|  |TAMS 0x000000060d400000| PB 0x000000060d400000| Untracked 
|  54|0x000000060d800000, 0x000000060dc00000, 0x000000060dc00000|100%| O|  |TAMS 0x000000060d800000| PB 0x000000060d800000| Untracked 
|  55|0x000000060dc00000, 0x000000060e000000, 0x000000060e000000|100%| O|  |TAMS 0x000000060dc00000| PB 0x000000060dc00000| Untracked 
|  56|0x000000060e000000, 0x000000060e400000, 0x000000060e400000|100%| O|  |TAMS 0x000000060e000000| PB 0x000000060e000000| Untracked 
|  57|0x000000060e400000, 0x000000060e800000, 0x000000060e800000|100%| O|  |TAMS 0x000000060e400000| PB 0x000000060e400000| Untracked 
|  58|0x000000060e800000, 0x000000060ec00000, 0x000000060ec00000|100%| O|  |TAMS 0x000000060e800000| PB 0x000000060e800000| Untracked 
|  59|0x000000060ec00000, 0x000000060f000000, 0x000000060f000000|100%| O|  |TAMS 0x000000060ec00000| PB 0x000000060ec00000| Untracked 
|  60|0x000000060f000000, 0x000000060f400000, 0x000000060f400000|100%| O|  |TAMS 0x000000060f000000| PB 0x000000060f000000| Untracked 
|  61|0x000000060f400000, 0x000000060f800000, 0x000000060f800000|100%| O|  |TAMS 0x000000060f400000| PB 0x000000060f400000| Untracked 
|  62|0x000000060f800000, 0x000000060fc00000, 0x000000060fc00000|100%| O|  |TAMS 0x000000060f800000| PB 0x000000060f800000| Untracked 
|  63|0x000000060fc00000, 0x0000000610000000, 0x0000000610000000|100%| O|  |TAMS 0x000000060fc00000| PB 0x000000060fc00000| Untracked 
|  64|0x0000000610000000, 0x0000000610400000, 0x0000000610400000|100%| O|  |TAMS 0x0000000610000000| PB 0x0000000610000000| Untracked 
|  65|0x0000000610400000, 0x0000000610800000, 0x0000000610800000|100%| O|  |TAMS 0x0000000610400000| PB 0x0000000610400000| Untracked 
|  66|0x0000000610800000, 0x0000000610c00000, 0x0000000610c00000|100%| O|  |TAMS 0x0000000610800000| PB 0x0000000610800000| Untracked 
|  67|0x0000000610c00000, 0x0000000611000000, 0x0000000611000000|100%| O|  |TAMS 0x0000000610c00000| PB 0x0000000610c00000| Untracked 
|  68|0x0000000611000000, 0x0000000611400000, 0x0000000611400000|100%| O|  |TAMS 0x0000000611000000| PB 0x0000000611000000| Untracked 
|  69|0x0000000611400000, 0x0000000611800000, 0x0000000611800000|100%| O|  |TAMS 0x0000000611400000| PB 0x0000000611400000| Untracked 
|  70|0x0000000611800000, 0x0000000611c00000, 0x0000000611c00000|100%| O|  |TAMS 0x0000000611800000| PB 0x0000000611800000| Untracked 
|  71|0x0000000611c00000, 0x0000000612000000, 0x0000000612000000|100%| O|  |TAMS 0x0000000611c00000| PB 0x0000000611c00000| Untracked 
|  72|0x0000000612000000, 0x0000000612400000, 0x0000000612400000|100%| O|  |TAMS 0x0000000612000000| PB 0x0000000612000000| Untracked 
|  73|0x0000000612400000, 0x0000000612800000, 0x0000000612800000|100%| O|  |TAMS 0x0000000612400000| PB 0x0000000612400000| Untracked 
|  74|0x0000000612800000, 0x0000000612c00000, 0x0000000612c00000|100%| O|  |TAMS 0x0000000612800000| PB 0x0000000612800000| Untracked 
|  75|0x0000000612c00000, 0x0000000613000000, 0x0000000613000000|100%| O|  |TAMS 0x0000000612c00000| PB 0x0000000612c00000| Untracked 
|  76|0x0000000613000000, 0x0000000613400000, 0x0000000613400000|100%| O|  |TAMS 0x0000000613000000| PB 0x0000000613000000| Untracked 
|  77|0x0000000613400000, 0x0000000613800000, 0x0000000613800000|100%| O|  |TAMS 0x0000000613400000| PB 0x0000000613400000| Untracked 
|  78|0x0000000613800000, 0x0000000613c00000, 0x0000000613c00000|100%| O|  |TAMS 0x0000000613800000| PB 0x0000000613800000| Untracked 
|  79|0x0000000613c00000, 0x0000000614000000, 0x0000000614000000|100%| O|  |TAMS 0x0000000613c00000| PB 0x0000000613c00000| Untracked 
|  80|0x0000000614000000, 0x0000000614400000, 0x0000000614400000|100%| O|  |TAMS 0x0000000614000000| PB 0x0000000614000000| Untracked 
|  81|0x0000000614400000, 0x0000000614800000, 0x0000000614800000|100%| O|  |TAMS 0x0000000614400000| PB 0x0000000614400000| Untracked 
|  82|0x0000000614800000, 0x0000000614c00000, 0x0000000614c00000|100%| O|  |TAMS 0x0000000614800000| PB 0x0000000614800000| Untracked 
|  83|0x0000000614c00000, 0x0000000615000000, 0x0000000615000000|100%| O|  |TAMS 0x0000000614c00000| PB 0x0000000614c00000| Untracked 
|  84|0x0000000615000000, 0x0000000615400000, 0x0000000615400000|100%| O|  |TAMS 0x0000000615000000| PB 0x0000000615000000| Untracked 
|  85|0x0000000615400000, 0x0000000615800000, 0x0000000615800000|100%| O|  |TAMS 0x0000000615400000| PB 0x0000000615400000| Untracked 
|  86|0x0000000615800000, 0x0000000615c00000, 0x0000000615c00000|100%| O|  |TAMS 0x0000000615800000| PB 0x0000000615800000| Untracked 
|  87|0x0000000615c00000, 0x0000000616000000, 0x0000000616000000|100%| O|  |TAMS 0x0000000615c00000| PB 0x0000000615c00000| Untracked 
|  88|0x0000000616000000, 0x0000000616400000, 0x0000000616400000|100%| O|  |TAMS 0x0000000616000000| PB 0x0000000616000000| Untracked 
|  89|0x0000000616400000, 0x0000000616800000, 0x0000000616800000|100%| O|  |TAMS 0x0000000616400000| PB 0x0000000616400000| Untracked 
|  90|0x0000000616800000, 0x0000000616c00000, 0x0000000616c00000|100%| O|  |TAMS 0x0000000616800000| PB 0x0000000616800000| Untracked 
|  91|0x0000000616c00000, 0x0000000617000000, 0x0000000617000000|100%| O|  |TAMS 0x0000000616c00000| PB 0x0000000616c00000| Untracked 
|  92|0x0000000617000000, 0x0000000617400000, 0x0000000617400000|100%| O|  |TAMS 0x0000000617000000| PB 0x0000000617000000| Untracked 
|  93|0x0000000617400000, 0x0000000617800000, 0x0000000617800000|100%| O|  |TAMS 0x0000000617400000| PB 0x0000000617400000| Untracked 
|  94|0x0000000617800000, 0x0000000617c00000, 0x0000000617c00000|100%| O|  |TAMS 0x0000000617800000| PB 0x0000000617800000| Untracked 
|  95|0x0000000617c00000, 0x0000000618000000, 0x0000000618000000|100%| O|  |TAMS 0x0000000617c00000| PB 0x0000000617c00000| Untracked 
|  96|0x0000000618000000, 0x0000000618400000, 0x0000000618400000|100%| O|  |TAMS 0x0000000618000000| PB 0x0000000618000000| Untracked 
|  97|0x0000000618400000, 0x0000000618800000, 0x0000000618800000|100%| O|  |TAMS 0x0000000618400000| PB 0x0000000618400000| Untracked 
|  98|0x0000000618800000, 0x0000000618c00000, 0x0000000618c00000|100%| O|  |TAMS 0x0000000618800000| PB 0x0000000618800000| Untracked 
|  99|0x0000000618c00000, 0x0000000619000000, 0x0000000619000000|100%| O|  |TAMS 0x0000000618c00000| PB 0x0000000618c00000| Untracked 
| 100|0x0000000619000000, 0x0000000619400000, 0x0000000619400000|100%| O|  |TAMS 0x0000000619000000| PB 0x0000000619000000| Untracked 
| 101|0x0000000619400000, 0x0000000619800000, 0x0000000619800000|100%| O|  |TAMS 0x0000000619400000| PB 0x0000000619400000| Untracked 
| 102|0x0000000619800000, 0x0000000619c00000, 0x0000000619c00000|100%| O|  |TAMS 0x0000000619800000| PB 0x0000000619800000| Untracked 
| 103|0x0000000619c00000, 0x000000061a000000, 0x000000061a000000|100%| O|  |TAMS 0x0000000619c00000| PB 0x0000000619c00000| Untracked 
| 104|0x000000061a000000, 0x000000061a400000, 0x000000061a400000|100%| O|  |TAMS 0x000000061a000000| PB 0x000000061a000000| Untracked 
| 105|0x000000061a400000, 0x000000061a800000, 0x000000061a800000|100%| O|  |TAMS 0x000000061a400000| PB 0x000000061a400000| Untracked 
| 106|0x000000061a800000, 0x000000061ac00000, 0x000000061ac00000|100%| O|  |TAMS 0x000000061a800000| PB 0x000000061a800000| Untracked 
| 107|0x000000061ac00000, 0x000000061b000000, 0x000000061b000000|100%| O|  |TAMS 0x000000061ac00000| PB 0x000000061ac00000| Untracked 
| 108|0x000000061b000000, 0x000000061b400000, 0x000000061b400000|100%| O|  |TAMS 0x000000061b000000| PB 0x000000061b000000| Untracked 
| 109|0x000000061b400000, 0x000000061b800000, 0x000000061b800000|100%| O|  |TAMS 0x000000061b400000| PB 0x000000061b400000| Untracked 
| 110|0x000000061b800000, 0x000000061bc00000, 0x000000061bc00000|100%| O|  |TAMS 0x000000061b800000| PB 0x000000061b800000| Untracked 
| 111|0x000000061bc00000, 0x000000061c000000, 0x000000061c000000|100%| O|  |TAMS 0x000000061bc00000| PB 0x000000061bc00000| Untracked 
| 112|0x000000061c000000, 0x000000061c400000, 0x000000061c400000|100%| O|  |TAMS 0x000000061c000000| PB 0x000000061c000000| Untracked 
| 113|0x000000061c400000, 0x000000061c800000, 0x000000061c800000|100%| O|  |TAMS 0x000000061c400000| PB 0x000000061c400000| Untracked 
| 114|0x000000061c800000, 0x000000061cc00000, 0x000000061cc00000|100%| O|  |TAMS 0x000000061c800000| PB 0x000000061c800000| Untracked 
| 115|0x000000061cc00000, 0x000000061d000000, 0x000000061d000000|100%| O|  |TAMS 0x000000061cc00000| PB 0x000000061cc00000| Untracked 
| 116|0x000000061d000000, 0x000000061d400000, 0x000000061d400000|100%| O|  |TAMS 0x000000061d000000| PB 0x000000061d000000| Untracked 
| 117|0x000000061d400000, 0x000000061d800000, 0x000000061d800000|100%| O|  |TAMS 0x000000061d400000| PB 0x000000061d400000| Untracked 
| 118|0x000000061d800000, 0x000000061dc00000, 0x000000061dc00000|100%| O|  |TAMS 0x000000061d800000| PB 0x000000061d800000| Untracked 
| 119|0x000000061dc00000, 0x000000061e000000, 0x000000061e000000|100%| O|  |TAMS 0x000000061dc00000| PB 0x000000061dc00000| Untracked 
| 120|0x000000061e000000, 0x000000061e400000, 0x000000061e400000|100%| O|  |TAMS 0x000000061e000000| PB 0x000000061e000000| Untracked 
| 121|0x000000061e400000, 0x000000061e800000, 0x000000061e800000|100%| O|  |TAMS 0x000000061e400000| PB 0x000000061e400000| Untracked 
| 122|0x000000061e800000, 0x000000061ec00000, 0x000000061ec00000|100%| O|  |TAMS 0x000000061e800000| PB 0x000000061e800000| Untracked 
| 123|0x000000061ec00000, 0x000000061f000000, 0x000000061f000000|100%| O|  |TAMS 0x000000061ec00000| PB 0x000000061ec00000| Untracked 
| 124|0x000000061f000000, 0x000000061f400000, 0x000000061f400000|100%| O|  |TAMS 0x000000061f000000| PB 0x000000061f000000| Untracked 
| 125|0x000000061f400000, 0x000000061f800000, 0x000000061f800000|100%| O|  |TAMS 0x000000061f400000| PB 0x000000061f400000| Untracked 
| 126|0x000000061f800000, 0x000000061fc00000, 0x000000061fc00000|100%| O|  |TAMS 0x000000061f800000| PB 0x000000061f800000| Untracked 
| 127|0x000000061fc00000, 0x0000000620000000, 0x0000000620000000|100%| O|  |TAMS 0x000000061fc00000| PB 0x000000061fc00000| Untracked 
| 128|0x0000000620000000, 0x0000000620400000, 0x0000000620400000|100%| O|  |TAMS 0x0000000620000000| PB 0x0000000620000000| Untracked 
| 129|0x0000000620400000, 0x0000000620800000, 0x0000000620800000|100%| O|  |TAMS 0x0000000620400000| PB 0x0000000620400000| Untracked 
| 130|0x0000000620800000, 0x0000000620c00000, 0x0000000620c00000|100%| O|  |TAMS 0x0000000620800000| PB 0x0000000620800000| Untracked 
| 131|0x0000000620c00000, 0x0000000621000000, 0x0000000621000000|100%| O|  |TAMS 0x0000000620c00000| PB 0x0000000620c00000| Untracked 
| 132|0x0000000621000000, 0x0000000621400000, 0x0000000621400000|100%| O|  |TAMS 0x0000000621000000| PB 0x0000000621000000| Untracked 
| 133|0x0000000621400000, 0x0000000621800000, 0x0000000621800000|100%| O|  |TAMS 0x0000000621400000| PB 0x0000000621400000| Untracked 
| 134|0x0000000621800000, 0x0000000621c00000, 0x0000000621c00000|100%| O|  |TAMS 0x0000000621800000| PB 0x0000000621800000| Untracked 
| 135|0x0000000621c00000, 0x0000000622000000, 0x0000000622000000|100%| O|  |TAMS 0x0000000621c00000| PB 0x0000000621c00000| Untracked 
| 136|0x0000000622000000, 0x0000000622400000, 0x0000000622400000|100%| O|  |TAMS 0x0000000622000000| PB 0x0000000622000000| Untracked 
| 137|0x0000000622400000, 0x0000000622800000, 0x0000000622800000|100%| O|  |TAMS 0x0000000622400000| PB 0x0000000622400000| Untracked 
| 138|0x0000000622800000, 0x0000000622c00000, 0x0000000622c00000|100%| O|  |TAMS 0x0000000622800000| PB 0x0000000622800000| Untracked 
| 139|0x0000000622c00000, 0x0000000623000000, 0x0000000623000000|100%| O|  |TAMS 0x0000000622c00000| PB 0x0000000622c00000| Untracked 
| 140|0x0000000623000000, 0x0000000623400000, 0x0000000623400000|100%| O|  |TAMS 0x0000000623000000| PB 0x0000000623000000| Untracked 
| 141|0x0000000623400000, 0x0000000623800000, 0x0000000623800000|100%| O|  |TAMS 0x0000000623400000| PB 0x0000000623400000| Untracked 
| 142|0x0000000623800000, 0x0000000623c00000, 0x0000000623c00000|100%| O|  |TAMS 0x0000000623800000| PB 0x0000000623800000| Untracked 
| 143|0x0000000623c00000, 0x0000000624000000, 0x0000000624000000|100%| O|  |TAMS 0x0000000623c00000| PB 0x0000000623c00000| Untracked 
| 144|0x0000000624000000, 0x0000000624400000, 0x0000000624400000|100%| O|  |TAMS 0x0000000624000000| PB 0x0000000624000000| Untracked 
| 145|0x0000000624400000, 0x0000000624800000, 0x0000000624800000|100%| O|  |TAMS 0x0000000624400000| PB 0x0000000624400000| Untracked 
| 146|0x0000000624800000, 0x0000000624c00000, 0x0000000624c00000|100%| O|  |TAMS 0x0000000624800000| PB 0x0000000624800000| Untracked 
| 147|0x0000000624c00000, 0x0000000625000000, 0x0000000625000000|100%| O|  |TAMS 0x0000000624c00000| PB 0x0000000624c00000| Untracked 
| 148|0x0000000625000000, 0x0000000625400000, 0x0000000625400000|100%| O|  |TAMS 0x0000000625000000| PB 0x0000000625000000| Untracked 
| 149|0x0000000625400000, 0x0000000625800000, 0x0000000625800000|100%| O|  |TAMS 0x0000000625400000| PB 0x0000000625400000| Untracked 
| 150|0x0000000625800000, 0x0000000625c00000, 0x0000000625c00000|100%| O|  |TAMS 0x0000000625800000| PB 0x0000000625800000| Untracked 
| 151|0x0000000625c00000, 0x0000000626000000, 0x0000000626000000|100%| O|  |TAMS 0x0000000625c00000| PB 0x0000000625c00000| Untracked 
| 152|0x0000000626000000, 0x0000000626400000, 0x0000000626400000|100%| O|  |TAMS 0x0000000626000000| PB 0x0000000626000000| Untracked 
| 153|0x0000000626400000, 0x0000000626800000, 0x0000000626800000|100%| O|  |TAMS 0x0000000626400000| PB 0x0000000626400000| Untracked 
| 154|0x0000000626800000, 0x0000000626c00000, 0x0000000626c00000|100%| O|  |TAMS 0x0000000626800000| PB 0x0000000626800000| Untracked 
| 155|0x0000000626c00000, 0x0000000627000000, 0x0000000627000000|100%| O|  |TAMS 0x0000000626c00000| PB 0x0000000626c00000| Untracked 
| 156|0x0000000627000000, 0x0000000627400000, 0x0000000627400000|100%| O|  |TAMS 0x0000000627000000| PB 0x0000000627000000| Untracked 
| 157|0x0000000627400000, 0x0000000627800000, 0x0000000627800000|100%| O|  |TAMS 0x0000000627400000| PB 0x0000000627400000| Untracked 
| 158|0x0000000627800000, 0x0000000627c00000, 0x0000000627c00000|100%| O|  |TAMS 0x0000000627800000| PB 0x0000000627800000| Untracked 
| 159|0x0000000627c00000, 0x0000000628000000, 0x0000000628000000|100%| O|  |TAMS 0x0000000627c00000| PB 0x0000000627c00000| Untracked 
| 160|0x0000000628000000, 0x0000000628400000, 0x0000000628400000|100%| O|  |TAMS 0x0000000628000000| PB 0x0000000628000000| Untracked 
| 161|0x0000000628400000, 0x0000000628800000, 0x0000000628800000|100%| O|  |TAMS 0x0000000628400000| PB 0x0000000628400000| Untracked 
| 162|0x0000000628800000, 0x0000000628c00000, 0x0000000628c00000|100%| O|  |TAMS 0x0000000628800000| PB 0x0000000628800000| Untracked 
| 163|0x0000000628c00000, 0x0000000628f56980, 0x0000000629000000| 83%| O|  |TAMS 0x0000000628c00000| PB 0x0000000628c00000| Untracked 
| 164|0x0000000629000000, 0x0000000629000000, 0x0000000629400000|  0%| F|  |TAMS 0x0000000629000000| PB 0x0000000629000000| Untracked 
| 165|0x0000000629400000, 0x0000000629400000, 0x0000000629800000|  0%| F|  |TAMS 0x0000000629400000| PB 0x0000000629400000| Untracked 
| 166|0x0000000629800000, 0x0000000629800000, 0x0000000629c00000|  0%| F|  |TAMS 0x0000000629800000| PB 0x0000000629800000| Untracked 
| 167|0x0000000629c00000, 0x0000000629c00000, 0x000000062a000000|  0%| F|  |TAMS 0x0000000629c00000| PB 0x0000000629c00000| Untracked 
| 168|0x000000062a000000, 0x000000062a000000, 0x000000062a400000|  0%| F|  |TAMS 0x000000062a000000| PB 0x000000062a000000| Untracked 
| 169|0x000000062a400000, 0x000000062a400000, 0x000000062a800000|  0%| F|  |TAMS 0x000000062a400000| PB 0x000000062a400000| Untracked 
| 170|0x000000062a800000, 0x000000062a800000, 0x000000062ac00000|  0%| F|  |TAMS 0x000000062a800000| PB 0x000000062a800000| Untracked 
| 171|0x000000062ac00000, 0x000000062ac00000, 0x000000062b000000|  0%| F|  |TAMS 0x000000062ac00000| PB 0x000000062ac00000| Untracked 
| 172|0x000000062b000000, 0x000000062b000000, 0x000000062b400000|  0%| F|  |TAMS 0x000000062b000000| PB 0x000000062b000000| Untracked 
| 173|0x000000062b400000, 0x000000062b400000, 0x000000062b800000|  0%| F|  |TAMS 0x000000062b400000| PB 0x000000062b400000| Untracked 
| 174|0x000000062b800000, 0x000000062b800000, 0x000000062bc00000|  0%| F|  |TAMS 0x000000062b800000| PB 0x000000062b800000| Untracked 
| 175|0x000000062bc00000, 0x000000062bc00000, 0x000000062c000000|  0%| F|  |TAMS 0x000000062bc00000| PB 0x000000062bc00000| Untracked 
| 176|0x000000062c000000, 0x000000062c000000, 0x000000062c400000|  0%| F|  |TAMS 0x000000062c000000| PB 0x000000062c000000| Untracked 
| 177|0x000000062c400000, 0x000000062c400000, 0x000000062c800000|  0%| F|  |TAMS 0x000000062c400000| PB 0x000000062c400000| Untracked 
| 178|0x000000062c800000, 0x000000062c800000, 0x000000062cc00000|  0%| F|  |TAMS 0x000000062c800000| PB 0x000000062c800000| Untracked 
| 179|0x000000062cc00000, 0x000000062d000000, 0x000000062d000000|100%| E|CS|TAMS 0x000000062cc00000| PB 0x000000062cc00000| Complete 
| 180|0x000000062d000000, 0x000000062d400000, 0x000000062d400000|100%| E|CS|TAMS 0x000000062d000000| PB 0x000000062d000000| Complete 
| 181|0x000000062d400000, 0x000000062d800000, 0x000000062d800000|100%| E|CS|TAMS 0x000000062d400000| PB 0x000000062d400000| Complete 
| 182|0x000000062d800000, 0x000000062dc00000, 0x000000062dc00000|100%| E|CS|TAMS 0x000000062d800000| PB 0x000000062d800000| Complete 
| 183|0x000000062dc00000, 0x000000062e000000, 0x000000062e000000|100%| E|CS|TAMS 0x000000062dc00000| PB 0x000000062dc00000| Complete 
| 184|0x000000062e000000, 0x000000062e400000, 0x000000062e400000|100%| E|CS|TAMS 0x000000062e000000| PB 0x000000062e000000| Complete 
| 185|0x000000062e400000, 0x000000062e800000, 0x000000062e800000|100%| E|CS|TAMS 0x000000062e400000| PB 0x000000062e400000| Complete 
| 186|0x000000062e800000, 0x000000062ec00000, 0x000000062ec00000|100%| E|CS|TAMS 0x000000062e800000| PB 0x000000062e800000| Complete 
| 187|0x000000062ec00000, 0x000000062f000000, 0x000000062f000000|100%| E|CS|TAMS 0x000000062ec00000| PB 0x000000062ec00000| Complete 
| 188|0x000000062f000000, 0x000000062f400000, 0x000000062f400000|100%| E|CS|TAMS 0x000000062f000000| PB 0x000000062f000000| Complete 
| 189|0x000000062f400000, 0x000000062f800000, 0x000000062f800000|100%| E|CS|TAMS 0x000000062f400000| PB 0x000000062f400000| Complete 
| 190|0x000000062f800000, 0x000000062fc00000, 0x000000062fc00000|100%| E|CS|TAMS 0x000000062f800000| PB 0x000000062f800000| Complete 
| 191|0x000000062fc00000, 0x0000000630000000, 0x0000000630000000|100%| E|CS|TAMS 0x000000062fc00000| PB 0x000000062fc00000| Complete 
| 192|0x0000000630000000, 0x0000000630400000, 0x0000000630400000|100%| E|CS|TAMS 0x0000000630000000| PB 0x0000000630000000| Complete 
| 193|0x0000000630400000, 0x0000000630800000, 0x0000000630800000|100%| E|CS|TAMS 0x0000000630400000| PB 0x0000000630400000| Complete 
| 194|0x0000000630800000, 0x0000000630c00000, 0x0000000630c00000|100%| E|CS|TAMS 0x0000000630800000| PB 0x0000000630800000| Complete 
| 195|0x0000000630c00000, 0x0000000631000000, 0x0000000631000000|100%| E|CS|TAMS 0x0000000630c00000| PB 0x0000000630c00000| Complete 
| 196|0x0000000631000000, 0x0000000631400000, 0x0000000631400000|100%| E|CS|TAMS 0x0000000631000000| PB 0x0000000631000000| Complete 
| 197|0x0000000631400000, 0x0000000631800000, 0x0000000631800000|100%| E|CS|TAMS 0x0000000631400000| PB 0x0000000631400000| Complete 
| 198|0x0000000631800000, 0x0000000631c00000, 0x0000000631c00000|100%| E|CS|TAMS 0x0000000631800000| PB 0x0000000631800000| Complete 
| 199|0x0000000631c00000, 0x0000000632000000, 0x0000000632000000|100%| E|CS|TAMS 0x0000000631c00000| PB 0x0000000631c00000| Complete 
| 200|0x0000000632000000, 0x0000000632400000, 0x0000000632400000|100%| E|CS|TAMS 0x0000000632000000| PB 0x0000000632000000| Complete 
| 201|0x0000000632400000, 0x0000000632800000, 0x0000000632800000|100%| E|CS|TAMS 0x0000000632400000| PB 0x0000000632400000| Complete 
| 202|0x0000000632800000, 0x0000000632c00000, 0x0000000632c00000|100%| E|CS|TAMS 0x0000000632800000| PB 0x0000000632800000| Complete 
| 203|0x0000000632c00000, 0x0000000633000000, 0x0000000633000000|100%| E|CS|TAMS 0x0000000632c00000| PB 0x0000000632c00000| Complete 
| 204|0x0000000633000000, 0x0000000633400000, 0x0000000633400000|100%| E|CS|TAMS 0x0000000633000000| PB 0x0000000633000000| Complete 
| 205|0x0000000633400000, 0x0000000633800000, 0x0000000633800000|100%| E|CS|TAMS 0x0000000633400000| PB 0x0000000633400000| Complete 
| 206|0x0000000633800000, 0x0000000633c00000, 0x0000000633c00000|100%| E|CS|TAMS 0x0000000633800000| PB 0x0000000633800000| Complete 
| 207|0x0000000633c00000, 0x0000000634000000, 0x0000000634000000|100%| E|CS|TAMS 0x0000000633c00000| PB 0x0000000633c00000| Complete 
| 208|0x0000000634000000, 0x0000000634000000, 0x0000000634400000|  0%| F|  |TAMS 0x0000000634000000| PB 0x0000000634000000| Untracked 
| 209|0x0000000634400000, 0x0000000634400000, 0x0000000634800000|  0%| F|  |TAMS 0x0000000634400000| PB 0x0000000634400000| Untracked 
| 210|0x0000000634800000, 0x0000000634800000, 0x0000000634c00000|  0%| F|  |TAMS 0x0000000634800000| PB 0x0000000634800000| Untracked 
| 211|0x0000000634c00000, 0x0000000634c00000, 0x0000000635000000|  0%| F|  |TAMS 0x0000000634c00000| PB 0x0000000634c00000| Untracked 
| 212|0x0000000635000000, 0x0000000635000000, 0x0000000635400000|  0%| F|  |TAMS 0x0000000635000000| PB 0x0000000635000000| Untracked 
| 213|0x0000000635400000, 0x0000000635400000, 0x0000000635800000|  0%| F|  |TAMS 0x0000000635400000| PB 0x0000000635400000| Untracked 
| 214|0x0000000635800000, 0x0000000635800000, 0x0000000635c00000|  0%| F|  |TAMS 0x0000000635800000| PB 0x0000000635800000| Untracked 
| 215|0x0000000635c00000, 0x0000000635c00000, 0x0000000636000000|  0%| F|  |TAMS 0x0000000635c00000| PB 0x0000000635c00000| Untracked 
| 216|0x0000000636000000, 0x0000000636000000, 0x0000000636400000|  0%| F|  |TAMS 0x0000000636000000| PB 0x0000000636000000| Untracked 
| 217|0x0000000636400000, 0x0000000636400000, 0x0000000636800000|  0%| F|  |TAMS 0x0000000636400000| PB 0x0000000636400000| Untracked 
| 218|0x0000000636800000, 0x0000000636800000, 0x0000000636c00000|  0%| F|  |TAMS 0x0000000636800000| PB 0x0000000636800000| Untracked 
| 219|0x0000000636c00000, 0x0000000636c00000, 0x0000000637000000|  0%| F|  |TAMS 0x0000000636c00000| PB 0x0000000636c00000| Untracked 
| 220|0x0000000637000000, 0x0000000637000000, 0x0000000637400000|  0%| F|  |TAMS 0x0000000637000000| PB 0x0000000637000000| Untracked 
| 221|0x0000000637400000, 0x0000000637400000, 0x0000000637800000|  0%| F|  |TAMS 0x0000000637400000| PB 0x0000000637400000| Untracked 
| 222|0x0000000637800000, 0x0000000637800000, 0x0000000637c00000|  0%| F|  |TAMS 0x0000000637800000| PB 0x0000000637800000| Untracked 
| 223|0x0000000637c00000, 0x0000000637c00000, 0x0000000638000000|  0%| F|  |TAMS 0x0000000637c00000| PB 0x0000000637c00000| Untracked 
| 224|0x0000000638000000, 0x0000000638000000, 0x0000000638400000|  0%| F|  |TAMS 0x0000000638000000| PB 0x0000000638000000| Untracked 
| 225|0x0000000638400000, 0x0000000638400000, 0x0000000638800000|  0%| F|  |TAMS 0x0000000638400000| PB 0x0000000638400000| Untracked 
| 226|0x0000000638800000, 0x0000000638c00000, 0x0000000638c00000|100%| E|CS|TAMS 0x0000000638800000| PB 0x0000000638800000| Complete 
| 227|0x0000000638c00000, 0x0000000639000000, 0x0000000639000000|100%| E|CS|TAMS 0x0000000638c00000| PB 0x0000000638c00000| Complete 
| 228|0x0000000639000000, 0x0000000639000000, 0x0000000639400000|  0%| F|  |TAMS 0x0000000639000000| PB 0x0000000639000000| Untracked 
| 229|0x0000000639400000, 0x0000000639400000, 0x0000000639800000|  0%| F|  |TAMS 0x0000000639400000| PB 0x0000000639400000| Untracked 
| 230|0x0000000639800000, 0x0000000639800000, 0x0000000639c00000|  0%| F|  |TAMS 0x0000000639800000| PB 0x0000000639800000| Untracked 
| 231|0x0000000639c00000, 0x0000000639c00000, 0x000000063a000000|  0%| F|  |TAMS 0x0000000639c00000| PB 0x0000000639c00000| Untracked 
| 232|0x000000063a000000, 0x000000063a000000, 0x000000063a400000|  0%| F|  |TAMS 0x000000063a000000| PB 0x000000063a000000| Untracked 
| 233|0x000000063a400000, 0x000000063a400000, 0x000000063a800000|  0%| F|  |TAMS 0x000000063a400000| PB 0x000000063a400000| Untracked 
| 234|0x000000063a800000, 0x000000063a800000, 0x000000063ac00000|  0%| F|  |TAMS 0x000000063a800000| PB 0x000000063a800000| Untracked 
| 235|0x000000063ac00000, 0x000000063ac00000, 0x000000063b000000|  0%| F|  |TAMS 0x000000063ac00000| PB 0x000000063ac00000| Untracked 
| 236|0x000000063b000000, 0x000000063b000000, 0x000000063b400000|  0%| F|  |TAMS 0x000000063b000000| PB 0x000000063b000000| Untracked 
| 237|0x000000063b400000, 0x000000063b400000, 0x000000063b800000|  0%| F|  |TAMS 0x000000063b400000| PB 0x000000063b400000| Untracked 
| 238|0x000000063b800000, 0x000000063b800000, 0x000000063bc00000|  0%| F|  |TAMS 0x000000063b800000| PB 0x000000063b800000| Untracked 
| 239|0x000000063bc00000, 0x000000063bc00000, 0x000000063c000000|  0%| F|  |TAMS 0x000000063bc00000| PB 0x000000063bc00000| Untracked 
| 240|0x000000063c000000, 0x000000063c000000, 0x000000063c400000|  0%| F|  |TAMS 0x000000063c000000| PB 0x000000063c000000| Untracked 
| 241|0x000000063c400000, 0x000000063c400000, 0x000000063c800000|  0%| F|  |TAMS 0x000000063c400000| PB 0x000000063c400000| Untracked 
| 242|0x000000063c800000, 0x000000063c800000, 0x000000063cc00000|  0%| F|  |TAMS 0x000000063c800000| PB 0x000000063c800000| Untracked 
| 243|0x000000063cc00000, 0x000000063cc00000, 0x000000063d000000|  0%| F|  |TAMS 0x000000063cc00000| PB 0x000000063cc00000| Untracked 
| 244|0x000000063d000000, 0x000000063d000000, 0x000000063d400000|  0%| F|  |TAMS 0x000000063d000000| PB 0x000000063d000000| Untracked 
| 245|0x000000063d400000, 0x000000063d400000, 0x000000063d800000|  0%| F|  |TAMS 0x000000063d400000| PB 0x000000063d400000| Untracked 
| 246|0x000000063d800000, 0x000000063d800000, 0x000000063dc00000|  0%| F|  |TAMS 0x000000063d800000| PB 0x000000063d800000| Untracked 
| 247|0x000000063dc00000, 0x000000063dc00000, 0x000000063e000000|  0%| F|  |TAMS 0x000000063dc00000| PB 0x000000063dc00000| Untracked 
| 248|0x000000063e000000, 0x000000063e000000, 0x000000063e400000|  0%| F|  |TAMS 0x000000063e000000| PB 0x000000063e000000| Untracked 
| 249|0x000000063e400000, 0x000000063e400000, 0x000000063e800000|  0%| F|  |TAMS 0x000000063e400000| PB 0x000000063e400000| Untracked 
| 250|0x000000063e800000, 0x000000063e800000, 0x000000063ec00000|  0%| F|  |TAMS 0x000000063e800000| PB 0x000000063e800000| Untracked 
| 251|0x000000063ec00000, 0x000000063ec00000, 0x000000063f000000|  0%| F|  |TAMS 0x000000063ec00000| PB 0x000000063ec00000| Untracked 
| 252|0x000000063f000000, 0x000000063f000000, 0x000000063f400000|  0%| F|  |TAMS 0x000000063f000000| PB 0x000000063f000000| Untracked 
| 253|0x000000063f400000, 0x000000063f400000, 0x000000063f800000|  0%| F|  |TAMS 0x000000063f400000| PB 0x000000063f400000| Untracked 
| 254|0x000000063f800000, 0x000000063f800000, 0x000000063fc00000|  0%| F|  |TAMS 0x000000063f800000| PB 0x000000063f800000| Untracked 
| 255|0x000000063fc00000, 0x000000063fc00000, 0x0000000640000000|  0%| F|  |TAMS 0x000000063fc00000| PB 0x000000063fc00000| Untracked 
| 256|0x0000000640000000, 0x0000000640000000, 0x0000000640400000|  0%| F|  |TAMS 0x0000000640000000| PB 0x0000000640000000| Untracked 
| 257|0x0000000640400000, 0x0000000640400000, 0x0000000640800000|  0%| F|  |TAMS 0x0000000640400000| PB 0x0000000640400000| Untracked 
| 258|0x0000000640800000, 0x0000000640800000, 0x0000000640c00000|  0%| F|  |TAMS 0x0000000640800000| PB 0x0000000640800000| Untracked 
| 259|0x0000000640c00000, 0x0000000640c00000, 0x0000000641000000|  0%| F|  |TAMS 0x0000000640c00000| PB 0x0000000640c00000| Untracked 
| 260|0x0000000641000000, 0x0000000641000000, 0x0000000641400000|  0%| F|  |TAMS 0x0000000641000000| PB 0x0000000641000000| Untracked 
| 261|0x0000000641400000, 0x0000000641400000, 0x0000000641800000|  0%| F|  |TAMS 0x0000000641400000| PB 0x0000000641400000| Untracked 
| 262|0x0000000641800000, 0x0000000641800000, 0x0000000641c00000|  0%| F|  |TAMS 0x0000000641800000| PB 0x0000000641800000| Untracked 
| 263|0x0000000641c00000, 0x0000000641c00000, 0x0000000642000000|  0%| F|  |TAMS 0x0000000641c00000| PB 0x0000000641c00000| Untracked 
| 264|0x0000000642000000, 0x0000000642000000, 0x0000000642400000|  0%| F|  |TAMS 0x0000000642000000| PB 0x0000000642000000| Untracked 
| 265|0x0000000642400000, 0x0000000642400000, 0x0000000642800000|  0%| F|  |TAMS 0x0000000642400000| PB 0x0000000642400000| Untracked 
| 266|0x0000000642800000, 0x0000000642800000, 0x0000000642c00000|  0%| F|  |TAMS 0x0000000642800000| PB 0x0000000642800000| Untracked 
| 267|0x0000000642c00000, 0x0000000642c00000, 0x0000000643000000|  0%| F|  |TAMS 0x0000000642c00000| PB 0x0000000642c00000| Untracked 
| 268|0x0000000643000000, 0x0000000643000000, 0x0000000643400000|  0%| F|  |TAMS 0x0000000643000000| PB 0x0000000643000000| Untracked 
| 269|0x0000000643400000, 0x0000000643400000, 0x0000000643800000|  0%| F|  |TAMS 0x0000000643400000| PB 0x0000000643400000| Untracked 
| 270|0x0000000643800000, 0x0000000643800000, 0x0000000643c00000|  0%| F|  |TAMS 0x0000000643800000| PB 0x0000000643800000| Untracked 
| 271|0x0000000643c00000, 0x0000000643c00000, 0x0000000644000000|  0%| F|  |TAMS 0x0000000643c00000| PB 0x0000000643c00000| Untracked 
| 272|0x0000000644000000, 0x0000000644000000, 0x0000000644400000|  0%| F|  |TAMS 0x0000000644000000| PB 0x0000000644000000| Untracked 
| 273|0x0000000644400000, 0x0000000644400000, 0x0000000644800000|  0%| F|  |TAMS 0x0000000644400000| PB 0x0000000644400000| Untracked 
| 274|0x0000000644800000, 0x0000000644800000, 0x0000000644c00000|  0%| F|  |TAMS 0x0000000644800000| PB 0x0000000644800000| Untracked 
| 275|0x0000000644c00000, 0x0000000644c00000, 0x0000000645000000|  0%| F|  |TAMS 0x0000000644c00000| PB 0x0000000644c00000| Untracked 
| 276|0x0000000645000000, 0x0000000645000000, 0x0000000645400000|  0%| F|  |TAMS 0x0000000645000000| PB 0x0000000645000000| Untracked 
| 277|0x0000000645400000, 0x0000000645400000, 0x0000000645800000|  0%| F|  |TAMS 0x0000000645400000| PB 0x0000000645400000| Untracked 
| 278|0x0000000645800000, 0x0000000645800000, 0x0000000645c00000|  0%| F|  |TAMS 0x0000000645800000| PB 0x0000000645800000| Untracked 
| 279|0x0000000645c00000, 0x0000000645c00000, 0x0000000646000000|  0%| F|  |TAMS 0x0000000645c00000| PB 0x0000000645c00000| Untracked 
| 280|0x0000000646000000, 0x0000000646000000, 0x0000000646400000|  0%| F|  |TAMS 0x0000000646000000| PB 0x0000000646000000| Untracked 
| 281|0x0000000646400000, 0x0000000646400000, 0x0000000646800000|  0%| F|  |TAMS 0x0000000646400000| PB 0x0000000646400000| Untracked 
| 282|0x0000000646800000, 0x0000000646800000, 0x0000000646c00000|  0%| F|  |TAMS 0x0000000646800000| PB 0x0000000646800000| Untracked 
| 283|0x0000000646c00000, 0x0000000646c00000, 0x0000000647000000|  0%| F|  |TAMS 0x0000000646c00000| PB 0x0000000646c00000| Untracked 
| 284|0x0000000647000000, 0x0000000647000000, 0x0000000647400000|  0%| F|  |TAMS 0x0000000647000000| PB 0x0000000647000000| Untracked 
| 285|0x0000000647400000, 0x0000000647400000, 0x0000000647800000|  0%| F|  |TAMS 0x0000000647400000| PB 0x0000000647400000| Untracked 
| 286|0x0000000647800000, 0x0000000647800000, 0x0000000647c00000|  0%| F|  |TAMS 0x0000000647800000| PB 0x0000000647800000| Untracked 
| 287|0x0000000647c00000, 0x0000000647c00000, 0x0000000648000000|  0%| F|  |TAMS 0x0000000647c00000| PB 0x0000000647c00000| Untracked 
| 288|0x0000000648000000, 0x0000000648000000, 0x0000000648400000|  0%| F|  |TAMS 0x0000000648000000| PB 0x0000000648000000| Untracked 
| 289|0x0000000648400000, 0x0000000648400000, 0x0000000648800000|  0%| F|  |TAMS 0x0000000648400000| PB 0x0000000648400000| Untracked 
| 290|0x0000000648800000, 0x0000000648800000, 0x0000000648c00000|  0%| F|  |TAMS 0x0000000648800000| PB 0x0000000648800000| Untracked 
| 291|0x0000000648c00000, 0x0000000648c00000, 0x0000000649000000|  0%| F|  |TAMS 0x0000000648c00000| PB 0x0000000648c00000| Untracked 
| 292|0x0000000649000000, 0x0000000649000000, 0x0000000649400000|  0%| F|  |TAMS 0x0000000649000000| PB 0x0000000649000000| Untracked 
| 293|0x0000000649400000, 0x0000000649400000, 0x0000000649800000|  0%| F|  |TAMS 0x0000000649400000| PB 0x0000000649400000| Untracked 
| 294|0x0000000649800000, 0x0000000649800000, 0x0000000649c00000|  0%| F|  |TAMS 0x0000000649800000| PB 0x0000000649800000| Untracked 
| 295|0x0000000649c00000, 0x0000000649c00000, 0x000000064a000000|  0%| F|  |TAMS 0x0000000649c00000| PB 0x0000000649c00000| Untracked 
| 296|0x000000064a000000, 0x000000064a000000, 0x000000064a400000|  0%| F|  |TAMS 0x000000064a000000| PB 0x000000064a000000| Untracked 
| 297|0x000000064a400000, 0x000000064a400000, 0x000000064a800000|  0%| F|  |TAMS 0x000000064a400000| PB 0x000000064a400000| Untracked 
| 298|0x000000064a800000, 0x000000064a800000, 0x000000064ac00000|  0%| F|  |TAMS 0x000000064a800000| PB 0x000000064a800000| Untracked 
| 299|0x000000064ac00000, 0x000000064ac00000, 0x000000064b000000|  0%| F|  |TAMS 0x000000064ac00000| PB 0x000000064ac00000| Untracked 
| 300|0x000000064b000000, 0x000000064b000000, 0x000000064b400000|  0%| F|  |TAMS 0x000000064b000000| PB 0x000000064b000000| Untracked 
| 301|0x000000064b400000, 0x000000064b400000, 0x000000064b800000|  0%| F|  |TAMS 0x000000064b400000| PB 0x000000064b400000| Untracked 
| 302|0x000000064b800000, 0x000000064b800000, 0x000000064bc00000|  0%| F|  |TAMS 0x000000064b800000| PB 0x000000064b800000| Untracked 
| 303|0x000000064bc00000, 0x000000064bc00000, 0x000000064c000000|  0%| F|  |TAMS 0x000000064bc00000| PB 0x000000064bc00000| Untracked 
| 304|0x000000064c000000, 0x000000064c000000, 0x000000064c400000|  0%| F|  |TAMS 0x000000064c000000| PB 0x000000064c000000| Untracked 
| 305|0x000000064c400000, 0x000000064c400000, 0x000000064c800000|  0%| F|  |TAMS 0x000000064c400000| PB 0x000000064c400000| Untracked 
| 306|0x000000064c800000, 0x000000064c800000, 0x000000064cc00000|  0%| F|  |TAMS 0x000000064c800000| PB 0x000000064c800000| Untracked 
| 307|0x000000064cc00000, 0x000000064cc00000, 0x000000064d000000|  0%| F|  |TAMS 0x000000064cc00000| PB 0x000000064cc00000| Untracked 
| 308|0x000000064d000000, 0x000000064d000000, 0x000000064d400000|  0%| F|  |TAMS 0x000000064d000000| PB 0x000000064d000000| Untracked 
| 309|0x000000064d400000, 0x000000064d400000, 0x000000064d800000|  0%| F|  |TAMS 0x000000064d400000| PB 0x000000064d400000| Untracked 
| 310|0x000000064d800000, 0x000000064d800000, 0x000000064dc00000|  0%| F|  |TAMS 0x000000064d800000| PB 0x000000064d800000| Untracked 
| 311|0x000000064dc00000, 0x000000064dc00000, 0x000000064e000000|  0%| F|  |TAMS 0x000000064dc00000| PB 0x000000064dc00000| Untracked 
| 312|0x000000064e000000, 0x000000064e000000, 0x000000064e400000|  0%| F|  |TAMS 0x000000064e000000| PB 0x000000064e000000| Untracked 
| 313|0x000000064e400000, 0x000000064e400000, 0x000000064e800000|  0%| F|  |TAMS 0x000000064e400000| PB 0x000000064e400000| Untracked 
| 314|0x000000064e800000, 0x000000064e800000, 0x000000064ec00000|  0%| F|  |TAMS 0x000000064e800000| PB 0x000000064e800000| Untracked 
| 315|0x000000064ec00000, 0x000000064ec00000, 0x000000064f000000|  0%| F|  |TAMS 0x000000064ec00000| PB 0x000000064ec00000| Untracked 
| 316|0x000000064f000000, 0x000000064f000000, 0x000000064f400000|  0%| F|  |TAMS 0x000000064f000000| PB 0x000000064f000000| Untracked 
| 317|0x000000064f400000, 0x000000064f400000, 0x000000064f800000|  0%| F|  |TAMS 0x000000064f400000| PB 0x000000064f400000| Untracked 
| 318|0x000000064f800000, 0x000000064f800000, 0x000000064fc00000|  0%| F|  |TAMS 0x000000064f800000| PB 0x000000064f800000| Untracked 
| 319|0x000000064fc00000, 0x000000064fc00000, 0x0000000650000000|  0%| F|  |TAMS 0x000000064fc00000| PB 0x000000064fc00000| Untracked 
| 320|0x0000000650000000, 0x0000000650000000, 0x0000000650400000|  0%| F|  |TAMS 0x0000000650000000| PB 0x0000000650000000| Untracked 
| 321|0x0000000650400000, 0x0000000650400000, 0x0000000650800000|  0%| F|  |TAMS 0x0000000650400000| PB 0x0000000650400000| Untracked 
| 322|0x0000000650800000, 0x0000000650800000, 0x0000000650c00000|  0%| F|  |TAMS 0x0000000650800000| PB 0x0000000650800000| Untracked 
| 323|0x0000000650c00000, 0x0000000650c00000, 0x0000000651000000|  0%| F|  |TAMS 0x0000000650c00000| PB 0x0000000650c00000| Untracked 
| 324|0x0000000651000000, 0x0000000651000000, 0x0000000651400000|  0%| F|  |TAMS 0x0000000651000000| PB 0x0000000651000000| Untracked 
| 325|0x0000000651400000, 0x0000000651400000, 0x0000000651800000|  0%| F|  |TAMS 0x0000000651400000| PB 0x0000000651400000| Untracked 
| 326|0x0000000651800000, 0x0000000651800000, 0x0000000651c00000|  0%| F|  |TAMS 0x0000000651800000| PB 0x0000000651800000| Untracked 
| 327|0x0000000651c00000, 0x0000000651c00000, 0x0000000652000000|  0%| F|  |TAMS 0x0000000651c00000| PB 0x0000000651c00000| Untracked 
| 328|0x0000000652000000, 0x0000000652000000, 0x0000000652400000|  0%| F|  |TAMS 0x0000000652000000| PB 0x0000000652000000| Untracked 
| 329|0x0000000652400000, 0x0000000652400000, 0x0000000652800000|  0%| F|  |TAMS 0x0000000652400000| PB 0x0000000652400000| Untracked 
| 330|0x0000000652800000, 0x0000000652800000, 0x0000000652c00000|  0%| F|  |TAMS 0x0000000652800000| PB 0x0000000652800000| Untracked 
| 331|0x0000000652c00000, 0x0000000652c00000, 0x0000000653000000|  0%| F|  |TAMS 0x0000000652c00000| PB 0x0000000652c00000| Untracked 
| 332|0x0000000653000000, 0x0000000653000000, 0x0000000653400000|  0%| F|  |TAMS 0x0000000653000000| PB 0x0000000653000000| Untracked 
| 333|0x0000000653400000, 0x0000000653400000, 0x0000000653800000|  0%| F|  |TAMS 0x0000000653400000| PB 0x0000000653400000| Untracked 
| 334|0x0000000653800000, 0x0000000653800000, 0x0000000653c00000|  0%| F|  |TAMS 0x0000000653800000| PB 0x0000000653800000| Untracked 
| 335|0x0000000653c00000, 0x0000000653c00000, 0x0000000654000000|  0%| F|  |TAMS 0x0000000653c00000| PB 0x0000000653c00000| Untracked 
| 336|0x0000000654000000, 0x0000000654000000, 0x0000000654400000|  0%| F|  |TAMS 0x0000000654000000| PB 0x0000000654000000| Untracked 
| 337|0x0000000654400000, 0x0000000654400000, 0x0000000654800000|  0%| F|  |TAMS 0x0000000654400000| PB 0x0000000654400000| Untracked 
| 338|0x0000000654800000, 0x0000000654800000, 0x0000000654c00000|  0%| F|  |TAMS 0x0000000654800000| PB 0x0000000654800000| Untracked 
| 339|0x0000000654c00000, 0x0000000654c00000, 0x0000000655000000|  0%| F|  |TAMS 0x0000000654c00000| PB 0x0000000654c00000| Untracked 
| 340|0x0000000655000000, 0x0000000655000000, 0x0000000655400000|  0%| F|  |TAMS 0x0000000655000000| PB 0x0000000655000000| Untracked 
| 341|0x0000000655400000, 0x0000000655400000, 0x0000000655800000|  0%| F|  |TAMS 0x0000000655400000| PB 0x0000000655400000| Untracked 
| 342|0x0000000655800000, 0x0000000655800000, 0x0000000655c00000|  0%| F|  |TAMS 0x0000000655800000| PB 0x0000000655800000| Untracked 
| 343|0x0000000655c00000, 0x0000000655c00000, 0x0000000656000000|  0%| F|  |TAMS 0x0000000655c00000| PB 0x0000000655c00000| Untracked 
| 344|0x0000000656000000, 0x0000000656000000, 0x0000000656400000|  0%| F|  |TAMS 0x0000000656000000| PB 0x0000000656000000| Untracked 
| 345|0x0000000656400000, 0x0000000656400000, 0x0000000656800000|  0%| F|  |TAMS 0x0000000656400000| PB 0x0000000656400000| Untracked 
| 346|0x0000000656800000, 0x0000000656800000, 0x0000000656c00000|  0%| F|  |TAMS 0x0000000656800000| PB 0x0000000656800000| Untracked 
| 347|0x0000000656c00000, 0x0000000656c00000, 0x0000000657000000|  0%| F|  |TAMS 0x0000000656c00000| PB 0x0000000656c00000| Untracked 
| 348|0x0000000657000000, 0x0000000657000000, 0x0000000657400000|  0%| F|  |TAMS 0x0000000657000000| PB 0x0000000657000000| Untracked 
| 349|0x0000000657400000, 0x0000000657400000, 0x0000000657800000|  0%| F|  |TAMS 0x0000000657400000| PB 0x0000000657400000| Untracked 
| 350|0x0000000657800000, 0x0000000657800000, 0x0000000657c00000|  0%| F|  |TAMS 0x0000000657800000| PB 0x0000000657800000| Untracked 
| 351|0x0000000657c00000, 0x0000000657c00000, 0x0000000658000000|  0%| F|  |TAMS 0x0000000657c00000| PB 0x0000000657c00000| Untracked 
| 352|0x0000000658000000, 0x0000000658000000, 0x0000000658400000|  0%| F|  |TAMS 0x0000000658000000| PB 0x0000000658000000| Untracked 
| 353|0x0000000658400000, 0x0000000658400000, 0x0000000658800000|  0%| F|  |TAMS 0x0000000658400000| PB 0x0000000658400000| Untracked 
| 354|0x0000000658800000, 0x0000000658800000, 0x0000000658c00000|  0%| F|  |TAMS 0x0000000658800000| PB 0x0000000658800000| Untracked 
| 355|0x0000000658c00000, 0x0000000658c00000, 0x0000000659000000|  0%| F|  |TAMS 0x0000000658c00000| PB 0x0000000658c00000| Untracked 
| 356|0x0000000659000000, 0x0000000659000000, 0x0000000659400000|  0%| F|  |TAMS 0x0000000659000000| PB 0x0000000659000000| Untracked 
| 357|0x0000000659400000, 0x0000000659400000, 0x0000000659800000|  0%| F|  |TAMS 0x0000000659400000| PB 0x0000000659400000| Untracked 
| 358|0x0000000659800000, 0x0000000659800000, 0x0000000659c00000|  0%| F|  |TAMS 0x0000000659800000| PB 0x0000000659800000| Untracked 
| 359|0x0000000659c00000, 0x0000000659c00000, 0x000000065a000000|  0%| F|  |TAMS 0x0000000659c00000| PB 0x0000000659c00000| Untracked 
| 360|0x000000065a000000, 0x000000065a000000, 0x000000065a400000|  0%| F|  |TAMS 0x000000065a000000| PB 0x000000065a000000| Untracked 
| 361|0x000000065a400000, 0x000000065a400000, 0x000000065a800000|  0%| F|  |TAMS 0x000000065a400000| PB 0x000000065a400000| Untracked 
| 362|0x000000065a800000, 0x000000065a800000, 0x000000065ac00000|  0%| F|  |TAMS 0x000000065a800000| PB 0x000000065a800000| Untracked 
| 363|0x000000065ac00000, 0x000000065ac00000, 0x000000065b000000|  0%| F|  |TAMS 0x000000065ac00000| PB 0x000000065ac00000| Untracked 
| 364|0x000000065b000000, 0x000000065b000000, 0x000000065b400000|  0%| F|  |TAMS 0x000000065b000000| PB 0x000000065b000000| Untracked 
| 365|0x000000065b400000, 0x000000065b400000, 0x000000065b800000|  0%| F|  |TAMS 0x000000065b400000| PB 0x000000065b400000| Untracked 
| 366|0x000000065b800000, 0x000000065b800000, 0x000000065bc00000|  0%| F|  |TAMS 0x000000065b800000| PB 0x000000065b800000| Untracked 
| 367|0x000000065bc00000, 0x000000065bc00000, 0x000000065c000000|  0%| F|  |TAMS 0x000000065bc00000| PB 0x000000065bc00000| Untracked 
| 368|0x000000065c000000, 0x000000065c000000, 0x000000065c400000|  0%| F|  |TAMS 0x000000065c000000| PB 0x000000065c000000| Untracked 
| 369|0x000000065c400000, 0x000000065c400000, 0x000000065c800000|  0%| F|  |TAMS 0x000000065c400000| PB 0x000000065c400000| Untracked 
| 370|0x000000065c800000, 0x000000065c800000, 0x000000065cc00000|  0%| F|  |TAMS 0x000000065c800000| PB 0x000000065c800000| Untracked 
| 371|0x000000065cc00000, 0x000000065cc00000, 0x000000065d000000|  0%| F|  |TAMS 0x000000065cc00000| PB 0x000000065cc00000| Untracked 
| 372|0x000000065d000000, 0x000000065d000000, 0x000000065d400000|  0%| F|  |TAMS 0x000000065d000000| PB 0x000000065d000000| Untracked 
| 373|0x000000065d400000, 0x000000065d400000, 0x000000065d800000|  0%| F|  |TAMS 0x000000065d400000| PB 0x000000065d400000| Untracked 
| 374|0x000000065d800000, 0x000000065d800000, 0x000000065dc00000|  0%| F|  |TAMS 0x000000065d800000| PB 0x000000065d800000| Untracked 
| 375|0x000000065dc00000, 0x000000065dc00000, 0x000000065e000000|  0%| F|  |TAMS 0x000000065dc00000| PB 0x000000065dc00000| Untracked 
| 376|0x000000065e000000, 0x000000065e000000, 0x000000065e400000|  0%| F|  |TAMS 0x000000065e000000| PB 0x000000065e000000| Untracked 
| 377|0x000000065e400000, 0x000000065e400000, 0x000000065e800000|  0%| F|  |TAMS 0x000000065e400000| PB 0x000000065e400000| Untracked 
| 378|0x000000065e800000, 0x000000065e800000, 0x000000065ec00000|  0%| F|  |TAMS 0x000000065e800000| PB 0x000000065e800000| Untracked 
| 379|0x000000065ec00000, 0x000000065ec00000, 0x000000065f000000|  0%| F|  |TAMS 0x000000065ec00000| PB 0x000000065ec00000| Untracked 
| 380|0x000000065f000000, 0x000000065f000000, 0x000000065f400000|  0%| F|  |TAMS 0x000000065f000000| PB 0x000000065f000000| Untracked 
| 381|0x000000065f400000, 0x000000065f400000, 0x000000065f800000|  0%| F|  |TAMS 0x000000065f400000| PB 0x000000065f400000| Untracked 
| 382|0x000000065f800000, 0x000000065f800000, 0x000000065fc00000|  0%| F|  |TAMS 0x000000065f800000| PB 0x000000065f800000| Untracked 
| 383|0x000000065fc00000, 0x000000065fc00000, 0x0000000660000000|  0%| F|  |TAMS 0x000000065fc00000| PB 0x000000065fc00000| Untracked 
| 384|0x0000000660000000, 0x0000000660000000, 0x0000000660400000|  0%| F|  |TAMS 0x0000000660000000| PB 0x0000000660000000| Untracked 
| 385|0x0000000660400000, 0x0000000660400000, 0x0000000660800000|  0%| F|  |TAMS 0x0000000660400000| PB 0x0000000660400000| Untracked 
| 386|0x0000000660800000, 0x0000000660800000, 0x0000000660c00000|  0%| F|  |TAMS 0x0000000660800000| PB 0x0000000660800000| Untracked 
| 387|0x0000000660c00000, 0x0000000660c00000, 0x0000000661000000|  0%| F|  |TAMS 0x0000000660c00000| PB 0x0000000660c00000| Untracked 
| 388|0x0000000661000000, 0x0000000661000000, 0x0000000661400000|  0%| F|  |TAMS 0x0000000661000000| PB 0x0000000661000000| Untracked 
| 389|0x0000000661400000, 0x0000000661400000, 0x0000000661800000|  0%| F|  |TAMS 0x0000000661400000| PB 0x0000000661400000| Untracked 
| 390|0x0000000661800000, 0x0000000661800000, 0x0000000661c00000|  0%| F|  |TAMS 0x0000000661800000| PB 0x0000000661800000| Untracked 
| 391|0x0000000661c00000, 0x0000000661c00000, 0x0000000662000000|  0%| F|  |TAMS 0x0000000661c00000| PB 0x0000000661c00000| Untracked 
| 392|0x0000000662000000, 0x0000000662000000, 0x0000000662400000|  0%| F|  |TAMS 0x0000000662000000| PB 0x0000000662000000| Untracked 
| 393|0x0000000662400000, 0x0000000662400000, 0x0000000662800000|  0%| F|  |TAMS 0x0000000662400000| PB 0x0000000662400000| Untracked 
| 394|0x0000000662800000, 0x0000000662800000, 0x0000000662c00000|  0%| F|  |TAMS 0x0000000662800000| PB 0x0000000662800000| Untracked 
| 395|0x0000000662c00000, 0x0000000662c00000, 0x0000000663000000|  0%| F|  |TAMS 0x0000000662c00000| PB 0x0000000662c00000| Untracked 
| 396|0x0000000663000000, 0x0000000663000000, 0x0000000663400000|  0%| F|  |TAMS 0x0000000663000000| PB 0x0000000663000000| Untracked 
| 397|0x0000000663400000, 0x0000000663400000, 0x0000000663800000|  0%| F|  |TAMS 0x0000000663400000| PB 0x0000000663400000| Untracked 
| 398|0x0000000663800000, 0x0000000663800000, 0x0000000663c00000|  0%| F|  |TAMS 0x0000000663800000| PB 0x0000000663800000| Untracked 
| 399|0x0000000663c00000, 0x0000000663c00000, 0x0000000664000000|  0%| F|  |TAMS 0x0000000663c00000| PB 0x0000000663c00000| Untracked 
| 400|0x0000000664000000, 0x0000000664000000, 0x0000000664400000|  0%| F|  |TAMS 0x0000000664000000| PB 0x0000000664000000| Untracked 
| 401|0x0000000664400000, 0x0000000664400000, 0x0000000664800000|  0%| F|  |TAMS 0x0000000664400000| PB 0x0000000664400000| Untracked 
| 402|0x0000000664800000, 0x0000000664800000, 0x0000000664c00000|  0%| F|  |TAMS 0x0000000664800000| PB 0x0000000664800000| Untracked 
| 403|0x0000000664c00000, 0x0000000664c00000, 0x0000000665000000|  0%| F|  |TAMS 0x0000000664c00000| PB 0x0000000664c00000| Untracked 
| 404|0x0000000665000000, 0x0000000665000000, 0x0000000665400000|  0%| F|  |TAMS 0x0000000665000000| PB 0x0000000665000000| Untracked 
| 405|0x0000000665400000, 0x0000000665400000, 0x0000000665800000|  0%| F|  |TAMS 0x0000000665400000| PB 0x0000000665400000| Untracked 
| 406|0x0000000665800000, 0x0000000665800000, 0x0000000665c00000|  0%| F|  |TAMS 0x0000000665800000| PB 0x0000000665800000| Untracked 
| 407|0x0000000665c00000, 0x0000000665c00000, 0x0000000666000000|  0%| F|  |TAMS 0x0000000665c00000| PB 0x0000000665c00000| Untracked 
| 408|0x0000000666000000, 0x0000000666000000, 0x0000000666400000|  0%| F|  |TAMS 0x0000000666000000| PB 0x0000000666000000| Untracked 
| 409|0x0000000666400000, 0x0000000666400000, 0x0000000666800000|  0%| F|  |TAMS 0x0000000666400000| PB 0x0000000666400000| Untracked 
| 410|0x0000000666800000, 0x0000000666800000, 0x0000000666c00000|  0%| F|  |TAMS 0x0000000666800000| PB 0x0000000666800000| Untracked 
| 411|0x0000000666c00000, 0x0000000666c00000, 0x0000000667000000|  0%| F|  |TAMS 0x0000000666c00000| PB 0x0000000666c00000| Untracked 
| 412|0x0000000667000000, 0x0000000667000000, 0x0000000667400000|  0%| F|  |TAMS 0x0000000667000000| PB 0x0000000667000000| Untracked 
| 413|0x0000000667400000, 0x0000000667400000, 0x0000000667800000|  0%| F|  |TAMS 0x0000000667400000| PB 0x0000000667400000| Untracked 
| 414|0x0000000667800000, 0x0000000667800000, 0x0000000667c00000|  0%| F|  |TAMS 0x0000000667800000| PB 0x0000000667800000| Untracked 
| 415|0x0000000667c00000, 0x0000000667c00000, 0x0000000668000000|  0%| F|  |TAMS 0x0000000667c00000| PB 0x0000000667c00000| Untracked 
| 416|0x0000000668000000, 0x0000000668000000, 0x0000000668400000|  0%| F|  |TAMS 0x0000000668000000| PB 0x0000000668000000| Untracked 
| 417|0x0000000668400000, 0x0000000668400000, 0x0000000668800000|  0%| F|  |TAMS 0x0000000668400000| PB 0x0000000668400000| Untracked 
| 418|0x0000000668800000, 0x0000000668800000, 0x0000000668c00000|  0%| F|  |TAMS 0x0000000668800000| PB 0x0000000668800000| Untracked 
| 419|0x0000000668c00000, 0x0000000668c00000, 0x0000000669000000|  0%| F|  |TAMS 0x0000000668c00000| PB 0x0000000668c00000| Untracked 
| 420|0x0000000669000000, 0x0000000669000000, 0x0000000669400000|  0%| F|  |TAMS 0x0000000669000000| PB 0x0000000669000000| Untracked 
| 421|0x0000000669400000, 0x0000000669400000, 0x0000000669800000|  0%| F|  |TAMS 0x0000000669400000| PB 0x0000000669400000| Untracked 
| 422|0x0000000669800000, 0x0000000669800000, 0x0000000669c00000|  0%| F|  |TAMS 0x0000000669800000| PB 0x0000000669800000| Untracked 
| 423|0x0000000669c00000, 0x0000000669c00000, 0x000000066a000000|  0%| F|  |TAMS 0x0000000669c00000| PB 0x0000000669c00000| Untracked 
| 424|0x000000066a000000, 0x000000066a000000, 0x000000066a400000|  0%| F|  |TAMS 0x000000066a000000| PB 0x000000066a000000| Untracked 
| 425|0x000000066a400000, 0x000000066a400000, 0x000000066a800000|  0%| F|  |TAMS 0x000000066a400000| PB 0x000000066a400000| Untracked 
| 426|0x000000066a800000, 0x000000066a800000, 0x000000066ac00000|  0%| F|  |TAMS 0x000000066a800000| PB 0x000000066a800000| Untracked 
| 427|0x000000066ac00000, 0x000000066ac00000, 0x000000066b000000|  0%| F|  |TAMS 0x000000066ac00000| PB 0x000000066ac00000| Untracked 
| 428|0x000000066b000000, 0x000000066b000000, 0x000000066b400000|  0%| F|  |TAMS 0x000000066b000000| PB 0x000000066b000000| Untracked 
| 429|0x000000066b400000, 0x000000066b400000, 0x000000066b800000|  0%| F|  |TAMS 0x000000066b400000| PB 0x000000066b400000| Untracked 
| 430|0x000000066b800000, 0x000000066b800000, 0x000000066bc00000|  0%| F|  |TAMS 0x000000066b800000| PB 0x000000066b800000| Untracked 
| 431|0x000000066bc00000, 0x000000066bc00000, 0x000000066c000000|  0%| F|  |TAMS 0x000000066bc00000| PB 0x000000066bc00000| Untracked 
| 432|0x000000066c000000, 0x000000066c000000, 0x000000066c400000|  0%| F|  |TAMS 0x000000066c000000| PB 0x000000066c000000| Untracked 
| 433|0x000000066c400000, 0x000000066c400000, 0x000000066c800000|  0%| F|  |TAMS 0x000000066c400000| PB 0x000000066c400000| Untracked 
| 434|0x000000066c800000, 0x000000066c800000, 0x000000066cc00000|  0%| F|  |TAMS 0x000000066c800000| PB 0x000000066c800000| Untracked 
| 435|0x000000066cc00000, 0x000000066cc00000, 0x000000066d000000|  0%| F|  |TAMS 0x000000066cc00000| PB 0x000000066cc00000| Untracked 
| 436|0x000000066d000000, 0x000000066d000000, 0x000000066d400000|  0%| F|  |TAMS 0x000000066d000000| PB 0x000000066d000000| Untracked 
| 437|0x000000066d400000, 0x000000066d400000, 0x000000066d800000|  0%| F|  |TAMS 0x000000066d400000| PB 0x000000066d400000| Untracked 
| 438|0x000000066d800000, 0x000000066d800000, 0x000000066dc00000|  0%| F|  |TAMS 0x000000066d800000| PB 0x000000066d800000| Untracked 
| 439|0x000000066dc00000, 0x000000066dc00000, 0x000000066e000000|  0%| F|  |TAMS 0x000000066dc00000| PB 0x000000066dc00000| Untracked 
| 440|0x000000066e000000, 0x000000066e000000, 0x000000066e400000|  0%| F|  |TAMS 0x000000066e000000| PB 0x000000066e000000| Untracked 
| 441|0x000000066e400000, 0x000000066e400000, 0x000000066e800000|  0%| F|  |TAMS 0x000000066e400000| PB 0x000000066e400000| Untracked 
| 442|0x000000066e800000, 0x000000066e800000, 0x000000066ec00000|  0%| F|  |TAMS 0x000000066e800000| PB 0x000000066e800000| Untracked 
| 443|0x000000066ec00000, 0x000000066ec00000, 0x000000066f000000|  0%| F|  |TAMS 0x000000066ec00000| PB 0x000000066ec00000| Untracked 
| 444|0x000000066f000000, 0x000000066f000000, 0x000000066f400000|  0%| F|  |TAMS 0x000000066f000000| PB 0x000000066f000000| Untracked 
| 445|0x000000066f400000, 0x000000066f400000, 0x000000066f800000|  0%| F|  |TAMS 0x000000066f400000| PB 0x000000066f400000| Untracked 
| 446|0x000000066f800000, 0x000000066f800000, 0x000000066fc00000|  0%| F|  |TAMS 0x000000066f800000| PB 0x000000066f800000| Untracked 
| 447|0x000000066fc00000, 0x000000066fc00000, 0x0000000670000000|  0%| F|  |TAMS 0x000000066fc00000| PB 0x000000066fc00000| Untracked 
| 448|0x0000000670000000, 0x0000000670000000, 0x0000000670400000|  0%| F|  |TAMS 0x0000000670000000| PB 0x0000000670000000| Untracked 
| 449|0x0000000670400000, 0x0000000670400000, 0x0000000670800000|  0%| F|  |TAMS 0x0000000670400000| PB 0x0000000670400000| Untracked 
| 450|0x0000000670800000, 0x0000000670800000, 0x0000000670c00000|  0%| F|  |TAMS 0x0000000670800000| PB 0x0000000670800000| Untracked 
| 451|0x0000000670c00000, 0x0000000670c00000, 0x0000000671000000|  0%| F|  |TAMS 0x0000000670c00000| PB 0x0000000670c00000| Untracked 
| 452|0x0000000671000000, 0x0000000671000000, 0x0000000671400000|  0%| F|  |TAMS 0x0000000671000000| PB 0x0000000671000000| Untracked 
| 453|0x0000000671400000, 0x0000000671400000, 0x0000000671800000|  0%| F|  |TAMS 0x0000000671400000| PB 0x0000000671400000| Untracked 
| 454|0x0000000671800000, 0x0000000671800000, 0x0000000671c00000|  0%| F|  |TAMS 0x0000000671800000| PB 0x0000000671800000| Untracked 
| 455|0x0000000671c00000, 0x0000000671c00000, 0x0000000672000000|  0%| F|  |TAMS 0x0000000671c00000| PB 0x0000000671c00000| Untracked 
| 456|0x0000000672000000, 0x0000000672000000, 0x0000000672400000|  0%| F|  |TAMS 0x0000000672000000| PB 0x0000000672000000| Untracked 
| 457|0x0000000672400000, 0x0000000672400000, 0x0000000672800000|  0%| F|  |TAMS 0x0000000672400000| PB 0x0000000672400000| Untracked 
| 458|0x0000000672800000, 0x0000000672800000, 0x0000000672c00000|  0%| F|  |TAMS 0x0000000672800000| PB 0x0000000672800000| Untracked 
| 459|0x0000000672c00000, 0x0000000672c00000, 0x0000000673000000|  0%| F|  |TAMS 0x0000000672c00000| PB 0x0000000672c00000| Untracked 
| 460|0x0000000673000000, 0x0000000673000000, 0x0000000673400000|  0%| F|  |TAMS 0x0000000673000000| PB 0x0000000673000000| Untracked 
| 461|0x0000000673400000, 0x0000000673400000, 0x0000000673800000|  0%| F|  |TAMS 0x0000000673400000| PB 0x0000000673400000| Untracked 
| 462|0x0000000673800000, 0x0000000673800000, 0x0000000673c00000|  0%| F|  |TAMS 0x0000000673800000| PB 0x0000000673800000| Untracked 
| 463|0x0000000673c00000, 0x0000000673c00000, 0x0000000674000000|  0%| F|  |TAMS 0x0000000673c00000| PB 0x0000000673c00000| Untracked 
| 464|0x0000000674000000, 0x0000000674000000, 0x0000000674400000|  0%| F|  |TAMS 0x0000000674000000| PB 0x0000000674000000| Untracked 
| 465|0x0000000674400000, 0x0000000674400000, 0x0000000674800000|  0%| F|  |TAMS 0x0000000674400000| PB 0x0000000674400000| Untracked 
| 466|0x0000000674800000, 0x0000000674800000, 0x0000000674c00000|  0%| F|  |TAMS 0x0000000674800000| PB 0x0000000674800000| Untracked 
| 467|0x0000000674c00000, 0x0000000674c00000, 0x0000000675000000|  0%| F|  |TAMS 0x0000000674c00000| PB 0x0000000674c00000| Untracked 
| 468|0x0000000675000000, 0x0000000675000000, 0x0000000675400000|  0%| F|  |TAMS 0x0000000675000000| PB 0x0000000675000000| Untracked 
| 469|0x0000000675400000, 0x0000000675400000, 0x0000000675800000|  0%| F|  |TAMS 0x0000000675400000| PB 0x0000000675400000| Untracked 
| 470|0x0000000675800000, 0x0000000675800000, 0x0000000675c00000|  0%| F|  |TAMS 0x0000000675800000| PB 0x0000000675800000| Untracked 
| 471|0x0000000675c00000, 0x0000000675c00000, 0x0000000676000000|  0%| F|  |TAMS 0x0000000675c00000| PB 0x0000000675c00000| Untracked 
| 472|0x0000000676000000, 0x0000000676000000, 0x0000000676400000|  0%| F|  |TAMS 0x0000000676000000| PB 0x0000000676000000| Untracked 
| 473|0x0000000676400000, 0x0000000676400000, 0x0000000676800000|  0%| F|  |TAMS 0x0000000676400000| PB 0x0000000676400000| Untracked 
| 474|0x0000000676800000, 0x0000000676800000, 0x0000000676c00000|  0%| F|  |TAMS 0x0000000676800000| PB 0x0000000676800000| Untracked 
| 475|0x0000000676c00000, 0x0000000676c00000, 0x0000000677000000|  0%| F|  |TAMS 0x0000000676c00000| PB 0x0000000676c00000| Untracked 
| 476|0x0000000677000000, 0x0000000677000000, 0x0000000677400000|  0%| F|  |TAMS 0x0000000677000000| PB 0x0000000677000000| Untracked 
| 477|0x0000000677400000, 0x0000000677400000, 0x0000000677800000|  0%| F|  |TAMS 0x0000000677400000| PB 0x0000000677400000| Untracked 
| 478|0x0000000677800000, 0x0000000677800000, 0x0000000677c00000|  0%| F|  |TAMS 0x0000000677800000| PB 0x0000000677800000| Untracked 
| 479|0x0000000677c00000, 0x0000000677c00000, 0x0000000678000000|  0%| F|  |TAMS 0x0000000677c00000| PB 0x0000000677c00000| Untracked 
| 480|0x0000000678000000, 0x0000000678000000, 0x0000000678400000|  0%| F|  |TAMS 0x0000000678000000| PB 0x0000000678000000| Untracked 
| 481|0x0000000678400000, 0x0000000678400000, 0x0000000678800000|  0%| F|  |TAMS 0x0000000678400000| PB 0x0000000678400000| Untracked 
| 482|0x0000000678800000, 0x0000000678800000, 0x0000000678c00000|  0%| F|  |TAMS 0x0000000678800000| PB 0x0000000678800000| Untracked 
| 483|0x0000000678c00000, 0x0000000678c00000, 0x0000000679000000|  0%| F|  |TAMS 0x0000000678c00000| PB 0x0000000678c00000| Untracked 
| 484|0x0000000679000000, 0x0000000679000000, 0x0000000679400000|  0%| F|  |TAMS 0x0000000679000000| PB 0x0000000679000000| Untracked 
| 485|0x0000000679400000, 0x0000000679400000, 0x0000000679800000|  0%| F|  |TAMS 0x0000000679400000| PB 0x0000000679400000| Untracked 
| 486|0x0000000679800000, 0x0000000679800000, 0x0000000679c00000|  0%| F|  |TAMS 0x0000000679800000| PB 0x0000000679800000| Untracked 
| 487|0x0000000679c00000, 0x0000000679c00000, 0x000000067a000000|  0%| F|  |TAMS 0x0000000679c00000| PB 0x0000000679c00000| Untracked 
| 488|0x000000067a000000, 0x000000067a000000, 0x000000067a400000|  0%| F|  |TAMS 0x000000067a000000| PB 0x000000067a000000| Untracked 
| 489|0x000000067a400000, 0x000000067a400000, 0x000000067a800000|  0%| F|  |TAMS 0x000000067a400000| PB 0x000000067a400000| Untracked 
| 490|0x000000067a800000, 0x000000067a800000, 0x000000067ac00000|  0%| F|  |TAMS 0x000000067a800000| PB 0x000000067a800000| Untracked 
| 491|0x000000067ac00000, 0x000000067ac00000, 0x000000067b000000|  0%| F|  |TAMS 0x000000067ac00000| PB 0x000000067ac00000| Untracked 
| 492|0x000000067b000000, 0x000000067b000000, 0x000000067b400000|  0%| F|  |TAMS 0x000000067b000000| PB 0x000000067b000000| Untracked 
| 493|0x000000067b400000, 0x000000067b400000, 0x000000067b800000|  0%| F|  |TAMS 0x000000067b400000| PB 0x000000067b400000| Untracked 
| 494|0x000000067b800000, 0x000000067b800000, 0x000000067bc00000|  0%| F|  |TAMS 0x000000067b800000| PB 0x000000067b800000| Untracked 
| 495|0x000000067bc00000, 0x000000067bc00000, 0x000000067c000000|  0%| F|  |TAMS 0x000000067bc00000| PB 0x000000067bc00000| Untracked 
| 496|0x000000067c000000, 0x000000067c000000, 0x000000067c400000|  0%| F|  |TAMS 0x000000067c000000| PB 0x000000067c000000| Untracked 
| 497|0x000000067c400000, 0x000000067c400000, 0x000000067c800000|  0%| F|  |TAMS 0x000000067c400000| PB 0x000000067c400000| Untracked 
| 498|0x000000067c800000, 0x000000067c800000, 0x000000067cc00000|  0%| F|  |TAMS 0x000000067c800000| PB 0x000000067c800000| Untracked 
| 499|0x000000067cc00000, 0x000000067cc00000, 0x000000067d000000|  0%| F|  |TAMS 0x000000067cc00000| PB 0x000000067cc00000| Untracked 
| 500|0x000000067d000000, 0x000000067d000000, 0x000000067d400000|  0%| F|  |TAMS 0x000000067d000000| PB 0x000000067d000000| Untracked 
| 501|0x000000067d400000, 0x000000067d400000, 0x000000067d800000|  0%| F|  |TAMS 0x000000067d400000| PB 0x000000067d400000| Untracked 
| 502|0x000000067d800000, 0x000000067d800000, 0x000000067dc00000|  0%| F|  |TAMS 0x000000067d800000| PB 0x000000067d800000| Untracked 
| 503|0x000000067dc00000, 0x000000067dc00000, 0x000000067e000000|  0%| F|  |TAMS 0x000000067dc00000| PB 0x000000067dc00000| Untracked 
| 504|0x000000067e000000, 0x000000067e000000, 0x000000067e400000|  0%| F|  |TAMS 0x000000067e000000| PB 0x000000067e000000| Untracked 
| 505|0x000000067e400000, 0x000000067e400000, 0x000000067e800000|  0%| F|  |TAMS 0x000000067e400000| PB 0x000000067e400000| Untracked 
| 506|0x000000067e800000, 0x000000067e800000, 0x000000067ec00000|  0%| F|  |TAMS 0x000000067e800000| PB 0x000000067e800000| Untracked 
| 507|0x000000067ec00000, 0x000000067ec00000, 0x000000067f000000|  0%| F|  |TAMS 0x000000067ec00000| PB 0x000000067ec00000| Untracked 
| 508|0x000000067f000000, 0x000000067f000000, 0x000000067f400000|  0%| F|  |TAMS 0x000000067f000000| PB 0x000000067f000000| Untracked 
| 509|0x000000067f400000, 0x000000067f400000, 0x000000067f800000|  0%| F|  |TAMS 0x000000067f400000| PB 0x000000067f400000| Untracked 
| 510|0x000000067f800000, 0x000000067f800000, 0x000000067fc00000|  0%| F|  |TAMS 0x000000067f800000| PB 0x000000067f800000| Untracked 
| 511|0x000000067fc00000, 0x000000067fc00000, 0x0000000680000000|  0%| F|  |TAMS 0x000000067fc00000| PB 0x000000067fc00000| Untracked 
| 512|0x0000000680000000, 0x0000000680000000, 0x0000000680400000|  0%| F|  |TAMS 0x0000000680000000| PB 0x0000000680000000| Untracked 
| 513|0x0000000680400000, 0x0000000680400000, 0x0000000680800000|  0%| F|  |TAMS 0x0000000680400000| PB 0x0000000680400000| Untracked 
| 514|0x0000000680800000, 0x0000000680800000, 0x0000000680c00000|  0%| F|  |TAMS 0x0000000680800000| PB 0x0000000680800000| Untracked 
| 515|0x0000000680c00000, 0x0000000680c00000, 0x0000000681000000|  0%| F|  |TAMS 0x0000000680c00000| PB 0x0000000680c00000| Untracked 
| 516|0x0000000681000000, 0x0000000681000000, 0x0000000681400000|  0%| F|  |TAMS 0x0000000681000000| PB 0x0000000681000000| Untracked 
| 517|0x0000000681400000, 0x0000000681400000, 0x0000000681800000|  0%| F|  |TAMS 0x0000000681400000| PB 0x0000000681400000| Untracked 
| 518|0x0000000681800000, 0x0000000681800000, 0x0000000681c00000|  0%| F|  |TAMS 0x0000000681800000| PB 0x0000000681800000| Untracked 
| 519|0x0000000681c00000, 0x0000000681c00000, 0x0000000682000000|  0%| F|  |TAMS 0x0000000681c00000| PB 0x0000000681c00000| Untracked 
| 520|0x0000000682000000, 0x0000000682000000, 0x0000000682400000|  0%| F|  |TAMS 0x0000000682000000| PB 0x0000000682000000| Untracked 
| 521|0x0000000682400000, 0x0000000682400000, 0x0000000682800000|  0%| F|  |TAMS 0x0000000682400000| PB 0x0000000682400000| Untracked 
| 522|0x0000000682800000, 0x0000000682800000, 0x0000000682c00000|  0%| F|  |TAMS 0x0000000682800000| PB 0x0000000682800000| Untracked 
| 523|0x0000000682c00000, 0x0000000682c00000, 0x0000000683000000|  0%| F|  |TAMS 0x0000000682c00000| PB 0x0000000682c00000| Untracked 
| 524|0x0000000683000000, 0x0000000683000000, 0x0000000683400000|  0%| F|  |TAMS 0x0000000683000000| PB 0x0000000683000000| Untracked 
| 525|0x0000000683400000, 0x0000000683400000, 0x0000000683800000|  0%| F|  |TAMS 0x0000000683400000| PB 0x0000000683400000| Untracked 
| 526|0x0000000683800000, 0x0000000683800000, 0x0000000683c00000|  0%| F|  |TAMS 0x0000000683800000| PB 0x0000000683800000| Untracked 
| 527|0x0000000683c00000, 0x0000000683c00000, 0x0000000684000000|  0%| F|  |TAMS 0x0000000683c00000| PB 0x0000000683c00000| Untracked 
| 528|0x0000000684000000, 0x0000000684000000, 0x0000000684400000|  0%| F|  |TAMS 0x0000000684000000| PB 0x0000000684000000| Untracked 
| 529|0x0000000684400000, 0x0000000684400000, 0x0000000684800000|  0%| F|  |TAMS 0x0000000684400000| PB 0x0000000684400000| Untracked 
| 530|0x0000000684800000, 0x0000000684800000, 0x0000000684c00000|  0%| F|  |TAMS 0x0000000684800000| PB 0x0000000684800000| Untracked 
| 531|0x0000000684c00000, 0x0000000684c00000, 0x0000000685000000|  0%| F|  |TAMS 0x0000000684c00000| PB 0x0000000684c00000| Untracked 
| 532|0x0000000685000000, 0x0000000685000000, 0x0000000685400000|  0%| F|  |TAMS 0x0000000685000000| PB 0x0000000685000000| Untracked 
| 533|0x0000000685400000, 0x0000000685400000, 0x0000000685800000|  0%| F|  |TAMS 0x0000000685400000| PB 0x0000000685400000| Untracked 
| 534|0x0000000685800000, 0x0000000685800000, 0x0000000685c00000|  0%| F|  |TAMS 0x0000000685800000| PB 0x0000000685800000| Untracked 
| 535|0x0000000685c00000, 0x0000000685c00000, 0x0000000686000000|  0%| F|  |TAMS 0x0000000685c00000| PB 0x0000000685c00000| Untracked 
| 536|0x0000000686000000, 0x0000000686000000, 0x0000000686400000|  0%| F|  |TAMS 0x0000000686000000| PB 0x0000000686000000| Untracked 
| 537|0x0000000686400000, 0x0000000686400000, 0x0000000686800000|  0%| F|  |TAMS 0x0000000686400000| PB 0x0000000686400000| Untracked 
| 538|0x0000000686800000, 0x0000000686800000, 0x0000000686c00000|  0%| F|  |TAMS 0x0000000686800000| PB 0x0000000686800000| Untracked 
| 539|0x0000000686c00000, 0x0000000686c00000, 0x0000000687000000|  0%| F|  |TAMS 0x0000000686c00000| PB 0x0000000686c00000| Untracked 
| 540|0x0000000687000000, 0x0000000687000000, 0x0000000687400000|  0%| F|  |TAMS 0x0000000687000000| PB 0x0000000687000000| Untracked 
| 541|0x0000000687400000, 0x0000000687400000, 0x0000000687800000|  0%| F|  |TAMS 0x0000000687400000| PB 0x0000000687400000| Untracked 
| 542|0x0000000687800000, 0x0000000687800000, 0x0000000687c00000|  0%| F|  |TAMS 0x0000000687800000| PB 0x0000000687800000| Untracked 
| 543|0x0000000687c00000, 0x0000000687c00000, 0x0000000688000000|  0%| F|  |TAMS 0x0000000687c00000| PB 0x0000000687c00000| Untracked 
| 544|0x0000000688000000, 0x0000000688000000, 0x0000000688400000|  0%| F|  |TAMS 0x0000000688000000| PB 0x0000000688000000| Untracked 
| 545|0x0000000688400000, 0x0000000688400000, 0x0000000688800000|  0%| F|  |TAMS 0x0000000688400000| PB 0x0000000688400000| Untracked 
| 546|0x0000000688800000, 0x0000000688800000, 0x0000000688c00000|  0%| F|  |TAMS 0x0000000688800000| PB 0x0000000688800000| Untracked 
| 547|0x0000000688c00000, 0x0000000688c00000, 0x0000000689000000|  0%| F|  |TAMS 0x0000000688c00000| PB 0x0000000688c00000| Untracked 
| 548|0x0000000689000000, 0x0000000689000000, 0x0000000689400000|  0%| F|  |TAMS 0x0000000689000000| PB 0x0000000689000000| Untracked 
| 549|0x0000000689400000, 0x0000000689400000, 0x0000000689800000|  0%| F|  |TAMS 0x0000000689400000| PB 0x0000000689400000| Untracked 
| 550|0x0000000689800000, 0x0000000689800000, 0x0000000689c00000|  0%| F|  |TAMS 0x0000000689800000| PB 0x0000000689800000| Untracked 
| 551|0x0000000689c00000, 0x0000000689c00000, 0x000000068a000000|  0%| F|  |TAMS 0x0000000689c00000| PB 0x0000000689c00000| Untracked 
| 552|0x000000068a000000, 0x000000068a000000, 0x000000068a400000|  0%| F|  |TAMS 0x000000068a000000| PB 0x000000068a000000| Untracked 
| 553|0x000000068a400000, 0x000000068a400000, 0x000000068a800000|  0%| F|  |TAMS 0x000000068a400000| PB 0x000000068a400000| Untracked 
| 554|0x000000068a800000, 0x000000068a800000, 0x000000068ac00000|  0%| F|  |TAMS 0x000000068a800000| PB 0x000000068a800000| Untracked 
| 555|0x000000068ac00000, 0x000000068ac00000, 0x000000068b000000|  0%| F|  |TAMS 0x000000068ac00000| PB 0x000000068ac00000| Untracked 
| 556|0x000000068b000000, 0x000000068b000000, 0x000000068b400000|  0%| F|  |TAMS 0x000000068b000000| PB 0x000000068b000000| Untracked 
| 557|0x000000068b400000, 0x000000068b400000, 0x000000068b800000|  0%| F|  |TAMS 0x000000068b400000| PB 0x000000068b400000| Untracked 
| 558|0x000000068b800000, 0x000000068b800000, 0x000000068bc00000|  0%| F|  |TAMS 0x000000068b800000| PB 0x000000068b800000| Untracked 
| 559|0x000000068bc00000, 0x000000068bc00000, 0x000000068c000000|  0%| F|  |TAMS 0x000000068bc00000| PB 0x000000068bc00000| Untracked 
| 560|0x000000068c000000, 0x000000068c000000, 0x000000068c400000|  0%| F|  |TAMS 0x000000068c000000| PB 0x000000068c000000| Untracked 
| 561|0x000000068c400000, 0x000000068c400000, 0x000000068c800000|  0%| F|  |TAMS 0x000000068c400000| PB 0x000000068c400000| Untracked 
| 562|0x000000068c800000, 0x000000068c800000, 0x000000068cc00000|  0%| F|  |TAMS 0x000000068c800000| PB 0x000000068c800000| Untracked 
| 563|0x000000068cc00000, 0x000000068cc00000, 0x000000068d000000|  0%| F|  |TAMS 0x000000068cc00000| PB 0x000000068cc00000| Untracked 
| 564|0x000000068d000000, 0x000000068d000000, 0x000000068d400000|  0%| F|  |TAMS 0x000000068d000000| PB 0x000000068d000000| Untracked 
| 565|0x000000068d400000, 0x000000068d400000, 0x000000068d800000|  0%| F|  |TAMS 0x000000068d400000| PB 0x000000068d400000| Untracked 
| 566|0x000000068d800000, 0x000000068d800000, 0x000000068dc00000|  0%| F|  |TAMS 0x000000068d800000| PB 0x000000068d800000| Untracked 
| 567|0x000000068dc00000, 0x000000068dc00000, 0x000000068e000000|  0%| F|  |TAMS 0x000000068dc00000| PB 0x000000068dc00000| Untracked 
| 568|0x000000068e000000, 0x000000068e000000, 0x000000068e400000|  0%| F|  |TAMS 0x000000068e000000| PB 0x000000068e000000| Untracked 
| 569|0x000000068e400000, 0x000000068e400000, 0x000000068e800000|  0%| F|  |TAMS 0x000000068e400000| PB 0x000000068e400000| Untracked 
| 570|0x000000068e800000, 0x000000068e800000, 0x000000068ec00000|  0%| F|  |TAMS 0x000000068e800000| PB 0x000000068e800000| Untracked 
| 571|0x000000068ec00000, 0x000000068ec00000, 0x000000068f000000|  0%| F|  |TAMS 0x000000068ec00000| PB 0x000000068ec00000| Untracked 
| 572|0x000000068f000000, 0x000000068f000000, 0x000000068f400000|  0%| F|  |TAMS 0x000000068f000000| PB 0x000000068f000000| Untracked 
| 573|0x000000068f400000, 0x000000068f400000, 0x000000068f800000|  0%| F|  |TAMS 0x000000068f400000| PB 0x000000068f400000| Untracked 
| 574|0x000000068f800000, 0x000000068f800000, 0x000000068fc00000|  0%| F|  |TAMS 0x000000068f800000| PB 0x000000068f800000| Untracked 
| 575|0x000000068fc00000, 0x000000068fc00000, 0x0000000690000000|  0%| F|  |TAMS 0x000000068fc00000| PB 0x000000068fc00000| Untracked 
| 576|0x0000000690000000, 0x0000000690000000, 0x0000000690400000|  0%| F|  |TAMS 0x0000000690000000| PB 0x0000000690000000| Untracked 
| 577|0x0000000690400000, 0x0000000690400000, 0x0000000690800000|  0%| F|  |TAMS 0x0000000690400000| PB 0x0000000690400000| Untracked 
| 578|0x0000000690800000, 0x0000000690800000, 0x0000000690c00000|  0%| F|  |TAMS 0x0000000690800000| PB 0x0000000690800000| Untracked 
| 579|0x0000000690c00000, 0x0000000690c00000, 0x0000000691000000|  0%| F|  |TAMS 0x0000000690c00000| PB 0x0000000690c00000| Untracked 
| 580|0x0000000691000000, 0x0000000691000000, 0x0000000691400000|  0%| F|  |TAMS 0x0000000691000000| PB 0x0000000691000000| Untracked 
| 581|0x0000000691400000, 0x0000000691400000, 0x0000000691800000|  0%| F|  |TAMS 0x0000000691400000| PB 0x0000000691400000| Untracked 
| 582|0x0000000691800000, 0x0000000691800000, 0x0000000691c00000|  0%| F|  |TAMS 0x0000000691800000| PB 0x0000000691800000| Untracked 
| 583|0x0000000691c00000, 0x0000000691c00000, 0x0000000692000000|  0%| F|  |TAMS 0x0000000691c00000| PB 0x0000000691c00000| Untracked 
| 584|0x0000000692000000, 0x0000000692000000, 0x0000000692400000|  0%| F|  |TAMS 0x0000000692000000| PB 0x0000000692000000| Untracked 
| 585|0x0000000692400000, 0x0000000692400000, 0x0000000692800000|  0%| F|  |TAMS 0x0000000692400000| PB 0x0000000692400000| Untracked 
| 586|0x0000000692800000, 0x0000000692800000, 0x0000000692c00000|  0%| F|  |TAMS 0x0000000692800000| PB 0x0000000692800000| Untracked 
| 587|0x0000000692c00000, 0x0000000692c00000, 0x0000000693000000|  0%| F|  |TAMS 0x0000000692c00000| PB 0x0000000692c00000| Untracked 
| 588|0x0000000693000000, 0x0000000693000000, 0x0000000693400000|  0%| F|  |TAMS 0x0000000693000000| PB 0x0000000693000000| Untracked 
| 589|0x0000000693400000, 0x0000000693400000, 0x0000000693800000|  0%| F|  |TAMS 0x0000000693400000| PB 0x0000000693400000| Untracked 
| 590|0x0000000693800000, 0x0000000693800000, 0x0000000693c00000|  0%| F|  |TAMS 0x0000000693800000| PB 0x0000000693800000| Untracked 
| 591|0x0000000693c00000, 0x0000000693c00000, 0x0000000694000000|  0%| F|  |TAMS 0x0000000693c00000| PB 0x0000000693c00000| Untracked 
| 592|0x0000000694000000, 0x0000000694000000, 0x0000000694400000|  0%| F|  |TAMS 0x0000000694000000| PB 0x0000000694000000| Untracked 
| 593|0x0000000694400000, 0x0000000694400000, 0x0000000694800000|  0%| F|  |TAMS 0x0000000694400000| PB 0x0000000694400000| Untracked 
| 594|0x0000000694800000, 0x0000000694800000, 0x0000000694c00000|  0%| F|  |TAMS 0x0000000694800000| PB 0x0000000694800000| Untracked 
| 595|0x0000000694c00000, 0x0000000694c00000, 0x0000000695000000|  0%| F|  |TAMS 0x0000000694c00000| PB 0x0000000694c00000| Untracked 
| 596|0x0000000695000000, 0x0000000695000000, 0x0000000695400000|  0%| F|  |TAMS 0x0000000695000000| PB 0x0000000695000000| Untracked 
| 597|0x0000000695400000, 0x0000000695400000, 0x0000000695800000|  0%| F|  |TAMS 0x0000000695400000| PB 0x0000000695400000| Untracked 
| 598|0x0000000695800000, 0x0000000695800000, 0x0000000695c00000|  0%| F|  |TAMS 0x0000000695800000| PB 0x0000000695800000| Untracked 
| 599|0x0000000695c00000, 0x0000000695c00000, 0x0000000696000000|  0%| F|  |TAMS 0x0000000695c00000| PB 0x0000000695c00000| Untracked 
| 600|0x0000000696000000, 0x0000000696000000, 0x0000000696400000|  0%| F|  |TAMS 0x0000000696000000| PB 0x0000000696000000| Untracked 
| 601|0x0000000696400000, 0x0000000696400000, 0x0000000696800000|  0%| F|  |TAMS 0x0000000696400000| PB 0x0000000696400000| Untracked 
| 602|0x0000000696800000, 0x0000000696800000, 0x0000000696c00000|  0%| F|  |TAMS 0x0000000696800000| PB 0x0000000696800000| Untracked 
| 603|0x0000000696c00000, 0x0000000696c00000, 0x0000000697000000|  0%| F|  |TAMS 0x0000000696c00000| PB 0x0000000696c00000| Untracked 
| 604|0x0000000697000000, 0x0000000697000000, 0x0000000697400000|  0%| F|  |TAMS 0x0000000697000000| PB 0x0000000697000000| Untracked 
| 605|0x0000000697400000, 0x0000000697400000, 0x0000000697800000|  0%| F|  |TAMS 0x0000000697400000| PB 0x0000000697400000| Untracked 
| 606|0x0000000697800000, 0x0000000697800000, 0x0000000697c00000|  0%| F|  |TAMS 0x0000000697800000| PB 0x0000000697800000| Untracked 
| 607|0x0000000697c00000, 0x0000000697c00000, 0x0000000698000000|  0%| F|  |TAMS 0x0000000697c00000| PB 0x0000000697c00000| Untracked 
| 608|0x0000000698000000, 0x0000000698000000, 0x0000000698400000|  0%| F|  |TAMS 0x0000000698000000| PB 0x0000000698000000| Untracked 
| 609|0x0000000698400000, 0x0000000698400000, 0x0000000698800000|  0%| F|  |TAMS 0x0000000698400000| PB 0x0000000698400000| Untracked 
| 610|0x0000000698800000, 0x0000000698800000, 0x0000000698c00000|  0%| F|  |TAMS 0x0000000698800000| PB 0x0000000698800000| Untracked 
| 611|0x0000000698c00000, 0x0000000698c00000, 0x0000000699000000|  0%| F|  |TAMS 0x0000000698c00000| PB 0x0000000698c00000| Untracked 
| 612|0x0000000699000000, 0x0000000699000000, 0x0000000699400000|  0%| F|  |TAMS 0x0000000699000000| PB 0x0000000699000000| Untracked 
| 613|0x0000000699400000, 0x0000000699400000, 0x0000000699800000|  0%| F|  |TAMS 0x0000000699400000| PB 0x0000000699400000| Untracked 
| 614|0x0000000699800000, 0x0000000699800000, 0x0000000699c00000|  0%| F|  |TAMS 0x0000000699800000| PB 0x0000000699800000| Untracked 
| 615|0x0000000699c00000, 0x0000000699c00000, 0x000000069a000000|  0%| F|  |TAMS 0x0000000699c00000| PB 0x0000000699c00000| Untracked 
| 616|0x000000069a000000, 0x000000069a000000, 0x000000069a400000|  0%| F|  |TAMS 0x000000069a000000| PB 0x000000069a000000| Untracked 
| 617|0x000000069a400000, 0x000000069a400000, 0x000000069a800000|  0%| F|  |TAMS 0x000000069a400000| PB 0x000000069a400000| Untracked 
| 618|0x000000069a800000, 0x000000069a800000, 0x000000069ac00000|  0%| F|  |TAMS 0x000000069a800000| PB 0x000000069a800000| Untracked 
| 619|0x000000069ac00000, 0x000000069ac00000, 0x000000069b000000|  0%| F|  |TAMS 0x000000069ac00000| PB 0x000000069ac00000| Untracked 
| 620|0x000000069b000000, 0x000000069b000000, 0x000000069b400000|  0%| F|  |TAMS 0x000000069b000000| PB 0x000000069b000000| Untracked 
| 621|0x000000069b400000, 0x000000069b400000, 0x000000069b800000|  0%| F|  |TAMS 0x000000069b400000| PB 0x000000069b400000| Untracked 
| 622|0x000000069b800000, 0x000000069b800000, 0x000000069bc00000|  0%| F|  |TAMS 0x000000069b800000| PB 0x000000069b800000| Untracked 
| 623|0x000000069bc00000, 0x000000069bc00000, 0x000000069c000000|  0%| F|  |TAMS 0x000000069bc00000| PB 0x000000069bc00000| Untracked 
| 624|0x000000069c000000, 0x000000069c000000, 0x000000069c400000|  0%| F|  |TAMS 0x000000069c000000| PB 0x000000069c000000| Untracked 
| 625|0x000000069c400000, 0x000000069c400000, 0x000000069c800000|  0%| F|  |TAMS 0x000000069c400000| PB 0x000000069c400000| Untracked 
| 626|0x000000069c800000, 0x000000069c800000, 0x000000069cc00000|  0%| F|  |TAMS 0x000000069c800000| PB 0x000000069c800000| Untracked 
| 627|0x000000069cc00000, 0x000000069cc00000, 0x000000069d000000|  0%| F|  |TAMS 0x000000069cc00000| PB 0x000000069cc00000| Untracked 
| 628|0x000000069d000000, 0x000000069d000000, 0x000000069d400000|  0%| F|  |TAMS 0x000000069d000000| PB 0x000000069d000000| Untracked 
| 629|0x000000069d400000, 0x000000069d400000, 0x000000069d800000|  0%| F|  |TAMS 0x000000069d400000| PB 0x000000069d400000| Untracked 
| 630|0x000000069d800000, 0x000000069d800000, 0x000000069dc00000|  0%| F|  |TAMS 0x000000069d800000| PB 0x000000069d800000| Untracked 
| 631|0x000000069dc00000, 0x000000069dc00000, 0x000000069e000000|  0%| F|  |TAMS 0x000000069dc00000| PB 0x000000069dc00000| Untracked 
| 632|0x000000069e000000, 0x000000069e000000, 0x000000069e400000|  0%| F|  |TAMS 0x000000069e000000| PB 0x000000069e000000| Untracked 
| 633|0x000000069e400000, 0x000000069e400000, 0x000000069e800000|  0%| F|  |TAMS 0x000000069e400000| PB 0x000000069e400000| Untracked 
| 634|0x000000069e800000, 0x000000069e800000, 0x000000069ec00000|  0%| F|  |TAMS 0x000000069e800000| PB 0x000000069e800000| Untracked 
| 635|0x000000069ec00000, 0x000000069ec00000, 0x000000069f000000|  0%| F|  |TAMS 0x000000069ec00000| PB 0x000000069ec00000| Untracked 
| 636|0x000000069f000000, 0x000000069f000000, 0x000000069f400000|  0%| F|  |TAMS 0x000000069f000000| PB 0x000000069f000000| Untracked 
| 637|0x000000069f400000, 0x000000069f400000, 0x000000069f800000|  0%| F|  |TAMS 0x000000069f400000| PB 0x000000069f400000| Untracked 
| 638|0x000000069f800000, 0x000000069f800000, 0x000000069fc00000|  0%| F|  |TAMS 0x000000069f800000| PB 0x000000069f800000| Untracked 
| 639|0x000000069fc00000, 0x000000069fc00000, 0x00000006a0000000|  0%| F|  |TAMS 0x000000069fc00000| PB 0x000000069fc00000| Untracked 
| 640|0x00000006a0000000, 0x00000006a0000000, 0x00000006a0400000|  0%| F|  |TAMS 0x00000006a0000000| PB 0x00000006a0000000| Untracked 
| 641|0x00000006a0400000, 0x00000006a0400000, 0x00000006a0800000|  0%| F|  |TAMS 0x00000006a0400000| PB 0x00000006a0400000| Untracked 
| 642|0x00000006a0800000, 0x00000006a0800000, 0x00000006a0c00000|  0%| F|  |TAMS 0x00000006a0800000| PB 0x00000006a0800000| Untracked 
| 643|0x00000006a0c00000, 0x00000006a0c00000, 0x00000006a1000000|  0%| F|  |TAMS 0x00000006a0c00000| PB 0x00000006a0c00000| Untracked 
| 644|0x00000006a1000000, 0x00000006a1000000, 0x00000006a1400000|  0%| F|  |TAMS 0x00000006a1000000| PB 0x00000006a1000000| Untracked 
| 645|0x00000006a1400000, 0x00000006a1400000, 0x00000006a1800000|  0%| F|  |TAMS 0x00000006a1400000| PB 0x00000006a1400000| Untracked 
| 646|0x00000006a1800000, 0x00000006a1800000, 0x00000006a1c00000|  0%| F|  |TAMS 0x00000006a1800000| PB 0x00000006a1800000| Untracked 
| 647|0x00000006a1c00000, 0x00000006a1c00000, 0x00000006a2000000|  0%| F|  |TAMS 0x00000006a1c00000| PB 0x00000006a1c00000| Untracked 
| 648|0x00000006a2000000, 0x00000006a2000000, 0x00000006a2400000|  0%| F|  |TAMS 0x00000006a2000000| PB 0x00000006a2000000| Untracked 
| 649|0x00000006a2400000, 0x00000006a2400000, 0x00000006a2800000|  0%| F|  |TAMS 0x00000006a2400000| PB 0x00000006a2400000| Untracked 
| 650|0x00000006a2800000, 0x00000006a2800000, 0x00000006a2c00000|  0%| F|  |TAMS 0x00000006a2800000| PB 0x00000006a2800000| Untracked 
| 651|0x00000006a2c00000, 0x00000006a2c00000, 0x00000006a3000000|  0%| F|  |TAMS 0x00000006a2c00000| PB 0x00000006a2c00000| Untracked 
| 652|0x00000006a3000000, 0x00000006a3000000, 0x00000006a3400000|  0%| F|  |TAMS 0x00000006a3000000| PB 0x00000006a3000000| Untracked 
| 653|0x00000006a3400000, 0x00000006a3400000, 0x00000006a3800000|  0%| F|  |TAMS 0x00000006a3400000| PB 0x00000006a3400000| Untracked 
| 654|0x00000006a3800000, 0x00000006a3800000, 0x00000006a3c00000|  0%| F|  |TAMS 0x00000006a3800000| PB 0x00000006a3800000| Untracked 
| 655|0x00000006a3c00000, 0x00000006a3c00000, 0x00000006a4000000|  0%| F|  |TAMS 0x00000006a3c00000| PB 0x00000006a3c00000| Untracked 
| 656|0x00000006a4000000, 0x00000006a4000000, 0x00000006a4400000|  0%| F|  |TAMS 0x00000006a4000000| PB 0x00000006a4000000| Untracked 
| 657|0x00000006a4400000, 0x00000006a4400000, 0x00000006a4800000|  0%| F|  |TAMS 0x00000006a4400000| PB 0x00000006a4400000| Untracked 
| 658|0x00000006a4800000, 0x00000006a4800000, 0x00000006a4c00000|  0%| F|  |TAMS 0x00000006a4800000| PB 0x00000006a4800000| Untracked 
| 659|0x00000006a4c00000, 0x00000006a4c00000, 0x00000006a5000000|  0%| F|  |TAMS 0x00000006a4c00000| PB 0x00000006a4c00000| Untracked 
| 660|0x00000006a5000000, 0x00000006a5000000, 0x00000006a5400000|  0%| F|  |TAMS 0x00000006a5000000| PB 0x00000006a5000000| Untracked 
| 661|0x00000006a5400000, 0x00000006a5400000, 0x00000006a5800000|  0%| F|  |TAMS 0x00000006a5400000| PB 0x00000006a5400000| Untracked 
| 662|0x00000006a5800000, 0x00000006a5800000, 0x00000006a5c00000|  0%| F|  |TAMS 0x00000006a5800000| PB 0x00000006a5800000| Untracked 
| 663|0x00000006a5c00000, 0x00000006a5c00000, 0x00000006a6000000|  0%| F|  |TAMS 0x00000006a5c00000| PB 0x00000006a5c00000| Untracked 
| 664|0x00000006a6000000, 0x00000006a6000000, 0x00000006a6400000|  0%| F|  |TAMS 0x00000006a6000000| PB 0x00000006a6000000| Untracked 
| 665|0x00000006a6400000, 0x00000006a6400000, 0x00000006a6800000|  0%| F|  |TAMS 0x00000006a6400000| PB 0x00000006a6400000| Untracked 
| 666|0x00000006a6800000, 0x00000006a6800000, 0x00000006a6c00000|  0%| F|  |TAMS 0x00000006a6800000| PB 0x00000006a6800000| Untracked 
| 667|0x00000006a6c00000, 0x00000006a6c00000, 0x00000006a7000000|  0%| F|  |TAMS 0x00000006a6c00000| PB 0x00000006a6c00000| Untracked 
| 668|0x00000006a7000000, 0x00000006a7000000, 0x00000006a7400000|  0%| F|  |TAMS 0x00000006a7000000| PB 0x00000006a7000000| Untracked 
| 669|0x00000006a7400000, 0x00000006a7400000, 0x00000006a7800000|  0%| F|  |TAMS 0x00000006a7400000| PB 0x00000006a7400000| Untracked 
| 670|0x00000006a7800000, 0x00000006a7800000, 0x00000006a7c00000|  0%| F|  |TAMS 0x00000006a7800000| PB 0x00000006a7800000| Untracked 
| 671|0x00000006a7c00000, 0x00000006a7c00000, 0x00000006a8000000|  0%| F|  |TAMS 0x00000006a7c00000| PB 0x00000006a7c00000| Untracked 
| 672|0x00000006a8000000, 0x00000006a8000000, 0x00000006a8400000|  0%| F|  |TAMS 0x00000006a8000000| PB 0x00000006a8000000| Untracked 
| 673|0x00000006a8400000, 0x00000006a8400000, 0x00000006a8800000|  0%| F|  |TAMS 0x00000006a8400000| PB 0x00000006a8400000| Untracked 
| 674|0x00000006a8800000, 0x00000006a8800000, 0x00000006a8c00000|  0%| F|  |TAMS 0x00000006a8800000| PB 0x00000006a8800000| Untracked 
| 675|0x00000006a8c00000, 0x00000006a8c00000, 0x00000006a9000000|  0%| F|  |TAMS 0x00000006a8c00000| PB 0x00000006a8c00000| Untracked 
| 676|0x00000006a9000000, 0x00000006a9000000, 0x00000006a9400000|  0%| F|  |TAMS 0x00000006a9000000| PB 0x00000006a9000000| Untracked 
| 677|0x00000006a9400000, 0x00000006a9400000, 0x00000006a9800000|  0%| F|  |TAMS 0x00000006a9400000| PB 0x00000006a9400000| Untracked 
| 678|0x00000006a9800000, 0x00000006a9800000, 0x00000006a9c00000|  0%| F|  |TAMS 0x00000006a9800000| PB 0x00000006a9800000| Untracked 
| 679|0x00000006a9c00000, 0x00000006a9c00000, 0x00000006aa000000|  0%| F|  |TAMS 0x00000006a9c00000| PB 0x00000006a9c00000| Untracked 
| 680|0x00000006aa000000, 0x00000006aa000000, 0x00000006aa400000|  0%| F|  |TAMS 0x00000006aa000000| PB 0x00000006aa000000| Untracked 
| 681|0x00000006aa400000, 0x00000006aa400000, 0x00000006aa800000|  0%| F|  |TAMS 0x00000006aa400000| PB 0x00000006aa400000| Untracked 
| 682|0x00000006aa800000, 0x00000006aa800000, 0x00000006aac00000|  0%| F|  |TAMS 0x00000006aa800000| PB 0x00000006aa800000| Untracked 
| 683|0x00000006aac00000, 0x00000006aac00000, 0x00000006ab000000|  0%| F|  |TAMS 0x00000006aac00000| PB 0x00000006aac00000| Untracked 
| 684|0x00000006ab000000, 0x00000006ab000000, 0x00000006ab400000|  0%| F|  |TAMS 0x00000006ab000000| PB 0x00000006ab000000| Untracked 
| 685|0x00000006ab400000, 0x00000006ab400000, 0x00000006ab800000|  0%| F|  |TAMS 0x00000006ab400000| PB 0x00000006ab400000| Untracked 
| 686|0x00000006ab800000, 0x00000006ab800000, 0x00000006abc00000|  0%| F|  |TAMS 0x00000006ab800000| PB 0x00000006ab800000| Untracked 
| 687|0x00000006abc00000, 0x00000006abc00000, 0x00000006ac000000|  0%| F|  |TAMS 0x00000006abc00000| PB 0x00000006abc00000| Untracked 
| 688|0x00000006ac000000, 0x00000006ac000000, 0x00000006ac400000|  0%| F|  |TAMS 0x00000006ac000000| PB 0x00000006ac000000| Untracked 
| 689|0x00000006ac400000, 0x00000006ac400000, 0x00000006ac800000|  0%| F|  |TAMS 0x00000006ac400000| PB 0x00000006ac400000| Untracked 
| 690|0x00000006ac800000, 0x00000006ac800000, 0x00000006acc00000|  0%| F|  |TAMS 0x00000006ac800000| PB 0x00000006ac800000| Untracked 
| 691|0x00000006acc00000, 0x00000006acc00000, 0x00000006ad000000|  0%| F|  |TAMS 0x00000006acc00000| PB 0x00000006acc00000| Untracked 
| 692|0x00000006ad000000, 0x00000006ad000000, 0x00000006ad400000|  0%| F|  |TAMS 0x00000006ad000000| PB 0x00000006ad000000| Untracked 
| 693|0x00000006ad400000, 0x00000006ad400000, 0x00000006ad800000|  0%| F|  |TAMS 0x00000006ad400000| PB 0x00000006ad400000| Untracked 
| 694|0x00000006ad800000, 0x00000006ad800000, 0x00000006adc00000|  0%| F|  |TAMS 0x00000006ad800000| PB 0x00000006ad800000| Untracked 
| 695|0x00000006adc00000, 0x00000006adc00000, 0x00000006ae000000|  0%| F|  |TAMS 0x00000006adc00000| PB 0x00000006adc00000| Untracked 
| 696|0x00000006ae000000, 0x00000006ae000000, 0x00000006ae400000|  0%| F|  |TAMS 0x00000006ae000000| PB 0x00000006ae000000| Untracked 
| 697|0x00000006ae400000, 0x00000006ae400000, 0x00000006ae800000|  0%| F|  |TAMS 0x00000006ae400000| PB 0x00000006ae400000| Untracked 
| 698|0x00000006ae800000, 0x00000006ae800000, 0x00000006aec00000|  0%| F|  |TAMS 0x00000006ae800000| PB 0x00000006ae800000| Untracked 
| 699|0x00000006aec00000, 0x00000006aec00000, 0x00000006af000000|  0%| F|  |TAMS 0x00000006aec00000| PB 0x00000006aec00000| Untracked 
| 700|0x00000006af000000, 0x00000006af000000, 0x00000006af400000|  0%| F|  |TAMS 0x00000006af000000| PB 0x00000006af000000| Untracked 
| 701|0x00000006af400000, 0x00000006af400000, 0x00000006af800000|  0%| F|  |TAMS 0x00000006af400000| PB 0x00000006af400000| Untracked 
| 702|0x00000006af800000, 0x00000006af800000, 0x00000006afc00000|  0%| F|  |TAMS 0x00000006af800000| PB 0x00000006af800000| Untracked 
| 703|0x00000006afc00000, 0x00000006afc00000, 0x00000006b0000000|  0%| F|  |TAMS 0x00000006afc00000| PB 0x00000006afc00000| Untracked 
| 704|0x00000006b0000000, 0x00000006b0000000, 0x00000006b0400000|  0%| F|  |TAMS 0x00000006b0000000| PB 0x00000006b0000000| Untracked 
| 705|0x00000006b0400000, 0x00000006b0400000, 0x00000006b0800000|  0%| F|  |TAMS 0x00000006b0400000| PB 0x00000006b0400000| Untracked 
| 706|0x00000006b0800000, 0x00000006b0800000, 0x00000006b0c00000|  0%| F|  |TAMS 0x00000006b0800000| PB 0x00000006b0800000| Untracked 
| 707|0x00000006b0c00000, 0x00000006b0c00000, 0x00000006b1000000|  0%| F|  |TAMS 0x00000006b0c00000| PB 0x00000006b0c00000| Untracked 
| 708|0x00000006b1000000, 0x00000006b1000000, 0x00000006b1400000|  0%| F|  |TAMS 0x00000006b1000000| PB 0x00000006b1000000| Untracked 
| 709|0x00000006b1400000, 0x00000006b1400000, 0x00000006b1800000|  0%| F|  |TAMS 0x00000006b1400000| PB 0x00000006b1400000| Untracked 
| 710|0x00000006b1800000, 0x00000006b1800000, 0x00000006b1c00000|  0%| F|  |TAMS 0x00000006b1800000| PB 0x00000006b1800000| Untracked 
| 711|0x00000006b1c00000, 0x00000006b1c00000, 0x00000006b2000000|  0%| F|  |TAMS 0x00000006b1c00000| PB 0x00000006b1c00000| Untracked 
| 712|0x00000006b2000000, 0x00000006b2000000, 0x00000006b2400000|  0%| F|  |TAMS 0x00000006b2000000| PB 0x00000006b2000000| Untracked 
| 713|0x00000006b2400000, 0x00000006b2400000, 0x00000006b2800000|  0%| F|  |TAMS 0x00000006b2400000| PB 0x00000006b2400000| Untracked 
| 714|0x00000006b2800000, 0x00000006b2800000, 0x00000006b2c00000|  0%| F|  |TAMS 0x00000006b2800000| PB 0x00000006b2800000| Untracked 
| 715|0x00000006b2c00000, 0x00000006b2c00000, 0x00000006b3000000|  0%| F|  |TAMS 0x00000006b2c00000| PB 0x00000006b2c00000| Untracked 
| 716|0x00000006b3000000, 0x00000006b3000000, 0x00000006b3400000|  0%| F|  |TAMS 0x00000006b3000000| PB 0x00000006b3000000| Untracked 
| 717|0x00000006b3400000, 0x00000006b3400000, 0x00000006b3800000|  0%| F|  |TAMS 0x00000006b3400000| PB 0x00000006b3400000| Untracked 
| 718|0x00000006b3800000, 0x00000006b3800000, 0x00000006b3c00000|  0%| F|  |TAMS 0x00000006b3800000| PB 0x00000006b3800000| Untracked 
| 719|0x00000006b3c00000, 0x00000006b3c00000, 0x00000006b4000000|  0%| F|  |TAMS 0x00000006b3c00000| PB 0x00000006b3c00000| Untracked 
| 720|0x00000006b4000000, 0x00000006b4000000, 0x00000006b4400000|  0%| F|  |TAMS 0x00000006b4000000| PB 0x00000006b4000000| Untracked 
| 721|0x00000006b4400000, 0x00000006b4400000, 0x00000006b4800000|  0%| F|  |TAMS 0x00000006b4400000| PB 0x00000006b4400000| Untracked 
| 722|0x00000006b4800000, 0x00000006b4800000, 0x00000006b4c00000|  0%| F|  |TAMS 0x00000006b4800000| PB 0x00000006b4800000| Untracked 
| 723|0x00000006b4c00000, 0x00000006b4c00000, 0x00000006b5000000|  0%| F|  |TAMS 0x00000006b4c00000| PB 0x00000006b4c00000| Untracked 
| 724|0x00000006b5000000, 0x00000006b5000000, 0x00000006b5400000|  0%| F|  |TAMS 0x00000006b5000000| PB 0x00000006b5000000| Untracked 
| 725|0x00000006b5400000, 0x00000006b5400000, 0x00000006b5800000|  0%| F|  |TAMS 0x00000006b5400000| PB 0x00000006b5400000| Untracked 
| 726|0x00000006b5800000, 0x00000006b5800000, 0x00000006b5c00000|  0%| F|  |TAMS 0x00000006b5800000| PB 0x00000006b5800000| Untracked 
| 727|0x00000006b5c00000, 0x00000006b5c00000, 0x00000006b6000000|  0%| F|  |TAMS 0x00000006b5c00000| PB 0x00000006b5c00000| Untracked 
| 728|0x00000006b6000000, 0x00000006b6000000, 0x00000006b6400000|  0%| F|  |TAMS 0x00000006b6000000| PB 0x00000006b6000000| Untracked 
| 729|0x00000006b6400000, 0x00000006b6400000, 0x00000006b6800000|  0%| F|  |TAMS 0x00000006b6400000| PB 0x00000006b6400000| Untracked 
| 730|0x00000006b6800000, 0x00000006b6800000, 0x00000006b6c00000|  0%| F|  |TAMS 0x00000006b6800000| PB 0x00000006b6800000| Untracked 
| 731|0x00000006b6c00000, 0x00000006b6c00000, 0x00000006b7000000|  0%| F|  |TAMS 0x00000006b6c00000| PB 0x00000006b6c00000| Untracked 
| 732|0x00000006b7000000, 0x00000006b7000000, 0x00000006b7400000|  0%| F|  |TAMS 0x00000006b7000000| PB 0x00000006b7000000| Untracked 
| 733|0x00000006b7400000, 0x00000006b7400000, 0x00000006b7800000|  0%| F|  |TAMS 0x00000006b7400000| PB 0x00000006b7400000| Untracked 
| 734|0x00000006b7800000, 0x00000006b7800000, 0x00000006b7c00000|  0%| F|  |TAMS 0x00000006b7800000| PB 0x00000006b7800000| Untracked 
| 735|0x00000006b7c00000, 0x00000006b7c00000, 0x00000006b8000000|  0%| F|  |TAMS 0x00000006b7c00000| PB 0x00000006b7c00000| Untracked 
| 736|0x00000006b8000000, 0x00000006b8000000, 0x00000006b8400000|  0%| F|  |TAMS 0x00000006b8000000| PB 0x00000006b8000000| Untracked 
| 737|0x00000006b8400000, 0x00000006b8400000, 0x00000006b8800000|  0%| F|  |TAMS 0x00000006b8400000| PB 0x00000006b8400000| Untracked 
| 738|0x00000006b8800000, 0x00000006b8800000, 0x00000006b8c00000|  0%| F|  |TAMS 0x00000006b8800000| PB 0x00000006b8800000| Untracked 
| 739|0x00000006b8c00000, 0x00000006b8c00000, 0x00000006b9000000|  0%| F|  |TAMS 0x00000006b8c00000| PB 0x00000006b8c00000| Untracked 
| 740|0x00000006b9000000, 0x00000006b9000000, 0x00000006b9400000|  0%| F|  |TAMS 0x00000006b9000000| PB 0x00000006b9000000| Untracked 
| 741|0x00000006b9400000, 0x00000006b9400000, 0x00000006b9800000|  0%| F|  |TAMS 0x00000006b9400000| PB 0x00000006b9400000| Untracked 
| 742|0x00000006b9800000, 0x00000006b9800000, 0x00000006b9c00000|  0%| F|  |TAMS 0x00000006b9800000| PB 0x00000006b9800000| Untracked 
| 743|0x00000006b9c00000, 0x00000006b9c00000, 0x00000006ba000000|  0%| F|  |TAMS 0x00000006b9c00000| PB 0x00000006b9c00000| Untracked 
| 744|0x00000006ba000000, 0x00000006ba000000, 0x00000006ba400000|  0%| F|  |TAMS 0x00000006ba000000| PB 0x00000006ba000000| Untracked 
| 745|0x00000006ba400000, 0x00000006ba400000, 0x00000006ba800000|  0%| F|  |TAMS 0x00000006ba400000| PB 0x00000006ba400000| Untracked 
| 746|0x00000006ba800000, 0x00000006ba800000, 0x00000006bac00000|  0%| F|  |TAMS 0x00000006ba800000| PB 0x00000006ba800000| Untracked 
| 747|0x00000006bac00000, 0x00000006bac00000, 0x00000006bb000000|  0%| F|  |TAMS 0x00000006bac00000| PB 0x00000006bac00000| Untracked 
| 748|0x00000006bb000000, 0x00000006bb000000, 0x00000006bb400000|  0%| F|  |TAMS 0x00000006bb000000| PB 0x00000006bb000000| Untracked 
| 749|0x00000006bb400000, 0x00000006bb400000, 0x00000006bb800000|  0%| F|  |TAMS 0x00000006bb400000| PB 0x00000006bb400000| Untracked 
| 750|0x00000006bb800000, 0x00000006bb800000, 0x00000006bbc00000|  0%| F|  |TAMS 0x00000006bb800000| PB 0x00000006bb800000| Untracked 
| 751|0x00000006bbc00000, 0x00000006bbc00000, 0x00000006bc000000|  0%| F|  |TAMS 0x00000006bbc00000| PB 0x00000006bbc00000| Untracked 
| 752|0x00000006bc000000, 0x00000006bc000000, 0x00000006bc400000|  0%| F|  |TAMS 0x00000006bc000000| PB 0x00000006bc000000| Untracked 
| 753|0x00000006bc400000, 0x00000006bc400000, 0x00000006bc800000|  0%| F|  |TAMS 0x00000006bc400000| PB 0x00000006bc400000| Untracked 
| 754|0x00000006bc800000, 0x00000006bc800000, 0x00000006bcc00000|  0%| F|  |TAMS 0x00000006bc800000| PB 0x00000006bc800000| Untracked 
| 755|0x00000006bcc00000, 0x00000006bcc00000, 0x00000006bd000000|  0%| F|  |TAMS 0x00000006bcc00000| PB 0x00000006bcc00000| Untracked 
| 756|0x00000006bd000000, 0x00000006bd000000, 0x00000006bd400000|  0%| F|  |TAMS 0x00000006bd000000| PB 0x00000006bd000000| Untracked 
| 757|0x00000006bd400000, 0x00000006bd400000, 0x00000006bd800000|  0%| F|  |TAMS 0x00000006bd400000| PB 0x00000006bd400000| Untracked 
| 758|0x00000006bd800000, 0x00000006bd800000, 0x00000006bdc00000|  0%| F|  |TAMS 0x00000006bd800000| PB 0x00000006bd800000| Untracked 
| 759|0x00000006bdc00000, 0x00000006bdc00000, 0x00000006be000000|  0%| F|  |TAMS 0x00000006bdc00000| PB 0x00000006bdc00000| Untracked 
| 760|0x00000006be000000, 0x00000006be000000, 0x00000006be400000|  0%| F|  |TAMS 0x00000006be000000| PB 0x00000006be000000| Untracked 
| 761|0x00000006be400000, 0x00000006be400000, 0x00000006be800000|  0%| F|  |TAMS 0x00000006be400000| PB 0x00000006be400000| Untracked 
| 762|0x00000006be800000, 0x00000006be800000, 0x00000006bec00000|  0%| F|  |TAMS 0x00000006be800000| PB 0x00000006be800000| Untracked 
| 763|0x00000006bec00000, 0x00000006bec00000, 0x00000006bf000000|  0%| F|  |TAMS 0x00000006bec00000| PB 0x00000006bec00000| Untracked 
| 764|0x00000006bf000000, 0x00000006bf000000, 0x00000006bf400000|  0%| F|  |TAMS 0x00000006bf000000| PB 0x00000006bf000000| Untracked 
| 765|0x00000006bf400000, 0x00000006bf400000, 0x00000006bf800000|  0%| F|  |TAMS 0x00000006bf400000| PB 0x00000006bf400000| Untracked 
| 766|0x00000006bf800000, 0x00000006bf800000, 0x00000006bfc00000|  0%| F|  |TAMS 0x00000006bf800000| PB 0x00000006bf800000| Untracked 
| 767|0x00000006bfc00000, 0x00000006bfc00000, 0x00000006c0000000|  0%| F|  |TAMS 0x00000006bfc00000| PB 0x00000006bfc00000| Untracked 
| 768|0x00000006c0000000, 0x00000006c0000000, 0x00000006c0400000|  0%| F|  |TAMS 0x00000006c0000000| PB 0x00000006c0000000| Untracked 
| 769|0x00000006c0400000, 0x00000006c0400000, 0x00000006c0800000|  0%| F|  |TAMS 0x00000006c0400000| PB 0x00000006c0400000| Untracked 
| 770|0x00000006c0800000, 0x00000006c0800000, 0x00000006c0c00000|  0%| F|  |TAMS 0x00000006c0800000| PB 0x00000006c0800000| Untracked 
| 771|0x00000006c0c00000, 0x00000006c0c00000, 0x00000006c1000000|  0%| F|  |TAMS 0x00000006c0c00000| PB 0x00000006c0c00000| Untracked 
| 772|0x00000006c1000000, 0x00000006c1000000, 0x00000006c1400000|  0%| F|  |TAMS 0x00000006c1000000| PB 0x00000006c1000000| Untracked 
| 773|0x00000006c1400000, 0x00000006c1400000, 0x00000006c1800000|  0%| F|  |TAMS 0x00000006c1400000| PB 0x00000006c1400000| Untracked 
| 774|0x00000006c1800000, 0x00000006c1800000, 0x00000006c1c00000|  0%| F|  |TAMS 0x00000006c1800000| PB 0x00000006c1800000| Untracked 
| 775|0x00000006c1c00000, 0x00000006c1c00000, 0x00000006c2000000|  0%| F|  |TAMS 0x00000006c1c00000| PB 0x00000006c1c00000| Untracked 
| 776|0x00000006c2000000, 0x00000006c2000000, 0x00000006c2400000|  0%| F|  |TAMS 0x00000006c2000000| PB 0x00000006c2000000| Untracked 
| 777|0x00000006c2400000, 0x00000006c2400000, 0x00000006c2800000|  0%| F|  |TAMS 0x00000006c2400000| PB 0x00000006c2400000| Untracked 
| 778|0x00000006c2800000, 0x00000006c2800000, 0x00000006c2c00000|  0%| F|  |TAMS 0x00000006c2800000| PB 0x00000006c2800000| Untracked 
| 779|0x00000006c2c00000, 0x00000006c2c00000, 0x00000006c3000000|  0%| F|  |TAMS 0x00000006c2c00000| PB 0x00000006c2c00000| Untracked 
| 780|0x00000006c3000000, 0x00000006c3000000, 0x00000006c3400000|  0%| F|  |TAMS 0x00000006c3000000| PB 0x00000006c3000000| Untracked 
| 781|0x00000006c3400000, 0x00000006c3400000, 0x00000006c3800000|  0%| F|  |TAMS 0x00000006c3400000| PB 0x00000006c3400000| Untracked 
| 782|0x00000006c3800000, 0x00000006c3800000, 0x00000006c3c00000|  0%| F|  |TAMS 0x00000006c3800000| PB 0x00000006c3800000| Untracked 
| 783|0x00000006c3c00000, 0x00000006c3c00000, 0x00000006c4000000|  0%| F|  |TAMS 0x00000006c3c00000| PB 0x00000006c3c00000| Untracked 
| 784|0x00000006c4000000, 0x00000006c4000000, 0x00000006c4400000|  0%| F|  |TAMS 0x00000006c4000000| PB 0x00000006c4000000| Untracked 
| 785|0x00000006c4400000, 0x00000006c4400000, 0x00000006c4800000|  0%| F|  |TAMS 0x00000006c4400000| PB 0x00000006c4400000| Untracked 
| 786|0x00000006c4800000, 0x00000006c4800000, 0x00000006c4c00000|  0%| F|  |TAMS 0x00000006c4800000| PB 0x00000006c4800000| Untracked 
| 787|0x00000006c4c00000, 0x00000006c4c00000, 0x00000006c5000000|  0%| F|  |TAMS 0x00000006c4c00000| PB 0x00000006c4c00000| Untracked 
| 788|0x00000006c5000000, 0x00000006c5000000, 0x00000006c5400000|  0%| F|  |TAMS 0x00000006c5000000| PB 0x00000006c5000000| Untracked 
| 789|0x00000006c5400000, 0x00000006c5400000, 0x00000006c5800000|  0%| F|  |TAMS 0x00000006c5400000| PB 0x00000006c5400000| Untracked 
| 790|0x00000006c5800000, 0x00000006c5800000, 0x00000006c5c00000|  0%| F|  |TAMS 0x00000006c5800000| PB 0x00000006c5800000| Untracked 
| 791|0x00000006c5c00000, 0x00000006c5c00000, 0x00000006c6000000|  0%| F|  |TAMS 0x00000006c5c00000| PB 0x00000006c5c00000| Untracked 
| 792|0x00000006c6000000, 0x00000006c6000000, 0x00000006c6400000|  0%| F|  |TAMS 0x00000006c6000000| PB 0x00000006c6000000| Untracked 
| 793|0x00000006c6400000, 0x00000006c6400000, 0x00000006c6800000|  0%| F|  |TAMS 0x00000006c6400000| PB 0x00000006c6400000| Untracked 
| 794|0x00000006c6800000, 0x00000006c6800000, 0x00000006c6c00000|  0%| F|  |TAMS 0x00000006c6800000| PB 0x00000006c6800000| Untracked 
| 795|0x00000006c6c00000, 0x00000006c6c00000, 0x00000006c7000000|  0%| F|  |TAMS 0x00000006c6c00000| PB 0x00000006c6c00000| Untracked 
| 796|0x00000006c7000000, 0x00000006c7000000, 0x00000006c7400000|  0%| F|  |TAMS 0x00000006c7000000| PB 0x00000006c7000000| Untracked 
| 797|0x00000006c7400000, 0x00000006c7400000, 0x00000006c7800000|  0%| F|  |TAMS 0x00000006c7400000| PB 0x00000006c7400000| Untracked 
| 798|0x00000006c7800000, 0x00000006c7800000, 0x00000006c7c00000|  0%| F|  |TAMS 0x00000006c7800000| PB 0x00000006c7800000| Untracked 
| 799|0x00000006c7c00000, 0x00000006c7c00000, 0x00000006c8000000|  0%| F|  |TAMS 0x00000006c7c00000| PB 0x00000006c7c00000| Untracked 
| 800|0x00000006c8000000, 0x00000006c8000000, 0x00000006c8400000|  0%| F|  |TAMS 0x00000006c8000000| PB 0x00000006c8000000| Untracked 
| 801|0x00000006c8400000, 0x00000006c8400000, 0x00000006c8800000|  0%| F|  |TAMS 0x00000006c8400000| PB 0x00000006c8400000| Untracked 
| 802|0x00000006c8800000, 0x00000006c8800000, 0x00000006c8c00000|  0%| F|  |TAMS 0x00000006c8800000| PB 0x00000006c8800000| Untracked 
| 803|0x00000006c8c00000, 0x00000006c8c00000, 0x00000006c9000000|  0%| F|  |TAMS 0x00000006c8c00000| PB 0x00000006c8c00000| Untracked 
| 804|0x00000006c9000000, 0x00000006c9400000, 0x00000006c9400000|100%| S|CS|TAMS 0x00000006c9000000| PB 0x00000006c9000000| Complete 
| 805|0x00000006c9400000, 0x00000006c9800000, 0x00000006c9800000|100%| S|CS|TAMS 0x00000006c9400000| PB 0x00000006c9400000| Complete 
| 806|0x00000006c9800000, 0x00000006c9c00000, 0x00000006c9c00000|100%| S|CS|TAMS 0x00000006c9800000| PB 0x00000006c9800000| Complete 
| 807|0x00000006c9c00000, 0x00000006ca000000, 0x00000006ca000000|100%| S|CS|TAMS 0x00000006c9c00000| PB 0x00000006c9c00000| Complete 
| 808|0x00000006ca000000, 0x00000006ca400000, 0x00000006ca400000|100%| S|CS|TAMS 0x00000006ca000000| PB 0x00000006ca000000| Complete 
| 809|0x00000006ca400000, 0x00000006ca400000, 0x00000006ca800000|  0%| F|  |TAMS 0x00000006ca400000| PB 0x00000006ca400000| Untracked 
| 810|0x00000006ca800000, 0x00000006ca800000, 0x00000006cac00000|  0%| F|  |TAMS 0x00000006ca800000| PB 0x00000006ca800000| Untracked 
| 811|0x00000006cac00000, 0x00000006cac00000, 0x00000006cb000000|  0%| F|  |TAMS 0x00000006cac00000| PB 0x00000006cac00000| Untracked 
| 812|0x00000006cb000000, 0x00000006cb000000, 0x00000006cb400000|  0%| F|  |TAMS 0x00000006cb000000| PB 0x00000006cb000000| Untracked 
| 813|0x00000006cb400000, 0x00000006cb400000, 0x00000006cb800000|  0%| F|  |TAMS 0x00000006cb400000| PB 0x00000006cb400000| Untracked 
|2041|0x00000007fe400000, 0x00000007fe7ad2f8, 0x00000007fe800000| 91%| E|  |TAMS 0x00000007fe400000| PB 0x00000007fe400000| Complete 
|2042|0x00000007fe800000, 0x00000007fec00000, 0x00000007fec00000|100%| E|CS|TAMS 0x00000007fe800000| PB 0x00000007fe800000| Complete 
|2043|0x00000007fec00000, 0x00000007ff000000, 0x00000007ff000000|100%| E|CS|TAMS 0x00000007fec00000| PB 0x00000007fec00000| Complete 
|2044|0x00000007ff000000, 0x00000007ff400000, 0x00000007ff400000|100%| E|CS|TAMS 0x00000007ff000000| PB 0x00000007ff000000| Complete 
|2045|0x00000007ff400000, 0x00000007ff800000, 0x00000007ff800000|100%| E|CS|TAMS 0x00000007ff400000| PB 0x00000007ff400000| Complete 
|2046|0x00000007ff800000, 0x00000007ffc00000, 0x00000007ffc00000|100%| O|  |TAMS 0x00000007ff800000| PB 0x00000007ff800000| Untracked 
|2047|0x00000007ffc00000, 0x0000000800000000, 0x0000000800000000|100%| O|  |TAMS 0x00000007ffc00000| PB 0x00000007ffc00000| Untracked 

Card table byte_map: [0x000001eb45740000,0x000001eb46740000] _byte_map_base: 0x000001eb42740000

Marking Bits: (CMBitMap*) 0x000001eb2ca8ab70
 Bits: [0x000001eb46740000, 0x000001eb4e740000)

Polling page: 0x000001eb2a840000

Metaspace:

Usage:
  Non-class:    148.38 MB used.
      Class:     23.75 MB used.
       Both:    172.13 MB used.

Virtual space:
  Non-class space:      192.00 MB reserved,     149.81 MB ( 78%) committed,  3 nodes.
      Class space:        1.00 GB reserved,      25.19 MB (  2%) committed,  1 nodes.
             Both:        1.19 GB reserved,     175.00 MB ( 14%) committed. 

Chunk freelists:
   Non-Class:  10.17 MB
       Class:  6.86 MB
        Both:  17.03 MB

MaxMetaspaceSize: unlimited
CompressedClassSpaceSize: 1.00 GB
Initial GC threshold: 21.00 MB
Current GC threshold: 286.56 MB
CDS: on
 - commit_granule_bytes: 65536.
 - commit_granule_words: 8192.
 - virtual_space_node_default_size: 8388608.
 - enlarge_chunks_in_place: 1.
 - use_allocation_guard: 0.


Internal statistics:

num_allocs_failed_limit: 9.
num_arena_births: 5260.
num_arena_deaths: 114.
num_vsnodes_births: 4.
num_vsnodes_deaths: 0.
num_space_committed: 2801.
num_space_uncommitted: 2.
num_chunks_returned_to_freelist: 190.
num_chunks_taken_from_freelist: 13540.
num_chunk_merges: 80.
num_chunk_splits: 8874.
num_chunks_enlarged: 5747.
num_inconsistent_stats: 0.

CodeHeap 'non-profiled nmethods': size=120000Kb used=16812Kb max_used=18036Kb free=103187Kb
 bounds [0x000001eb3ccc0000, 0x000001eb3dfd0000, 0x000001eb441f0000]
CodeHeap 'profiled nmethods': size=120000Kb used=40362Kb max_used=42713Kb free=79637Kb
 bounds [0x000001eb351f0000, 0x000001eb37c60000, 0x000001eb3c720000]
CodeHeap 'non-nmethods': size=5760Kb used=3408Kb max_used=3516Kb free=2351Kb
 bounds [0x000001eb3c720000, 0x000001eb3caa0000, 0x000001eb3ccc0000]
 total_blobs=19312 nmethods=18181 adapters=1032
 compilation: enabled
              stopped_count=0, restarted_count=0
 full_count=0

Compilation events (20 events):
Event: 40.074 Thread 0x000001eb51425e70 nmethod 33003 0x000001eb35ce5a10 code [0x000001eb35ce5e20, 0x000001eb35ce7810]
Event: 40.074 Thread 0x000001eb51425e70 33001   !   2       com.android.tools.r8.internal.LM::<init> (742 bytes)
Event: 40.076 Thread 0x000001eb51425e70 nmethod 33001 0x000001eb36a1a810 code [0x000001eb36a1ac80, 0x000001eb36a1cc78]
Event: 40.076 Thread 0x000001eb51425e70 33012 %     3       com.android.tools.r8.internal.qe::a @ 870 (2445 bytes)
Event: 40.083 Thread 0x000001eb51425e70 nmethod 33012% 0x000001eb37c28d90 code [0x000001eb37c2a4c0, 0x000001eb37c3adb0]
Event: 40.083 Thread 0x000001eb51425e70 33031 % !   3       com.android.tools.r8.internal.G90::<init> @ 592 (3004 bytes)
Event: 40.086 Thread 0x000001eb51425e70 

Event: 40.086 Thread 0x000001eb51425e70 33052 %     3       com.android.tools.r8.internal.AM::<init> @ 158 (233 bytes)
Event: 40.087 Thread 0x000001eb51425e70 nmethod 33052% 0x000001eb377ee710 code [0x000001eb377eec80, 0x000001eb377f1810]
Event: 40.087 Thread 0x000001eb51425e70 33049       3       com.android.tools.r8.internal.G90::a (1099 bytes)
Event: 40.090 Thread 0x000001eb51425e70 nmethod 33049 0x000001eb366eda90 code [0x000001eb366ee680, 0x000001eb366f52a0]
Event: 40.090 Thread 0x000001eb51425e70 33017       3       com.android.tools.r8.kotlin.q::a (54 bytes)
Event: 40.090 Thread 0x000001eb51425e70 nmethod 33017 0x000001eb362d7390 code [0x000001eb362d7580, 0x000001eb362d7ac8]
Event: 40.090 Thread 0x000001eb51425e70 33018       3       com.android.tools.r8.kotlin.q::a (78 bytes)
Event: 40.090 Thread 0x000001eb51425e70 nmethod 33018 0x000001eb36307390 code [0x000001eb363075c0, 0x000001eb36307f48]
Event: 40.090 Thread 0x000001eb51425e70 33015   !   3       com.android.tools.r8.internal.tR::a (421 bytes)
Event: 40.091 Thread 0x000001eb51425e70 nmethod 33015 0x000001eb377ea010 code [0x000001eb377ea4c0, 0x000001eb377ec5f0]
Event: 40.091 Thread 0x000001eb51425e70 33048       3       com.android.tools.r8.internal.J90::a (149 bytes)
Event: 40.092 Thread 0x000001eb51425e70 nmethod 33048 0x000001eb37623e90 code [0x000001eb376241c0, 0x000001eb376250d8]
Event: 40.092 Thread 0x000001eb51425e70 33043       3       com.android.tools.r8.internal.KQ::<init> (114 bytes)

GC Heap History (20 events):
Event: 35.968 GC heap after
{Heap after GC invocations=85 (full 0):
 garbage-first heap   total 1597440K, used 606504K [0x0000000600000000, 0x0000000800000000)
  region size 4096K, 12 young (49152K), 12 survivors (49152K)
 Metaspace       used 172539K, committed 175488K, reserved 1245184K
  class space    used 23868K, committed 25344K, reserved 1048576K
}
Event: 36.293 GC heap before
{Heap before GC invocations=85 (full 0):
 garbage-first heap   total 1597440K, used 1454376K [0x0000000600000000, 0x0000000800000000)
  region size 4096K, 219 young (897024K), 12 survivors (49152K)
 Metaspace       used 172719K, committed 175680K, reserved 1245184K
  class space    used 23886K, committed 25344K, reserved 1048576K
}
Event: 36.308 GC heap after
{Heap after GC invocations=86 (full 0):
 garbage-first heap   total 1597440K, used 624039K [0x0000000600000000, 0x0000000800000000)
  region size 4096K, 16 young (65536K), 16 survivors (65536K)
 Metaspace       used 172719K, committed 175680K, reserved 1245184K
  class space    used 23886K, committed 25344K, reserved 1048576K
}
Event: 36.741 GC heap before
{Heap before GC invocations=87 (full 0):
 garbage-first heap   total 1597440K, used 1443239K [0x0000000600000000, 0x0000000800000000)
  region size 4096K, 217 young (888832K), 16 survivors (65536K)
 Metaspace       used 172785K, committed 175680K, reserved 1245184K
  class space    used 23890K, committed 25344K, reserved 1048576K
}
Event: 36.757 GC heap after
{Heap after GC invocations=88 (full 0):
 garbage-first heap   total 1597440K, used 632610K [0x0000000600000000, 0x0000000800000000)
  region size 4096K, 17 young (69632K), 17 survivors (69632K)
 Metaspace       used 172785K, committed 175680K, reserved 1245184K
  class space    used 23890K, committed 25344K, reserved 1048576K
}
Event: 37.038 GC heap before
{Heap before GC invocations=88 (full 0):
 garbage-first heap   total 1597440K, used 1439522K [0x0000000600000000, 0x0000000800000000)
  region size 4096K, 214 young (876544K), 17 survivors (69632K)
 Metaspace       used 172813K, committed 175744K, reserved 1245184K
  class space    used 23890K, committed 25344K, reserved 1048576K
}
Event: 37.056 GC heap after
{Heap after GC invocations=89 (full 0):
 garbage-first heap   total 1597440K, used 634618K [0x0000000600000000, 0x0000000800000000)
  region size 4096K, 15 young (61440K), 15 survivors (61440K)
 Metaspace       used 172813K, committed 175744K, reserved 1245184K
  class space    used 23890K, committed 25344K, reserved 1048576K
}
Event: 37.345 GC heap before
{Heap before GC invocations=89 (full 0):
 garbage-first heap   total 1597440K, used 1445626K [0x0000000600000000, 0x0000000800000000)
  region size 4096K, 214 young (876544K), 15 survivors (61440K)
 Metaspace       used 172830K, committed 175744K, reserved 1245184K
  class space    used 23890K, committed 25344K, reserved 1048576K
}
Event: 37.361 GC heap after
{Heap after GC invocations=90 (full 0):
 garbage-first heap   total 2596864K, used 647844K [0x0000000600000000, 0x0000000800000000)
  region size 4096K, 18 young (73728K), 18 survivors (73728K)
 Metaspace       used 172830K, committed 175744K, reserved 1245184K
  class space    used 23890K, committed 25344K, reserved 1048576K
}
Event: 37.873 GC heap before
{Heap before GC invocations=91 (full 0):
 garbage-first heap   total 2170880K, used 1872548K [0x0000000600000000, 0x0000000800000000)
  region size 4096K, 318 young (1302528K), 18 survivors (73728K)
 Metaspace       used 172881K, committed 175808K, reserved 1245184K
  class space    used 23898K, committed 25344K, reserved 1048576K
}
Event: 37.892 GC heap after
{Heap after GC invocations=92 (full 0):
 garbage-first heap   total 2170880K, used 663423K [0x0000000600000000, 0x0000000800000000)
  region size 4096K, 22 young (90112K), 22 survivors (90112K)
 Metaspace       used 172881K, committed 175808K, reserved 1245184K
  class space    used 23898K, committed 25344K, reserved 1048576K
}
Event: 38.252 GC heap before
{Heap before GC invocations=92 (full 0):
 garbage-first heap   total 2170880K, used 1871743K [0x0000000600000000, 0x0000000800000000)
  region size 4096K, 318 young (1302528K), 22 survivors (90112K)
 Metaspace       used 172912K, committed 175808K, reserved 1245184K
  class space    used 23902K, committed 25344K, reserved 1048576K
}
Event: 38.275 GC heap after
{Heap after GC invocations=93 (full 0):
 garbage-first heap   total 2170880K, used 657022K [0x0000000600000000, 0x0000000800000000)
  region size 4096K, 25 young (102400K), 25 survivors (102400K)
 Metaspace       used 172912K, committed 175808K, reserved 1245184K
  class space    used 23902K, committed 25344K, reserved 1048576K
}
Event: 38.651 GC heap before
{Heap before GC invocations=93 (full 0):
 garbage-first heap   total 2170880K, used 1853054K [0x0000000600000000, 0x0000000800000000)
  region size 4096K, 318 young (1302528K), 25 survivors (102400K)
 Metaspace       used 172969K, committed 175872K, reserved 1245184K
  class space    used 23916K, committed 25344K, reserved 1048576K
}
Event: 38.674 GC heap after
{Heap after GC invocations=94 (full 0):
 garbage-first heap   total 2170880K, used 671778K [0x0000000600000000, 0x0000000800000000)
  region size 4096K, 24 young (98304K), 24 survivors (98304K)
 Metaspace       used 172969K, committed 175872K, reserved 1245184K
  class space    used 23916K, committed 25344K, reserved 1048576K
}
Event: 39.047 GC heap before
{Heap before GC invocations=94 (full 0):
 garbage-first heap   total 2170880K, used 1871906K [0x0000000600000000, 0x0000000800000000)
  region size 4096K, 318 young (1302528K), 24 survivors (98304K)
 Metaspace       used 173019K, committed 175872K, reserved 1245184K
  class space    used 23920K, committed 25344K, reserved 1048576K
}
Event: 39.069 GC heap after
{Heap after GC invocations=95 (full 0):
 garbage-first heap   total 2170880K, used 683057K [0x0000000600000000, 0x0000000800000000)
  region size 4096K, 23 young (94208K), 23 survivors (94208K)
 Metaspace       used 173019K, committed 175872K, reserved 1245184K
  class space    used 23920K, committed 25344K, reserved 1048576K
}
Event: 39.552 GC heap before
{Heap before GC invocations=96 (full 0):
 garbage-first heap   total 2170880K, used 1887281K [0x0000000600000000, 0x0000000800000000)
  region size 4096K, 318 young (1302528K), 23 survivors (94208K)
 Metaspace       used 174346K, committed 177216K, reserved 1245184K
  class space    used 24098K, committed 25536K, reserved 1048576K
}
Event: 39.575 GC heap after
{Heap after GC invocations=97 (full 0):
 garbage-first heap   total 2170880K, used 689991K [0x0000000600000000, 0x0000000800000000)
  region size 4096K, 22 young (90112K), 22 survivors (90112K)
 Metaspace       used 174346K, committed 177216K, reserved 1245184K
  class space    used 24098K, committed 25536K, reserved 1048576K
}
Event: 40.092 GC heap before
{Heap before GC invocations=97 (full 0):
 garbage-first heap   total 2170880K, used 1902407K [0x0000000600000000, 0x0000000800000000)
  region size 4096K, 318 young (1302528K), 22 survivors (90112K)
 Metaspace       used 176244K, committed 179136K, reserved 1245184K
  class space    used 24318K, committed 25792K, reserved 1048576K
}

Dll operation events (16 events):
Event: 0.006 Loaded shared library C:\Program Files\Zulu\zulu-21\bin\java.dll
Event: 0.020 Loaded shared library C:\Program Files\Zulu\zulu-21\bin\jsvml.dll
Event: 0.037 Loaded shared library C:\Program Files\Zulu\zulu-21\bin\zip.dll
Event: 0.039 Loaded shared library C:\Program Files\Zulu\zulu-21\bin\instrument.dll
Event: 0.041 Loaded shared library C:\Program Files\Zulu\zulu-21\bin\net.dll
Event: 0.042 Loaded shared library C:\Program Files\Zulu\zulu-21\bin\nio.dll
Event: 0.044 Loaded shared library C:\Program Files\Zulu\zulu-21\bin\zip.dll
Event: 0.192 Loaded shared library C:\Program Files\Zulu\zulu-21\bin\jimage.dll
Event: 0.269 Loaded shared library C:\Program Files\Zulu\zulu-21\bin\verify.dll
Event: 0.309 Loaded shared library C:\Users\Administrator\.gradle\native\1def1411415f61bf3af743bc5b6707747c0891f09f0c88961ee8f79bc544acac\windows-amd64\native-platform.dll
Event: 0.313 Loaded shared library C:\Users\Administrator\.gradle\native\0.2.7\x86_64-windows-gnu\gradle-fileevents.dll
Event: 0.865 Loaded shared library C:\Program Files\Zulu\zulu-21\bin\management.dll
Event: 0.866 Loaded shared library C:\Program Files\Zulu\zulu-21\bin\management_ext.dll
Event: 0.920 Loaded shared library C:\Program Files\Zulu\zulu-21\bin\extnet.dll
Event: 1.003 Loaded shared library C:\Program Files\Zulu\zulu-21\bin\sunmscapi.dll
Event: 17.332 Loaded shared library C:\Program Files\Zulu\zulu-21\bin\rmi.dll

Deoptimization events (20 events):
Event: 40.050 Thread 0x000001eba44b3200 DEOPT PACKING pc=0x000001eb37c02a76 sp=0x0000002c039fca40
Event: 40.050 Thread 0x000001eba44b3200 DEOPT UNPACKING pc=0x000001eb3c7788e2 sp=0x0000002c039fc2a8 mode 0
Event: 40.053 Thread 0x000001eba44b3200 DEOPT PACKING pc=0x000001eb375c51cb sp=0x0000002c039fbf80
Event: 40.053 Thread 0x000001eba44b3200 DEOPT UNPACKING pc=0x000001eb3c7788e2 sp=0x0000002c039fb580 mode 0
Event: 40.054 Thread 0x000001eb9f221e60 DEOPT PACKING pc=0x000001eb35f3081a sp=0x0000002c025fc780
Event: 40.054 Thread 0x000001eb9f221e60 DEOPT UNPACKING pc=0x000001eb3c7788e2 sp=0x0000002c025fbc88 mode 0
Event: 40.057 Thread 0x000001eba44b5960 DEOPT PACKING pc=0x000001eb3789ad35 sp=0x0000002c03bfbe70
Event: 40.057 Thread 0x000001eba44b5960 DEOPT UNPACKING pc=0x000001eb3c7788e2 sp=0x0000002c03bfb718 mode 0
Event: 40.061 Thread 0x000001eb9f221e60 DEOPT PACKING pc=0x000001eb3606798e sp=0x0000002c025fbff0
Event: 40.061 Thread 0x000001eb9f221e60 DEOPT UNPACKING pc=0x000001eb3c7788e2 sp=0x0000002c025fb578 mode 0
Event: 40.063 Thread 0x000001eb9f221e60 DEOPT PACKING pc=0x000001eb35f3081a sp=0x0000002c025fc840
Event: 40.063 Thread 0x000001eb9f221e60 DEOPT UNPACKING pc=0x000001eb3c7788e2 sp=0x0000002c025fbd48 mode 0
Event: 40.066 Thread 0x000001eba44b5960 DEOPT PACKING pc=0x000001eb35755f82 sp=0x0000002c03bfc630
Event: 40.066 Thread 0x000001eba44b5960 DEOPT UNPACKING pc=0x000001eb3c7788e2 sp=0x0000002c03bfbb58 mode 0
Event: 40.073 Thread 0x000001eba44b5960 DEOPT PACKING pc=0x000001eb36bed3ed sp=0x0000002c03bfc6e0
Event: 40.073 Thread 0x000001eba44b5960 DEOPT UNPACKING pc=0x000001eb3c7788e2 sp=0x0000002c03bfbc40 mode 0
Event: 40.076 Thread 0x000001eba44b3200 DEOPT PACKING pc=0x000001eb375c51ec sp=0x0000002c039fbf80
Event: 40.076 Thread 0x000001eba44b3200 DEOPT UNPACKING pc=0x000001eb3c7788e2 sp=0x0000002c039fb580 mode 0
Event: 40.082 Thread 0x000001eba44b3200 DEOPT PACKING pc=0x000001eb37755702 sp=0x0000002c039fc280
Event: 40.082 Thread 0x000001eba44b3200 DEOPT UNPACKING pc=0x000001eb3c7788e2 sp=0x0000002c039fb970 mode 0

Classes loaded (20 events):
Event: 34.690 Loading class java/util/stream/SliceOps$1
Event: 34.690 Loading class java/util/stream/SliceOps$1 done
Event: 34.692 Loading class java/util/stream/SliceOps$1$1
Event: 34.692 Loading class java/util/stream/SliceOps$1$1 done
Event: 34.703 Loading class java/util/IdentityHashMap$ValueIterator
Event: 34.703 Loading class java/util/IdentityHashMap$ValueIterator done
Event: 34.878 Loading class java/util/concurrent/ConcurrentHashMap$TreeNode
Event: 34.878 Loading class java/util/concurrent/ConcurrentHashMap$TreeNode done
Event: 34.878 Loading class java/util/concurrent/ConcurrentHashMap$TreeBin
Event: 34.878 Loading class java/util/concurrent/ConcurrentHashMap$TreeBin done
Event: 35.018 Loading class java/nio/ShortBuffer
Event: 35.018 Loading class java/nio/ShortBuffer done
Event: 35.106 Loading class java/nio/ByteBufferAsShortBufferL
Event: 35.106 Loading class java/nio/ByteBufferAsShortBufferL done
Event: 35.159 Loading class java/util/zip/Adler32
Event: 35.159 Loading class java/util/zip/Adler32 done
Event: 35.167 Loading class java/util/zip/ZipOutputStream$XEntry
Event: 35.167 Loading class java/util/zip/ZipOutputStream$XEntry done
Event: 35.203 Loading class java/util/Vector$Itr
Event: 35.203 Loading class java/util/Vector$Itr done

Classes unloaded (20 events):
Event: 35.238 Thread 0x000001eb513e89a0 Unloading class 0x000001eb54649c00 'java/lang/invoke/LambdaForm$DMH+0x000001eb54649c00'
Event: 35.238 Thread 0x000001eb513e89a0 Unloading class 0x000001eb54649800 'java/lang/invoke/LambdaForm$DMH+0x000001eb54649800'
Event: 35.238 Thread 0x000001eb513e89a0 Unloading class 0x000001eb54649400 'java/lang/invoke/LambdaForm$DMH+0x000001eb54649400'
Event: 35.238 Thread 0x000001eb513e89a0 Unloading class 0x000001eb54648c00 'java/lang/invoke/LambdaForm$DMH+0x000001eb54648c00'
Event: 35.238 Thread 0x000001eb513e89a0 Unloading class 0x000001eb54649000 'java/lang/invoke/LambdaForm$DMH+0x000001eb54649000'
Event: 35.238 Thread 0x000001eb513e89a0 Unloading class 0x000001eb54648800 'java/lang/invoke/LambdaForm$DMH+0x000001eb54648800'
Event: 35.238 Thread 0x000001eb513e89a0 Unloading class 0x000001eb54648400 'java/lang/invoke/LambdaForm$DMH+0x000001eb54648400'
Event: 37.614 Thread 0x000001eb513e89a0 Unloading class 0x000001eb548b8000 'jdk/internal/reflect/GeneratedSerializationConstructorAccessor177'
Event: 37.614 Thread 0x000001eb513e89a0 Unloading class 0x000001eb54880c00 'java/lang/invoke/LambdaForm$DMH+0x000001eb54880c00'
Event: 37.614 Thread 0x000001eb513e89a0 Unloading class 0x000001eb54880400 'java/lang/invoke/LambdaForm$DMH+0x000001eb54880400'
Event: 37.614 Thread 0x000001eb513e89a0 Unloading class 0x000001eb54840000 'java/lang/invoke/LambdaForm$DMH+0x000001eb54840000'
Event: 37.614 Thread 0x000001eb513e89a0 Unloading class 0x000001eb54824400 'java/lang/invoke/LambdaForm$DMH+0x000001eb54824400'
Event: 37.614 Thread 0x000001eb513e89a0 Unloading class 0x000001eb54812000 'java/lang/invoke/LambdaForm$DMH+0x000001eb54812000'
Event: 37.614 Thread 0x000001eb513e89a0 Unloading class 0x000001eb54811c00 'java/lang/invoke/LambdaForm$DMH+0x000001eb54811c00'
Event: 37.614 Thread 0x000001eb513e89a0 Unloading class 0x000001eb54811800 'java/lang/invoke/LambdaForm$DMH+0x000001eb54811800'
Event: 37.614 Thread 0x000001eb513e89a0 Unloading class 0x000001eb54811400 'java/lang/invoke/LambdaForm$DMH+0x000001eb54811400'
Event: 37.614 Thread 0x000001eb513e89a0 Unloading class 0x000001eb54811000 'java/lang/invoke/LambdaForm$DMH+0x000001eb54811000'
Event: 37.614 Thread 0x000001eb513e89a0 Unloading class 0x000001eb54810c00 'java/lang/invoke/LambdaForm$DMH+0x000001eb54810c00'
Event: 37.614 Thread 0x000001eb513e89a0 Unloading class 0x000001eb54810800 'java/lang/invoke/LambdaForm$DMH+0x000001eb54810800'
Event: 37.614 Thread 0x000001eb513e89a0 Unloading class 0x000001eb54810400 'java/lang/invoke/LambdaForm$DMH+0x000001eb54810400'

Classes redefined (0 events):
No events

Internal exceptions (20 events):
Event: 34.711 Thread 0x000001eba44b80c0 Exception <a 'java/lang/NoSuchMethodError'{0x000000062a95cf78}: 'int java.lang.invoke.DirectMethodHandle$Holder.invokeSpecial(java.lang.Object, java.lang.Object, java.lang.Object, int, java.lang.Object)'> (0x000000062a95cf78) 
thrown [s\src\hotspot\share\interpreter\linkResolver.cpp, line 773]
Event: 34.711 Thread 0x000001eba44b3200 Exception <a 'java/lang/NoSuchMethodError'{0x000000062af04d48}: 'int java.lang.invoke.DirectMethodHandle$Holder.invokeSpecial(java.lang.Object, java.lang.Object, java.lang.Object, int, java.lang.Object)'> (0x000000062af04d48) 
thrown [s\src\hotspot\share\interpreter\linkResolver.cpp, line 773]
Event: 34.711 Thread 0x000001eba44b6d10 Exception <a 'java/lang/NoSuchMethodError'{0x000000062a967698}: 'int java.lang.invoke.DirectMethodHandle$Holder.invokeSpecial(java.lang.Object, java.lang.Object, java.lang.Object, int, java.lang.Object)'> (0x000000062a967698) 
thrown [s\src\hotspot\share\interpreter\linkResolver.cpp, line 773]
Event: 34.711 Thread 0x000001eba44b7a30 Exception <a 'java/lang/NoSuchMethodError'{0x000000062a912890}: 'int java.lang.invoke.DirectMethodHandle$Holder.invokeSpecial(java.lang.Object, java.lang.Object, java.lang.Object, int, java.lang.Object)'> (0x000000062a912890) 
thrown [s\src\hotspot\share\interpreter\linkResolver.cpp, line 773]
Event: 34.711 Thread 0x000001eb9f221e60 Exception <a 'java/lang/NoSuchMethodError'{0x000000062b189750}: 'int java.lang.invoke.DirectMethodHandle$Holder.invokeSpecial(java.lang.Object, java.lang.Object, java.lang.Object, int, java.lang.Object)'> (0x000000062b189750) 
thrown [s\src\hotspot\share\interpreter\linkResolver.cpp, line 773]
Event: 34.711 Thread 0x000001eba44b8de0 Exception <a 'java/lang/NoSuchMethodError'{0x000000062a8c0e78}: 'int java.lang.invoke.DirectMethodHandle$Holder.invokeSpecial(java.lang.Object, java.lang.Object, java.lang.Object, int, java.lang.Object)'> (0x000000062a8c0e78) 
thrown [s\src\hotspot\share\interpreter\linkResolver.cpp, line 773]
Event: 34.726 Thread 0x000001eba44b5960 Exception <a 'java/lang/NoSuchMethodError'{0x000000062aa0c3e8}: 'void java.lang.invoke.DirectMethodHandle$Holder.invokeVirtual(java.lang.Object, java.lang.Object, int)'> (0x000000062aa0c3e8) 
thrown [s\src\hotspot\share\interpreter\linkResolver.cpp, line 773]
Event: 34.727 Thread 0x000001eba44b3890 Exception <a 'java/lang/NoSuchMethodError'{0x000000062ab11938}: 'void java.lang.invoke.DirectMethodHandle$Holder.invokeVirtual(java.lang.Object, java.lang.Object, int)'> (0x000000062ab11938) 
thrown [s\src\hotspot\share\interpreter\linkResolver.cpp, line 773]
Event: 34.746 Thread 0x000001eba44b5ff0 Exception <a 'java/lang/IncompatibleClassChangeError'{0x0000000629cb9220}: Found class java.lang.Object, but interface was expected> (0x0000000629cb9220) 
thrown [s\src\hotspot\share\interpreter\linkResolver.cpp, line 840]
Event: 34.754 Thread 0x000001eba44b3890 Exception <a 'java/lang/NoSuchMethodError'{0x0000000629791838}: 'int java.lang.invoke.DirectMethodHandle$Holder.invokeInterface(java.lang.Object, java.lang.Object, int)'> (0x0000000629791838) 
thrown [s\src\hotspot\share\interpreter\linkResolver.cpp, line 773]
Event: 34.758 Thread 0x000001eba44b3890 Exception <a 'java/lang/NoSuchMethodError'{0x00000006297a18e0}: 'void java.lang.invoke.DirectMethodHandle$Holder.invokeStatic(java.lang.Object, int)'> (0x00000006297a18e0) 
thrown [s\src\hotspot\share\interpreter\linkResolver.cpp, line 773]
Event: 34.884 Thread 0x000001eba44b8de0 Exception <a 'java/lang/NoSuchMethodError'{0x000000062c0abda0}: 'void java.lang.invoke.DirectMethodHandle$Holder.invokeSpecial(java.lang.Object, java.lang.Object, java.lang.Object, int, java.lang.Object, java.lang.Object, java.lang.Object, java.lang.Object)'> (0x000000062c0abda0) 
thrown [s\src\hotspot\share\interpreter\linkResolver.cpp, line 773]
Event: 34.884 Thread 0x000001eba44b6d10 Exception <a 'java/lang/NoSuchMethodError'{0x000000062c07f068}: 'void java.lang.invoke.DirectMethodHandle$Holder.invokeSpecial(java.lang.Object, java.lang.Object, java.lang.Object, int, java.lang.Object, java.lang.Object, java.lang.Object, java.lang.Object)'> (0x000000062c07f068) 
thrown [s\src\hotspot\share\interpreter\linkResolver.cpp, line 773]
Event: 34.886 Thread 0x000001eba44b8de0 Exception <a 'java/lang/NoSuchMethodError'{0x000000062c2fc430}: 'void java.lang.invoke.DirectMethodHandle$Holder.invokeStatic(java.lang.Object, java.lang.Object, java.lang.Object, java.lang.Object, java.lang.Object, java.lang.Object, java.lang.Object, java.lang.Object)'> (0x000000062c2fc430) 
thrown [s\src\hotspot\share\interpreter\linkResolver.cpp, line 773]
Event: 34.886 Thread 0x000001eba44b6d10 Exception <a 'java/lang/NoSuchMethodError'{0x000000062c2dd788}: 'void java.lang.invoke.DirectMethodHandle$Holder.invokeStatic(java.lang.Object, java.lang.Object, java.lang.Object, java.lang.Object, java.lang.Object, java.lang.Object, java.lang.Object, java.lang.Object)'> (0x000000062c2dd788) 
thrown [s\src\hotspot\share\interpreter\linkResolver.cpp, line 773]
Event: 34.967 Thread 0x000001eba44b6d10 Exception <a 'java/lang/IncompatibleClassChangeError'{0x000000062709b610}: Found class java.lang.Object, but interface was expected> (0x000000062709b610) 
thrown [s\src\hotspot\share\interpreter\linkResolver.cpp, line 840]
Event: 37.550 Thread 0x000001eba44b3200 Exception <a 'java/lang/NoSuchMethodError'{0x00000006841784d0}: 'void java.lang.invoke.DirectMethodHandle$Holder.invokeSpecialIFC(java.lang.Object, java.lang.Object, java.lang.Object, java.lang.Object)'> (0x00000006841784d0) 
thrown [s\src\hotspot\share\interpreter\linkResolver.cpp, line 773]
Event: 39.405 Thread 0x000001eba44b52d0 Implicit null exception at 0x000001eb3d2baa00 to 0x000001eb3d2bab38
Event: 39.450 Thread 0x000001eba44b52d0 Exception <a 'java/lang/NoSuchMethodError'{0x000000064c434658}: 'java.lang.Object java.lang.invoke.DirectMethodHandle$Holder.invokeStatic(java.lang.Object, java.lang.Object, int, java.lang.Object)'> (0x000000064c434658) 
thrown [s\src\hotspot\share\interpreter\linkResolver.cpp, line 773]
Event: 39.551 Thread 0x000001eba44b52d0 Exception <a 'java/lang/ClassCastException'{0x00000006401de468}: class kotlin.reflect.jvm.internal.ReflectionFactoryImpl cannot be cast to class com.android.tools.r8.internal.mf0 (kotlin.reflect.jvm.internal.ReflectionFactoryImpl is in unnamed module of loader org.gradle.internal.classloader.VisitableURLClassLoader @629f0666; com.android.tools.r8.internal.mf0 is in unnamed module of loader org.gradle.internal.classloader.VisitableURLClassLoader$InstrumentingVisitableURLClassLoader @22c0c9a0)> (0x0000000640

ZGC Phase Switch (0 events):
No events

VM Operations (20 events):
Event: 39.456 Executing VM operation: ICBufferFull done
Event: 39.462 Executing VM operation: G1PauseCleanup
Event: 39.462 Executing VM operation: G1PauseCleanup done
Event: 39.552 Executing VM operation: G1CollectForAllocation (G1 Evacuation Pause)
Event: 39.575 Executing VM operation: G1CollectForAllocation (G1 Evacuation Pause) done
Event: 39.718 Executing VM operation: ICBufferFull
Event: 39.718 Executing VM operation: ICBufferFull done
Event: 39.845 Executing VM operation: ICBufferFull
Event: 39.845 Executing VM operation: ICBufferFull done
Event: 39.949 Executing VM operation: HandshakeAllThreads (Deoptimize)
Event: 39.949 Executing VM operation: HandshakeAllThreads (Deoptimize) done
Event: 39.953 Executing VM operation: HandshakeAllThreads (Deoptimize)
Event: 39.953 Executing VM operation: HandshakeAllThreads (Deoptimize) done
Event: 39.957 Executing VM operation: ICBufferFull
Event: 39.957 Executing VM operation: ICBufferFull done
Event: 39.957 Executing VM operation: ICBufferFull
Event: 39.957 Executing VM operation: ICBufferFull done
Event: 40.091 Executing VM operation: ICBufferFull
Event: 40.091 Executing VM operation: ICBufferFull done
Event: 40.092 Executing VM operation: G1CollectForAllocation (G1 Evacuation Pause)

Memory protections (0 events):
No events

Nmethod flushes (20 events):
Event: 39.326 Thread 0x000001eb513e89a0 flushing  nmethod 0x000001eb37190f90
Event: 39.326 Thread 0x000001eb513e89a0 flushing  nmethod 0x000001eb37191490
Event: 39.326 Thread 0x000001eb513e89a0 flushing  nmethod 0x000001eb371f4190
Event: 39.326 Thread 0x000001eb513e89a0 flushing  nmethod 0x000001eb371f6810
Event: 39.326 Thread 0x000001eb513e89a0 flushing  nmethod 0x000001eb371f6d90
Event: 39.326 Thread 0x000001eb513e89a0 flushing  nmethod 0x000001eb372a0e10
Event: 39.326 Thread 0x000001eb513e89a0 flushing  nmethod 0x000001eb372a4610
Event: 39.326 Thread 0x000001eb513e89a0 flushing  nmethod 0x000001eb372a6190
Event: 39.326 Thread 0x000001eb513e89a0 flushing  nmethod 0x000001eb372aa290
Event: 39.326 Thread 0x000001eb513e89a0 flushing  nmethod 0x000001eb375a2f10
Event: 39.326 Thread 0x000001eb513e89a0 flushing  nmethod 0x000001eb379b6a10
Event: 39.326 Thread 0x000001eb513e89a0 flushing  nmethod 0x000001eb379b6f10
Event: 39.326 Thread 0x000001eb513e89a0 flushing  nmethod 0x000001eb379b8e90
Event: 39.326 Thread 0x000001eb513e89a0 flushing  nmethod 0x000001eb379b9790
Event: 39.326 Thread 0x000001eb513e89a0 flushing  nmethod 0x000001eb379bbf10
Event: 39.326 Thread 0x000001eb513e89a0 flushing  nmethod 0x000001eb379bc910
Event: 39.326 Thread 0x000001eb513e89a0 flushing  nmethod 0x000001eb379c1590
Event: 39.326 Thread 0x000001eb513e89a0 flushing  nmethod 0x000001eb379c2690
Event: 39.326 Thread 0x000001eb513e89a0 flushing  nmethod 0x000001eb37a46390
Event: 39.326 Thread 0x000001eb513e89a0 flushing  nmethod 0x000001eb37a79c90

Events (20 events):
Event: 25.511 Thread 0x000001eb9ca04f80 Thread exited: 0x000001eb9ca04f80
Event: 32.211 Thread 0x000001eb514257c0 Thread added: 0x000001eb9ca04f80
Event: 32.248 Thread 0x000001eb51425e70 Thread added: 0x000001eb9ca041e0
Event: 32.775 Thread 0x000001eb9ca041e0 Thread exited: 0x000001eb9ca041e0
Event: 32.776 Thread 0x000001eb9ca04f80 Thread exited: 0x000001eb9ca04f80
Event: 32.782 Thread 0x000001eb9e898c30 Thread added: 0x000001eba44b5ff0
Event: 32.782 Thread 0x000001eb9e898c30 Thread added: 0x000001eba44b3890
Event: 32.783 Thread 0x000001eb9e898c30 Thread added: 0x000001eba44b3200
Event: 32.783 Thread 0x000001eb9e898c30 Thread added: 0x000001eba44b52d0
Event: 32.784 Thread 0x000001eb9e898c30 Thread added: 0x000001eba44b5960
Event: 32.784 Thread 0x000001eb9e898c30 Thread added: 0x000001eba44b6d10
Event: 32.833 Thread 0x000001eb9e898c30 Thread added: 0x000001eba44b8de0
Event: 32.834 Thread 0x000001eb9e898c30 Thread added: 0x000001eba44b8750
Event: 32.835 Thread 0x000001eb9e898c30 Thread added: 0x000001eba44b7a30
Event: 32.835 Thread 0x000001eb9e898c30 Thread added: 0x000001eba44b80c0
Event: 32.836 Thread 0x000001eb9e898c30 Thread added: 0x000001eba44b9470
Event: 33.051 Thread 0x000001eb51425e70 Thread added: 0x000001eb9ca04f80
Event: 33.055 Thread 0x000001eb51425e70 Thread added: 0x000001eb97353930
Event: 34.008 Thread 0x000001eb97353930 Thread exited: 0x000001eb97353930
Event: 34.009 Thread 0x000001eb51425e70 Thread added: 0x000001eb973546d0


Dynamic libraries:
0x00007ff645b60000 - 0x00007ff645b6e000 	C:\Program Files\Zulu\zulu-21\bin\java.exe
0x00007ff9c6f20000 - 0x00007ff9c7186000 	C:\WINDOWS\SYSTEM32\ntdll.dll
0x00007ff9c5d80000 - 0x00007ff9c5e47000 	C:\WINDOWS\System32\KERNEL32.DLL
0x00007ff9c44f0000 - 0x00007ff9c48bb000 	C:\WINDOWS\System32\KERNELBASE.dll
0x00007ff9c4220000 - 0x00007ff9c436b000 	C:\WINDOWS\System32\ucrtbase.dll
0x00007ff9b5710000 - 0x00007ff9b5729000 	C:\Program Files\Zulu\zulu-21\bin\jli.dll
0x00007ff9b56f0000 - 0x00007ff9b570e000 	C:\Program Files\Zulu\zulu-21\bin\VCRUNTIME140.dll
0x00007ff9c4d00000 - 0x00007ff9c4ecc000 	C:\WINDOWS\System32\USER32.dll
0x00007ff9c4c10000 - 0x00007ff9c4c37000 	C:\WINDOWS\System32\win32u.dll
0x00007ff9c60f0000 - 0x00007ff9c611b000 	C:\WINDOWS\System32\GDI32.dll
0x00007ff9ac360000 - 0x00007ff9ac5f7000 	C:\WINDOWS\WinSxS\amd64_microsoft.windows.common-controls_6595b64144ccf1df_6.0.26100.5516_none_3e073f78e335730c\COMCTL32.dll
0x00007ff9c48c0000 - 0x00007ff9c49f1000 	C:\WINDOWS\System32\gdi32full.dll
0x00007ff9c52d0000 - 0x00007ff9c5379000 	C:\WINDOWS\System32\msvcrt.dll
0x00007ff9c4170000 - 0x00007ff9c4213000 	C:\WINDOWS\System32\msvcp_win.dll
0x00007ff9c5e50000 - 0x00007ff9c5e7f000 	C:\WINDOWS\System32\IMM32.DLL
0x00007ff9b5bc0000 - 0x00007ff9b5bcc000 	C:\Program Files\Zulu\zulu-21\bin\vcruntime140_1.dll
0x00007ff999150000 - 0x00007ff9991dd000 	C:\Program Files\Zulu\zulu-21\bin\msvcp140.dll
0x00007ff929340000 - 0x00007ff92a11d000 	C:\Program Files\Zulu\zulu-21\bin\server\jvm.dll
0x00007ff9c54a0000 - 0x00007ff9c5552000 	C:\WINDOWS\System32\ADVAPI32.dll
0x00007ff9c56e0000 - 0x00007ff9c5786000 	C:\WINDOWS\System32\sechost.dll
0x00007ff9c5380000 - 0x00007ff9c5495000 	C:\WINDOWS\System32\RPCRT4.dll
0x00007ff9c6070000 - 0x00007ff9c60e4000 	C:\WINDOWS\System32\WS2_32.dll
0x00007ff9c3db0000 - 0x00007ff9c3e0e000 	C:\WINDOWS\SYSTEM32\POWRPROF.dll
0x00007ff9b96f0000 - 0x00007ff9b9726000 	C:\WINDOWS\SYSTEM32\WINMM.dll
0x00007ff9b70c0000 - 0x00007ff9b70cb000 	C:\WINDOWS\SYSTEM32\VERSION.dll
0x00007ff9c3d90000 - 0x00007ff9c3da4000 	C:\WINDOWS\SYSTEM32\UMPDC.dll
0x00007ff9c2ed0000 - 0x00007ff9c2eea000 	C:\WINDOWS\SYSTEM32\kernel.appcore.dll
0x00007ff9b57c0000 - 0x00007ff9b57ca000 	C:\Program Files\Zulu\zulu-21\bin\jimage.dll
0x00007ff9b7270000 - 0x00007ff9b74b1000 	C:\WINDOWS\SYSTEM32\DBGHELP.DLL
0x00007ff9c6250000 - 0x00007ff9c65d3000 	C:\WINDOWS\System32\combase.dll
0x00007ff9c5170000 - 0x00007ff9c5246000 	C:\WINDOWS\System32\OLEAUT32.dll
0x00007ff9ab5f0000 - 0x00007ff9ab629000 	C:\WINDOWS\SYSTEM32\dbgcore.DLL
0x00007ff9c40d0000 - 0x00007ff9c4169000 	C:\WINDOWS\System32\bcryptPrimitives.dll
0x00007ff9be1f0000 - 0x00007ff9be200000 	C:\Program Files\Zulu\zulu-21\bin\instrument.dll
0x00007ff99ba50000 - 0x00007ff99ba72000 	C:\Program Files\Zulu\zulu-21\bin\java.dll
0x00007ff9c6670000 - 0x00007ff9c6d9a000 	C:\WINDOWS\System32\SHELL32.dll
0x00007ff9c4a90000 - 0x00007ff9c4c04000 	C:\WINDOWS\System32\wintypes.dll
0x00007ff9c1d90000 - 0x00007ff9c25e2000 	C:\WINDOWS\SYSTEM32\windows.storage.dll
0x00007ff9c5c80000 - 0x00007ff9c5d6e000 	C:\WINDOWS\System32\SHCORE.dll
0x00007ff9c6da0000 - 0x00007ff9c6e06000 	C:\WINDOWS\System32\shlwapi.dll
0x00007ff9c3fe0000 - 0x00007ff9c400f000 	C:\WINDOWS\SYSTEM32\profapi.dll
0x00007ff944f80000 - 0x00007ff945057000 	C:\Program Files\Zulu\zulu-21\bin\jsvml.dll
0x00007ff9ab300000 - 0x00007ff9ab318000 	C:\Program Files\Zulu\zulu-21\bin\zip.dll
0x00007ff9b0df0000 - 0x00007ff9b0e02000 	C:\Program Files\Zulu\zulu-21\bin\net.dll
0x00007ff9bcf50000 - 0x00007ff9bd06e000 	C:\WINDOWS\SYSTEM32\WINHTTP.dll
0x00007ff9c33d0000 - 0x00007ff9c343a000 	C:\WINDOWS\system32\mswsock.dll
0x00007ff9b0590000 - 0x00007ff9b05a6000 	C:\Program Files\Zulu\zulu-21\bin\nio.dll
0x00007ff9b5740000 - 0x00007ff9b5750000 	C:\Program Files\Zulu\zulu-21\bin\verify.dll
0x00007ff9abd00000 - 0x00007ff9abd27000 	C:\Users\Administrator\.gradle\native\1def1411415f61bf3af743bc5b6707747c0891f09f0c88961ee8f79bc544acac\windows-amd64\native-platform.dll
0x00007ff9a3930000 - 0x00007ff9a39a8000 	C:\Users\Administrator\.gradle\native\0.2.7\x86_64-windows-gnu\gradle-fileevents.dll
0x00007ff9b56e0000 - 0x00007ff9b56ea000 	C:\Program Files\Zulu\zulu-21\bin\management.dll
0x00007ff9b56b0000 - 0x00007ff9b56bc000 	C:\Program Files\Zulu\zulu-21\bin\management_ext.dll
0x00007ff9c56d0000 - 0x00007ff9c56d8000 	C:\WINDOWS\System32\PSAPI.DLL
0x00007ff9c28e0000 - 0x00007ff9c2913000 	C:\WINDOWS\SYSTEM32\IPHLPAPI.DLL
0x00007ff9c6e70000 - 0x00007ff9c6e7a000 	C:\WINDOWS\System32\NSI.dll
0x00007ff9b5360000 - 0x00007ff9b5369000 	C:\Program Files\Zulu\zulu-21\bin\extnet.dll
0x00007ff9c3780000 - 0x00007ff9c379a000 	C:\WINDOWS\SYSTEM32\CRYPTSP.dll
0x00007ff9c2e30000 - 0x00007ff9c2e6a000 	C:\WINDOWS\system32\rsaenh.dll
0x00007ff9c3470000 - 0x00007ff9c349b000 	C:\WINDOWS\SYSTEM32\USERENV.dll
0x00007ff9c3910000 - 0x00007ff9c3936000 	C:\WINDOWS\SYSTEM32\bcrypt.dll
0x00007ff9c3600000 - 0x00007ff9c360c000 	C:\WINDOWS\SYSTEM32\CRYPTBASE.dll
0x00007ff9b5bf0000 - 0x00007ff9b5bfe000 	C:\Program Files\Zulu\zulu-21\bin\sunmscapi.dll
0x00007ff9c4370000 - 0x00007ff9c44e7000 	C:\WINDOWS\System32\CRYPT32.dll
0x00007ff9c38d0000 - 0x00007ff9c3900000 	C:\WINDOWS\SYSTEM32\ncrypt.dll
0x00007ff9c3880000 - 0x00007ff9c38bf000 	C:\WINDOWS\SYSTEM32\NTASN1.dll
0x00007ff99fc70000 - 0x00007ff99fc78000 	C:\WINDOWS\system32\wshunix.dll
0x00007ff9a5be0000 - 0x00007ff9a5bf8000 	C:\WINDOWS\system32\napinsp.dll
0x00007ff9c2920000 - 0x00007ff9c2a45000 	C:\WINDOWS\SYSTEM32\DNSAPI.dll
0x00007ff9a3c40000 - 0x00007ff9a3c52000 	C:\WINDOWS\System32\winrnr.dll
0x00007ff9a35c0000 - 0x00007ff9a35f0000 	C:\WINDOWS\system32\nlansp_c.dll
0x00007ff9bcf30000 - 0x00007ff9bcf46000 	C:\WINDOWS\system32\wshbth.dll
0x00007ff9bd130000 - 0x00007ff9bd13b000 	C:\Windows\System32\rasadhlp.dll
0x00007ff9b9660000 - 0x00007ff9b96e6000 	C:\WINDOWS\System32\fwpuclnt.dll
0x00007ff9a9710000 - 0x00007ff9a9717000 	C:\Program Files\Zulu\zulu-21\bin\rmi.dll

dbghelp: loaded successfully - version: 4.0.5 - missing functions: none
symbol engine: initialized successfully - sym options: 0x614 - pdb path: .;C:\Program Files\Zulu\zulu-21\bin;C:\WINDOWS\SYSTEM32;C:\WINDOWS\WinSxS\amd64_microsoft.windows.common-controls_6595b64144ccf1df_6.0.26100.5516_none_3e073f78e335730c;C:\Program Files\Zulu\zulu-21\bin\server;C:\Users\Administrator\.gradle\native\1def1411415f61bf3af743bc5b6707747c0891f09f0c88961ee8f79bc544acac\windows-amd64;C:\Users\Administrator\.gradle\native\0.2.7\x86_64-windows-gnu

VM Arguments:
jvm_args: --add-opens=java.base/java.lang=ALL-UNNAMED --add-opens=java.base/java.lang.invoke=ALL-UNNAMED --add-opens=java.base/java.util=ALL-UNNAMED --add-opens=java.prefs/java.util.prefs=ALL-UNNAMED --add-exports=jdk.compiler/com.sun.tools.javac.api=ALL-UNNAMED --add-exports=jdk.compiler/com.sun.tools.javac.util=ALL-UNNAMED --add-opens=java.base/java.util=ALL-UNNAMED --add-opens=java.prefs/java.util.prefs=ALL-UNNAMED --add-opens=java.base/java.nio.charset=ALL-UNNAMED --add-opens=java.base/java.net=ALL-UNNAMED --add-opens=java.base/java.util.concurrent.atomic=ALL-UNNAMED --add-opens=java.xml/javax.xml.namespace=ALL-UNNAMED -Xmx8g -Dfile.encoding=UTF-8 -Duser.country=GB -Duser.language=en -Duser.variant -javaagent:C:\Users\Administrator\.gradle\wrapper\dists\gradle-8.14.3-bin\cv11ve7ro1n3o1j4so8xd9n66\gradle-8.14.3\lib\agents\gradle-instrumentation-agent-8.14.3.jar 
java_command: org.gradle.launcher.daemon.bootstrap.GradleDaemon 8.14.3
java_class_path (initial): C:\Users\Administrator\.gradle\wrapper\dists\gradle-8.14.3-bin\cv11ve7ro1n3o1j4so8xd9n66\gradle-8.14.3\lib\gradle-daemon-main-8.14.3.jar
Launcher Type: SUN_STANDARD

[Global flags]
     intx CICompilerCount                          = 4                                         {product} {ergonomic}
     uint ConcGCThreads                            = 3                                         {product} {ergonomic}
     uint G1ConcRefinementThreads                  = 10                                        {product} {ergonomic}
   size_t G1HeapRegionSize                         = 4194304                                   {product} {ergonomic}
    uintx GCDrainStackTargetSize                   = 64                                        {product} {ergonomic}
   size_t InitialHeapSize                          = 524288000                                 {product} {ergonomic}
   size_t MarkStackSize                            = 4194304                                   {product} {ergonomic}
   size_t MaxHeapSize                              = 8589934592                                {product} {command line}
   size_t MaxNewSize                               = 5150605312                                {product} {ergonomic}
   size_t MinHeapDeltaBytes                        = 4194304                                   {product} {ergonomic}
   size_t MinHeapSize                              = 8388608                                   {product} {ergonomic}
    uintx NonNMethodCodeHeapSize                   = 5839372                                {pd product} {ergonomic}
    uintx NonProfiledCodeHeapSize                  = 122909434                              {pd product} {ergonomic}
    uintx ProfiledCodeHeapSize                     = 122909434                              {pd product} {ergonomic}
    uintx ReservedCodeCacheSize                    = 251658240                              {pd product} {ergonomic}
     bool SegmentedCodeCache                       = true                                      {product} {ergonomic}
   size_t SoftMaxHeapSize                          = 8589934592                             {manageable} {ergonomic}
     bool UseCompressedOops                        = true                           {product lp64_product} {ergonomic}
     bool UseG1GC                                  = true                                      {product} {ergonomic}
     bool UseLargePagesIndividualAllocation        = false                                  {pd product} {ergonomic}

Logging:
Log output configuration:
 #0: stdout all=warning uptime,level,tags foldmultilines=false
 #1: stderr all=off uptime,level,tags foldmultilines=false

Environment Variables:
PATH=C:\Program Files\PowerShell\7;C:\Program Files\Zulu\zulu-21\bin\;C:\Program Files (x86)\Common Files\Oracle\Java\java8path;C:\Program Files (x86)\Common Files\Oracle\Java\javapath;C:\Program Files (x86)\Razer Chroma SDK\bin;C:\Program Files\Razer Chroma SDK\bin;C:\Program Files (x86)\Razer\ChromaBroadcast\bin;C:\Program Files\Razer\ChromaBroadcast\bin;C:\Program Files (x86)\Common Files\Intel\Shared Libraries\redist\intel64\compiler;C:\WINDOWS\system32;C:\WINDOWS;C:\WINDOWS\System32\Wbem;C:\WINDOWS\System32\WindowsPowerShell\v1.0\;C:\WINDOWS\System32\OpenSSH\;C:\Program Files\dotnet\;C:\WINDOWS\system32\config\systemprofile\AppData\Local\Microsoft\WindowsApps;C:\Users\Administrator\AppData\Local\Programs\Python\Launcher\;C:\Users\Administrator\AppData\Local\Microsoft\WindowsApps;C:\Users\Administrator\AppData\Roaming\npm;C:\Users\Administrator\AppData\Local\Programs\Microsoft VS Code\bin;C:\WINDOWS\system32;C:\WINDOWS;C:\WINDOWS\System32\Wbem;C:\WINDOWS\System32\WindowsPowerShell\v1.0\;C:\WINDOWS\System32\OpenSSH\;C:\Program Files\Calibre2\;C:\Program Files\Git\cmd;C:\Program Files\PowerShell\7\;C:\Program Files\ffmpeg-8.0.1-essentials_build\ffmpeg-8.0.1-essentials_build\bin;C:\Program Files\nodejs\;C:\ProgramData\chocolatey\bin;C:\Users\Administrator\.local\bin;C:\Users\Administrator\AppData\Local\Programs\Python\Python313\Scripts\;C:\Users\Administrator\AppData\Local\Programs\Python\Python313\;C:\Users\Administrator\AppData\Local\Microsoft\WindowsApps;C:\Users\Administrator\AppData\Local\Programs\Microsoft VS Code\bin;C:\Users\Administrator\AppData\Local\Muse Hub\lib;C:\Users\Administrator\.lmstudio\bin;C:\Users\Administrator\AppData\Local\spicetify;C:\Users\Administrator\AppData\Roaming\npm;C:\Users\Administrator\AppData\Local\Programs\Antigravity\bin;C:\Users\Administrator\AppData\Local\GitHubDesktop\bin
USERNAME=Administrator
LANG=en_US.UTF-8
OS=Windows_NT
PROCESSOR_IDENTIFIER=AMD64 Family 25 Model 97 Stepping 2, AuthenticAMD
TMP=C:\Users\ADMINI~1\AppData\Local\Temp
TEMP=C:\Users\ADMINI~1\AppData\Local\Temp




Periodic native trim disabled

---------------  S Y S T E M  ---------------

OS:
 Windows 11 , 64 bit Build 26100 (10.0.26100.5514)
OS uptime: 0 days 3:24 hours
Hyper-V role detected

CPU: total 12 (initial active 12) (12 cores per cpu, 2 threads per core) family 25 model 97 stepping 2 microcode 0xa60120c, cx8, cmov, fxsr, ht, mmx, 3dnowpref, sse, sse2, sse3, ssse3, sse4a, sse4.1, sse4.2, popcnt, lzcnt, tsc, tscinvbit, avx, avx2, aes, erms, clmul, bmi1, bmi2, adx, avx512f, avx512dq, avx512cd, avx512bw, avx512vl, sha, fma, vzeroupper, avx512_vpopcntdq, avx512_vpclmulqdq, avx512_vaes, avx512_vnni, clflush, clflushopt, avx512_vbmi2, avx512_vbmi, hv, rdtscp, rdpid, fsrm, gfni, avx512_bitalg, f16c, cet_ss, avx512_ifma
Processor Information for the first 12 processors :
  Max Mhz: 4701, Current Mhz: 4701, Mhz Limit: 4701

Memory: 4k page, system-wide physical 31913M (5152M free)
TotalPageFile size 31913M (AvailPageFile size 70M)
current process WorkingSet (physical memory assigned to process): 2670M, peak: 2688M
current process commit charge ("private bytes"): 3889M, peak: 3912M

vm_info: OpenJDK 64-Bit Server VM (21.0.7+6-LTS) for windows-amd64 JRE (21.0.7+6-LTS) (Zulu21.42+19-CA), built on 2025-04-07T10:58:52Z by "zulu_re" with MS VC++ 17.1 (VS2022)

END.
