#
# There is insufficient memory for the Java Runtime Environment to continue.
# Native memory allocation (mmap) failed to map 480247808 bytes. Error detail: G1 virtual space
# Possible reasons:
#   The system is out of physical RAM or swap space
#   This process is running with CompressedOops enabled, and the Java Heap may be blocking the growth of the native heap
# Possible solutions:
#   Reduce memory load on the system
#   Increase physical memory or swap space
#   Check if swap backing store is full
#   Decrease Java heap size (-Xmx/-Xms)
#   Decrease number of Java threads
#   Decrease Java thread stack sizes (-Xss)
#   Set larger code cache with -XX:ReservedCodeCacheSize=
#   JVM is running with Zero Based Compressed Oops mode in which the Java heap is
#     placed in the first 32GB address space. The Java Heap base address is the
#     maximum limit for the native heap growth. Please use -XX:HeapBaseMinAddress
#     to set the Java Heap base and to place the Java Heap above 32GB virtual address.
# This output file may be truncated or incomplete.
#
#  Out of Memory Error (os_windows.cpp:3686), pid=13180, tid=11116
#
# JRE version: OpenJDK Runtime Environment Zulu21.42+19-CA (21.0.7+6) (build 21.0.7+6-LTS)
# Java VM: OpenJDK 64-Bit Server VM Zulu21.42+19-CA (21.0.7+6-LTS, mixed mode, sharing, tiered, compressed oops, compressed class ptrs, g1 gc, windows-amd64)
# No core dump will be written. Minidumps are not enabled by default on client versions of Windows
#

---------------  S U M M A R Y ------------

Command Line: --add-opens=java.base/java.lang=ALL-UNNAMED --add-opens=java.base/java.lang.invoke=ALL-UNNAMED --add-opens=java.base/java.util=ALL-UNNAMED --add-opens=java.prefs/java.util.prefs=ALL-UNNAMED --add-exports=jdk.compiler/com.sun.tools.javac.api=ALL-UNNAMED --add-exports=jdk.compiler/com.sun.tools.javac.util=ALL-UNNAMED --add-opens=java.base/java.util=ALL-UNNAMED --add-opens=java.prefs/java.util.prefs=ALL-UNNAMED --add-opens=java.base/java.nio.charset=ALL-UNNAMED --add-opens=java.base/java.net=ALL-UNNAMED --add-opens=java.base/java.util.concurrent.atomic=ALL-UNNAMED --add-opens=java.xml/javax.xml.namespace=ALL-UNNAMED -Xmx4g -Dfile.encoding=UTF-8 -Duser.country=GB -Duser.language=en -Duser.variant -javaagent:C:\Users\Administrator\.gradle\wrapper\dists\gradle-8.14.3-bin\cv11ve7ro1n3o1j4so8xd9n66\gradle-8.14.3\lib\agents\gradle-instrumentation-agent-8.14.3.jar org.gradle.launcher.daemon.bootstrap.GradleDaemon 8.14.3

Host: AMD Ryzen 5 7600X 6-Core Processor             , 12 cores, 31G,  Windows 11 , 64 bit Build 26100 (10.0.26100.5514)
Time: Thu Feb 26 19:35:53 2026 GMT Standard Time elapsed time: 43.018772 seconds (0d 0h 0m 43s)

---------------  T H R E A D  ---------------

Current thread (0x00000268fef580b0):  VMThread "VM Thread"          [id=11116, stack(0x000000c6ffb00000,0x000000c6ffc00000) (1024K)]

Stack: [0x000000c6ffb00000,0x000000c6ffc00000]
Native frames: (J=compiled Java code, j=interpreted, Vv=VM code, C=native code)
V  [jvm.dll+0x6fb989]
V  [jvm.dll+0x8defdf]
V  [jvm.dll+0x8e13d8]
V  [jvm.dll+0x8e1b43]
V  [jvm.dll+0x299c76]
V  [jvm.dll+0x6f80d5]
V  [jvm.dll+0x6ebfda]
V  [jvm.dll+0x374eca]
V  [jvm.dll+0x37cbd6]
V  [jvm.dll+0x3d1625]
V  [jvm.dll+0x3d18e8]
V  [jvm.dll+0x346c43]
V  [jvm.dll+0x349516]
V  [jvm.dll+0x353f7a]
V  [jvm.dll+0x38b68a]
V  [jvm.dll+0x8e7ac6]
V  [jvm.dll+0x8e8ee4]
V  [jvm.dll+0x8e9430]
V  [jvm.dll+0x8e96d3]
V  [jvm.dll+0x886426]
V  [jvm.dll+0x6fa044]
C  [ucrtbase.dll+0x37b0]
C  [KERNEL32.DLL+0x2e8d7]
C  [ntdll.dll+0x9c5dc]

VM_Operation (0x000000c6ff6ff780): G1PauseRemark, mode: safepoint, requested by thread 0x00000268fad4cb10


---------------  P R O C E S S  ---------------

Threads class SMR info:
_java_thread_list=0x00000268e42c7600, length=215, elements={
0x00000268facd5270, 0x00000268fef71630, 0x00000268fef72db0, 0x00000268fef78b40,
0x00000268fef79e40, 0x00000268fef7c5d0, 0x00000268fef7fd60, 0x00000268fef81810,
0x00000268fef83e20, 0x000002689b88b970, 0x000002689ba1f720, 0x00000268e2eff660,
0x00000268e2cb7e90, 0x00000268e2f347b0, 0x00000268e2fe0030, 0x00000268e2c49440,
0x00000268e2d844b0, 0x00000268e2d84b20, 0x00000268e30f3130, 0x00000268e30f37c0,
0x00000268e30f3e50, 0x00000268e30f16f0, 0x00000268e30f2aa0, 0x00000268e30f2410,
0x00000268e30f44e0, 0x00000268e30f1d80, 0x00000268e36a9000, 0x00000268e36a9690,
0x00000268e36a9d20, 0x00000268e36ab760, 0x00000268e47f81b0, 0x00000268e47f6770,
0x00000268e47f6e00, 0x00000268e47f7b20, 0x00000268e47f8840, 0x00000268e47fdd90,
0x00000268e47fd070, 0x00000268e47fd700, 0x00000268e36aaa40, 0x00000268e5dd0af0,
0x00000268e5dd1ea0, 0x00000268e5dd0460, 0x00000268e5dd2530, 0x00000268e5dd38e0,
0x00000268e5dd3f70, 0x00000268e5dd1180, 0x00000268e5dd4c90, 0x00000268e5dd2bc0,
0x00000268e5dd3250, 0x00000268e5dd4600, 0x00000268e5dd1810, 0x00000268e5dd5320,
0x00000268e5dd6040, 0x00000268e5dd59b0, 0x00000268e5dd66d0, 0x00000268e5dd6d60,
0x00000268e5dd73f0, 0x00000268e5dd7a80, 0x00000268e760e730, 0x00000268e760ccf0,
0x00000268e760da10, 0x00000268e7610170, 0x00000268e760d380, 0x00000268e760e0a0,
0x00000268e760f450, 0x00000268e760edc0, 0x00000268e760fae0, 0x00000268e780e940,
0x00000268e780f660, 0x00000268e78110a0, 0x00000268e780dc20, 0x00000268e7811730,
0x00000268e7813800, 0x00000268e7811dc0, 0x00000268e7812450, 0x00000268e7812ae0,
0x00000268e7813170, 0x00000268e47f8ed0, 0x00000268e47fa910, 0x00000268e47fc9e0,
0x00000268e40652c0, 0x00000268e4064c30, 0x00000268e4068740, 0x00000268e40680b0,
0x00000268e4068dd0, 0x00000268e4069460, 0x00000268e4067a20, 0x00000268e4066d00,
0x00000268e4067390, 0x00000268e9054af0, 0x00000268e9053dd0, 0x00000268e90530b0,
0x00000268e9054460, 0x00000268e9055180, 0x00000268e9056530, 0x00000268e9055810,
0x00000268e9053740, 0x00000268e9056bc0, 0x00000268e9058c90, 0x00000268e9057250,
0x00000268e90578e0, 0x00000268e9057f70, 0x00000268e9055ea0, 0x00000268e905a040,
0x00000268e905a6d0, 0x00000268e9059320, 0x00000268e9058600, 0x00000268e90599b0,
0x00000268e4877ab0, 0x00000268e48787d0, 0x00000268e4878e60, 0x00000268e48794f0,
0x00000268e4876700, 0x00000268e4878140, 0x00000268e4876d90, 0x00000268e4879b80,
0x00000268e487a210, 0x00000268e487a8a0, 0x00000268e4877420, 0x00000268e487af30,
0x00000268e487b5c0, 0x00000268e487c970, 0x00000268e487bc50, 0x00000268e487c2e0,
0x00000268e487d000, 0x00000268e487dd20, 0x00000268e4063880, 0x00000268e40631f0,
0x00000268e4061e40, 0x00000268e40645a0, 0x00000268e4065950, 0x00000268e40624d0,
0x00000268e4062b60, 0x00000268e4066670, 0x00000268e47ce740, 0x00000268e47cfaf0,
0x00000268e47d1bc0, 0x00000268e47d2250, 0x00000268e47cedd0, 0x00000268e47d1530,
0x00000268e47d28e0, 0x00000268e47cf460, 0x00000268e47d2f70, 0x00000268e47d0810,
0x00000268e47d3600, 0x00000268e47d0180, 0x00000268e47d3c90, 0x00000268e352b8e0,
0x00000268e35321e0, 0x00000268e3530110, 0x00000268e352f3f0, 0x00000268e35307a0,
0x00000268e3532870, 0x00000268e3530e30, 0x00000268e352fa80, 0x00000268e3534940,
0x00000268e3531b50, 0x00000268e3532f00, 0x00000268e35314c0, 0x00000268e3534fd0,
0x00000268e3535660, 0x00000268e35342b0, 0x00000268e3535cf0, 0x00000268e3536380,
0x00000268e3536a10, 0x00000268e3533590, 0x00000268e3533c20, 0x00000268e35370a0,
0x00000268e3537730, 0x00000268e3529ea0, 0x00000268e352d9b0, 0x00000268e352abc0,
0x00000268e352e6d0, 0x00000268e352b250, 0x00000268e4e5d8d0, 0x00000268e41357c0,
0x00000268e1edf890, 0x00000268eece3a60, 0x00000268e1edd130, 0x00000268e62c8df0,
0x00000268e24097a0, 0x00000268e1edd7c0, 0x00000268e1edde50, 0x00000268e1ede4e0,
0x00000268e1edeb70, 0x00000268e1edf200, 0x00000268ef765710, 0x00000268e105fe60,
0x00000268e1061210, 0x00000268e10625c0, 0x00000268e10604f0, 0x00000268e6acc7d0,
0x00000268e6acce60, 0x00000268ee2342b0, 0x00000268ee2321e0, 0x00000268ee232870,
0x00000268ee231b50, 0x00000268e6acdb80, 0x00000268e6acd4f0, 0x00000268e6ace210,
0x00000268e6acbab0, 0x00000268e6acad90, 0x00000268e6acb420, 0x00000268efe15a20,
0x00000268e62c8760, 0x00000268efae8a50, 0x00000268eee0dba0, 0x00000268e4723d80,
0x00000268f173e5c0, 0x00000268efa2abb0, 0x00000268e44bfdb0, 0x00000268efae76a0,
0x00000268e61da2f0, 0x00000268e4723060, 0x00000268efae83c0
}

Java Threads: ( => current thread )
  0x00000268facd5270 JavaThread "main"                              [_thread_blocked, id=4748, stack(0x000000c6ff400000,0x000000c6ff500000) (1024K)]
  0x00000268fef71630 JavaThread "Reference Handler"          daemon [_thread_blocked, id=11984, stack(0x000000c6ffc00000,0x000000c6ffd00000) (1024K)]
  0x00000268fef72db0 JavaThread "Finalizer"                  daemon [_thread_blocked, id=14864, stack(0x000000c6ffd00000,0x000000c6ffe00000) (1024K)]
  0x00000268fef78b40 JavaThread "Signal Dispatcher"          daemon [_thread_blocked, id=6592, stack(0x000000c6ffe00000,0x000000c6fff00000) (1024K)]
  0x00000268fef79e40 JavaThread "Attach Listener"            daemon [_thread_blocked, id=12920, stack(0x000000c6fff00000,0x000000c700000000) (1024K)]
  0x00000268fef7c5d0 JavaThread "Service Thread"             daemon [_thread_blocked, id=8436, stack(0x000000c680000000,0x000000c680100000) (1024K)]
  0x00000268fef7fd60 JavaThread "Monitor Deflation Thread"   daemon [_thread_blocked, id=10680, stack(0x000000c680100000,0x000000c680200000) (1024K)]
  0x00000268fef81810 JavaThread "C2 CompilerThread0"         daemon [_thread_blocked, id=5228, stack(0x000000c680200000,0x000000c680300000) (1024K)]
  0x00000268fef83e20 JavaThread "C1 CompilerThread0"         daemon [_thread_blocked, id=6616, stack(0x000000c680300000,0x000000c680400000) (1024K)]
  0x000002689b88b970 JavaThread "Common-Cleaner"             daemon [_thread_blocked, id=2624, stack(0x000000c680400000,0x000000c680500000) (1024K)]
  0x000002689ba1f720 JavaThread "Notification Thread"        daemon [_thread_blocked, id=9860, stack(0x000000c680600000,0x000000c680700000) (1024K)]
  0x00000268e2eff660 JavaThread "Daemon health stats"               [_thread_blocked, id=3804, stack(0x000000c681100000,0x000000c681200000) (1024K)]
  0x00000268e2cb7e90 JavaThread "Incoming local TCP Connector on port 58456"        [_thread_in_native, id=15672, stack(0x000000c681200000,0x000000c681300000) (1024K)]
  0x00000268e2f347b0 JavaThread "Daemon periodic checks"            [_thread_blocked, id=16144, stack(0x000000c681300000,0x000000c681400000) (1024K)]
  0x00000268e2fe0030 JavaThread "Daemon"                            [_thread_blocked, id=22964, stack(0x000000c681400000,0x000000c681500000) (1024K)]
  0x00000268e2c49440 JavaThread "Handler for socket connection from /127.0.0.1:58456 to /127.0.0.1:58457"        [_thread_in_native, id=9900, stack(0x000000c681500000,0x000000c681600000) (1024K)]
  0x00000268e2d844b0 JavaThread "Cancel handler"                    [_thread_blocked, id=21828, stack(0x000000c681600000,0x000000c681700000) (1024K)]
  0x00000268e2d84b20 JavaThread "Daemon worker"                     [_thread_blocked, id=6564, stack(0x000000c681700000,0x000000c681800000) (1024K)]
  0x00000268e30f3130 JavaThread "Asynchronous log dispatcher for DefaultDaemonConnection: socket connection from /127.0.0.1:58456 to /127.0.0.1:58457"        [_thread_blocked, id=20216, stack(0x000000c681800000,0x000000c681900000) (1024K)]
  0x00000268e30f37c0 JavaThread "Stdin handler"                     [_thread_blocked, id=14512, stack(0x000000c681900000,0x000000c681a00000) (1024K)]
  0x00000268e30f3e50 JavaThread "Daemon client event forwarder"        [_thread_blocked, id=6044, stack(0x000000c681a00000,0x000000c681b00000) (1024K)]
  0x00000268e30f16f0 JavaThread "Cache worker for journal cache (C:\Users\Administrator\.gradle\caches\journal-1)"        [_thread_blocked, id=19704, stack(0x000000c681b00000,0x000000c681c00000) (1024K)]
  0x00000268e30f2aa0 JavaThread "File lock request listener"        [_thread_in_native, id=19492, stack(0x000000c681c00000,0x000000c681d00000) (1024K)]
  0x00000268e30f2410 JavaThread "Cache worker for file hash cache (C:\Users\Administrator\.gradle\caches\8.14.3\fileHashes)"        [_thread_blocked, id=1640, stack(0x000000c681d00000,0x000000c681e00000) (1024K)]
  0x00000268e30f44e0 JavaThread "Cache worker for file hash cache (C:\Users\Administrator\Desktop\Android Studio\Antigravity\Anikku\anikku\.gradle\8.14.3\fileHashes)"        [_thread_blocked, id=22996, stack(0x000000c682000000,0x000000c682100000) (1024K)]
  0x00000268e30f1d80 JavaThread "Cache worker for Build Output Cleanup Cache (C:\Users\Administrator\Desktop\Android Studio\Antigravity\Anikku\anikku\.gradle\buildOutputCleanup)"        [_thread_blocked, id=7984, stack(0x000000c682100000,0x000000c682200000) (1024K)]
  0x00000268e36a9000 JavaThread "Cache worker for Build Output Cleanup Cache (C:\Users\Administrator\Desktop\Android Studio\Antigravity\Anikku\anikku\buildSrc\.gradle\buildOutputCleanup)"        [_thread_blocked, id=5592, stack(0x000000c682200000,0x000000c682300000) (1024K)]
  0x00000268e36a9690 JavaThread "File watcher server"        daemon [_thread_blocked, id=20308, stack(0x000000c682300000,0x000000c682400000) (1024K)]
  0x00000268e36a9d20 JavaThread "File watcher consumer"      daemon [_thread_blocked, id=19832, stack(0x000000c682400000,0x000000c682500000) (1024K)]
  0x00000268e36ab760 JavaThread "Cache worker for checksums cache (C:\Users\Administrator\Desktop\Android Studio\Antigravity\Anikku\anikku\.gradle\8.14.3\checksums)"        [_thread_blocked, id=6320, stack(0x000000c682500000,0x000000c682600000) (1024K)]
  0x00000268e47f81b0 JavaThread "Cache worker for file content cache (C:\Users\Administrator\.gradle\caches\8.14.3\fileContent)"        [_thread_blocked, id=14884, stack(0x000000c682600000,0x000000c682700000) (1024K)]
  0x00000268e47f6770 JavaThread "Cache worker for cache directory md-supplier (C:\Users\Administrator\.gradle\caches\8.14.3\md-supplier)"        [_thread_blocked, id=13760, stack(0x000000c682700000,0x000000c682800000) (1024K)]
  0x00000268e47f6e00 JavaThread "Cache worker for cache directory md-rule (C:\Users\Administrator\.gradle\caches\8.14.3\md-rule)"        [_thread_blocked, id=3496, stack(0x000000c682800000,0x000000c682900000) (1024K)]
  0x00000268e47f7b20 JavaThread "Problems report writer"            [_thread_blocked, id=3832, stack(0x000000c682900000,0x000000c682a00000) (1024K)]
  0x00000268e47f8840 JavaThread "Memory manager"                    [_thread_blocked, id=6076, stack(0x000000c682a00000,0x000000c682b00000) (1024K)]
  0x00000268e47fdd90 JavaThread "Unconstrained build operations"        [_thread_blocked, id=10756, stack(0x000000c682b00000,0x000000c682c00000) (1024K)]
  0x00000268e47fd070 JavaThread "Unconstrained build operations Thread 2"        [_thread_blocked, id=1876, stack(0x000000c682c00000,0x000000c682d00000) (1024K)]
  0x00000268e47fd700 JavaThread "Unconstrained build operations Thread 3"        [_thread_blocked, id=22884, stack(0x000000c682d00000,0x000000c682e00000) (1024K)]
  0x00000268e36aaa40 JavaThread "Unconstrained build operations Thread 4"        [_thread_blocked, id=17732, stack(0x000000c682e00000,0x000000c682f00000) (1024K)]
  0x00000268e5dd0af0 JavaThread "Unconstrained build operations Thread 5"        [_thread_blocked, id=4212, stack(0x000000c682f00000,0x000000c683000000) (1024K)]
  0x00000268e5dd1ea0 JavaThread "Unconstrained build operations Thread 6"        [_thread_blocked, id=5220, stack(0x000000c683000000,0x000000c683100000) (1024K)]
  0x00000268e5dd0460 JavaThread "Unconstrained build operations Thread 7"        [_thread_blocked, id=8572, stack(0x000000c683100000,0x000000c683200000) (1024K)]
  0x00000268e5dd2530 JavaThread "Unconstrained build operations Thread 8"        [_thread_blocked, id=21524, stack(0x000000c683200000,0x000000c683300000) (1024K)]
  0x00000268e5dd38e0 JavaThread "Unconstrained build operations Thread 9"        [_thread_blocked, id=8004, stack(0x000000c683300000,0x000000c683400000) (1024K)]
  0x00000268e5dd3f70 JavaThread "Unconstrained build operations Thread 10"        [_thread_blocked, id=14416, stack(0x000000c683400000,0x000000c683500000) (1024K)]
  0x00000268e5dd1180 JavaThread "Unconstrained build operations Thread 11"        [_thread_blocked, id=1864, stack(0x000000c683500000,0x000000c683600000) (1024K)]
  0x00000268e5dd4c90 JavaThread "Unconstrained build operations Thread 12"        [_thread_blocked, id=3680, stack(0x000000c683600000,0x000000c683700000) (1024K)]
  0x00000268e5dd2bc0 JavaThread "Unconstrained build operations Thread 13"        [_thread_blocked, id=16936, stack(0x000000c683700000,0x000000c683800000) (1024K)]
  0x00000268e5dd3250 JavaThread "Unconstrained build operations Thread 14"        [_thread_blocked, id=23236, stack(0x000000c683800000,0x000000c683900000) (1024K)]
  0x00000268e5dd4600 JavaThread "Unconstrained build operations Thread 15"        [_thread_blocked, id=10144, stack(0x000000c683900000,0x000000c683a00000) (1024K)]
  0x00000268e5dd1810 JavaThread "Unconstrained build operations Thread 16"        [_thread_blocked, id=23060, stack(0x000000c683a00000,0x000000c683b00000) (1024K)]
  0x00000268e5dd5320 JavaThread "Unconstrained build operations Thread 17"        [_thread_blocked, id=21240, stack(0x000000c683b00000,0x000000c683c00000) (1024K)]
  0x00000268e5dd6040 JavaThread "Unconstrained build operations Thread 18"        [_thread_blocked, id=7656, stack(0x000000c683c00000,0x000000c683d00000) (1024K)]
  0x00000268e5dd59b0 JavaThread "Unconstrained build operations Thread 19"        [_thread_blocked, id=5924, stack(0x000000c683d00000,0x000000c683e00000) (1024K)]
  0x00000268e5dd66d0 JavaThread "Unconstrained build operations Thread 20"        [_thread_blocked, id=8392, stack(0x000000c683e00000,0x000000c683f00000) (1024K)]
  0x00000268e5dd6d60 JavaThread "Unconstrained build operations Thread 21"        [_thread_blocked, id=13904, stack(0x000000c683f00000,0x000000c684000000) (1024K)]
  0x00000268e5dd73f0 JavaThread "Unconstrained build operations Thread 22"        [_thread_blocked, id=15480, stack(0x000000c684000000,0x000000c684100000) (1024K)]
  0x00000268e5dd7a80 JavaThread "Unconstrained build operations Thread 23"        [_thread_blocked, id=16316, stack(0x000000c684100000,0x000000c684200000) (1024K)]
  0x00000268e760e730 JavaThread "Unconstrained build operations Thread 24"        [_thread_blocked, id=1856, stack(0x000000c684200000,0x000000c684300000) (1024K)]
  0x00000268e760ccf0 JavaThread "Unconstrained build operations Thread 25"        [_thread_blocked, id=21136, stack(0x000000c684300000,0x000000c684400000) (1024K)]
  0x00000268e760da10 JavaThread "Unconstrained build operations Thread 26"        [_thread_blocked, id=6944, stack(0x000000c684400000,0x000000c684500000) (1024K)]
  0x00000268e7610170 JavaThread "Unconstrained build operations Thread 27"        [_thread_blocked, id=23220, stack(0x000000c684500000,0x000000c684600000) (1024K)]
  0x00000268e760d380 JavaThread "Unconstrained build operations Thread 28"        [_thread_blocked, id=23516, stack(0x000000c684600000,0x000000c684700000) (1024K)]
  0x00000268e760e0a0 JavaThread "Unconstrained build operations Thread 29"        [_thread_blocked, id=10668, stack(0x000000c684700000,0x000000c684800000) (1024K)]
  0x00000268e760f450 JavaThread "Unconstrained build operations Thread 30"        [_thread_blocked, id=10616, stack(0x000000c684800000,0x000000c684900000) (1024K)]
  0x00000268e760edc0 JavaThread "Unconstrained build operations Thread 31"        [_thread_blocked, id=8540, stack(0x000000c684900000,0x000000c684a00000) (1024K)]
  0x00000268e760fae0 JavaThread "Unconstrained build operations Thread 32"        [_thread_blocked, id=7192, stack(0x000000c684a00000,0x000000c684b00000) (1024K)]
  0x00000268e780e940 JavaThread "Unconstrained build operations Thread 33"        [_thread_blocked, id=8424, stack(0x000000c684b00000,0x000000c684c00000) (1024K)]
  0x00000268e780f660 JavaThread "build event listener"              [_thread_blocked, id=4224, stack(0x000000c684c00000,0x000000c684d00000) (1024K)]
  0x00000268e78110a0 JavaThread "included builds"                   [_thread_blocked, id=8892, stack(0x000000c684d00000,0x000000c684e00000) (1024K)]
  0x00000268e780dc20 JavaThread "Execution worker"                  [_thread_blocked, id=23384, stack(0x000000c684e00000,0x000000c684f00000) (1024K)]
  0x00000268e7811730 JavaThread "Execution worker Thread 2"         [_thread_blocked, id=11764, stack(0x000000c684f00000,0x000000c685000000) (1024K)]
  0x00000268e7813800 JavaThread "Execution worker Thread 3"         [_thread_blocked, id=18880, stack(0x000000c685000000,0x000000c685100000) (1024K)]
  0x00000268e7811dc0 JavaThread "Execution worker Thread 4"         [_thread_blocked, id=23028, stack(0x000000c685100000,0x000000c685200000) (1024K)]
  0x00000268e7812450 JavaThread "Execution worker Thread 5"         [_thread_blocked, id=21288, stack(0x000000c685200000,0x000000c685300000) (1024K)]
  0x00000268e7812ae0 JavaThread "Execution worker Thread 6"         [_thread_blocked, id=12308, stack(0x000000c685300000,0x000000c685400000) (1024K)]
  0x00000268e7813170 JavaThread "Execution worker Thread 7"         [_thread_blocked, id=10068, stack(0x000000c685400000,0x000000c685500000) (1024K)]
  0x00000268e47f8ed0 JavaThread "Execution worker Thread 8"         [_thread_blocked, id=15500, stack(0x000000c685500000,0x000000c685600000) (1024K)]
  0x00000268e47fa910 JavaThread "Execution worker Thread 9"         [_thread_blocked, id=12176, stack(0x000000c685600000,0x000000c685700000) (1024K)]
  0x00000268e47fc9e0 JavaThread "Execution worker Thread 10"        [_thread_blocked, id=1948, stack(0x000000c685700000,0x000000c685800000) (1024K)]
  0x00000268e40652c0 JavaThread "Execution worker Thread 11"        [_thread_blocked, id=15400, stack(0x000000c685800000,0x000000c685900000) (1024K)]
  0x00000268e4064c30 JavaThread "Cache worker for execution history cache (C:\Users\Administrator\Desktop\Android Studio\Antigravity\Anikku\anikku\buildSrc\.gradle\8.14.3\executionHistory)"        [_thread_blocked, id=9876, stack(0x000000c685900000,0x000000c685a00000) (1024K)]
  0x00000268e4068740 JavaThread "Unconstrained build operations Thread 34"        [_thread_blocked, id=8864, stack(0x000000c685a00000,0x000000c685b00000) (1024K)]
  0x00000268e40680b0 JavaThread "Unconstrained build operations Thread 35"        [_thread_blocked, id=19484, stack(0x000000c685b00000,0x000000c685c00000) (1024K)]
  0x00000268e4068dd0 JavaThread "Unconstrained build operations Thread 36"        [_thread_blocked, id=23156, stack(0x000000c685c00000,0x000000c685d00000) (1024K)]
  0x00000268e4069460 JavaThread "Unconstrained build operations Thread 37"        [_thread_blocked, id=3584, stack(0x000000c685d00000,0x000000c685e00000) (1024K)]
  0x00000268e4067a20 JavaThread "Unconstrained build operations Thread 38"        [_thread_blocked, id=19788, stack(0x000000c685e00000,0x000000c685f00000) (1024K)]
  0x00000268e4066d00 JavaThread "Unconstrained build operations Thread 39"        [_thread_blocked, id=12160, stack(0x000000c685f00000,0x000000c686000000) (1024K)]
  0x00000268e4067390 JavaThread "Unconstrained build operations Thread 40"        [_thread_blocked, id=5020, stack(0x000000c686000000,0x000000c686100000) (1024K)]
  0x00000268e9054af0 JavaThread "Unconstrained build operations Thread 41"        [_thread_blocked, id=17588, stack(0x000000c686100000,0x000000c686200000) (1024K)]
  0x00000268e9053dd0 JavaThread "Unconstrained build operations Thread 42"        [_thread_blocked, id=15592, stack(0x000000c686200000,0x000000c686300000) (1024K)]
  0x00000268e90530b0 JavaThread "Unconstrained build operations Thread 43"        [_thread_blocked, id=9344, stack(0x000000c686300000,0x000000c686400000) (1024K)]
  0x00000268e9054460 JavaThread "Unconstrained build operations Thread 44"        [_thread_blocked, id=9856, stack(0x000000c686400000,0x000000c686500000) (1024K)]
  0x00000268e9055180 JavaThread "Unconstrained build operations Thread 45"        [_thread_blocked, id=5536, stack(0x000000c686500000,0x000000c686600000) (1024K)]
  0x00000268e9056530 JavaThread "Unconstrained build operations Thread 46"        [_thread_blocked, id=11192, stack(0x000000c686600000,0x000000c686700000) (1024K)]
  0x00000268e9055810 JavaThread "Unconstrained build operations Thread 47"        [_thread_blocked, id=17072, stack(0x000000c686700000,0x000000c686800000) (1024K)]
  0x00000268e9053740 JavaThread "Unconstrained build operations Thread 48"        [_thread_blocked, id=16128, stack(0x000000c686800000,0x000000c686900000) (1024K)]
  0x00000268e9056bc0 JavaThread "Unconstrained build operations Thread 49"        [_thread_blocked, id=6648, stack(0x000000c686900000,0x000000c686a00000) (1024K)]
  0x00000268e9058c90 JavaThread "Unconstrained build operations Thread 50"        [_thread_blocked, id=11400, stack(0x000000c686a00000,0x000000c686b00000) (1024K)]
  0x00000268e9057250 JavaThread "Unconstrained build operations Thread 51"        [_thread_blocked, id=21876, stack(0x000000c686b00000,0x000000c686c00000) (1024K)]
  0x00000268e90578e0 JavaThread "Unconstrained build operations Thread 52"        [_thread_blocked, id=23292, stack(0x000000c686c00000,0x000000c686d00000) (1024K)]
  0x00000268e9057f70 JavaThread "Unconstrained build operations Thread 53"        [_thread_blocked, id=9368, stack(0x000000c686d00000,0x000000c686e00000) (1024K)]
  0x00000268e9055ea0 JavaThread "Unconstrained build operations Thread 54"        [_thread_blocked, id=11108, stack(0x000000c686e00000,0x000000c686f00000) (1024K)]
  0x00000268e905a040 JavaThread "Unconstrained build operations Thread 55"        [_thread_blocked, id=19040, stack(0x000000c686f00000,0x000000c687000000) (1024K)]
  0x00000268e905a6d0 JavaThread "Unconstrained build operations Thread 56"        [_thread_blocked, id=14212, stack(0x000000c687000000,0x000000c687100000) (1024K)]
  0x00000268e9059320 JavaThread "Unconstrained build operations Thread 57"        [_thread_blocked, id=22076, stack(0x000000c687100000,0x000000c687200000) (1024K)]
  0x00000268e9058600 JavaThread "Unconstrained build operations Thread 58"        [_thread_blocked, id=8920, stack(0x000000c687200000,0x000000c687300000) (1024K)]
  0x00000268e90599b0 JavaThread "Unconstrained build operations Thread 59"        [_thread_blocked, id=23188, stack(0x000000c687300000,0x000000c687400000) (1024K)]
  0x00000268e4877ab0 JavaThread "Unconstrained build operations Thread 60"        [_thread_blocked, id=15320, stack(0x000000c687400000,0x000000c687500000) (1024K)]
  0x00000268e48787d0 JavaThread "Unconstrained build operations Thread 61"        [_thread_blocked, id=6068, stack(0x000000c687500000,0x000000c687600000) (1024K)]
  0x00000268e4878e60 JavaThread "Unconstrained build operations Thread 62"        [_thread_blocked, id=21324, stack(0x000000c687600000,0x000000c687700000) (1024K)]
  0x00000268e48794f0 JavaThread "Unconstrained build operations Thread 63"        [_thread_blocked, id=16512, stack(0x000000c687700000,0x000000c687800000) (1024K)]
  0x00000268e4876700 JavaThread "Unconstrained build operations Thread 64"        [_thread_blocked, id=19092, stack(0x000000c687800000,0x000000c687900000) (1024K)]
  0x00000268e4878140 JavaThread "Unconstrained build operations Thread 65"        [_thread_blocked, id=16252, stack(0x000000c687900000,0x000000c687a00000) (1024K)]
  0x00000268e4876d90 JavaThread "Unconstrained build operations Thread 66"        [_thread_blocked, id=17660, stack(0x000000c687a00000,0x000000c687b00000) (1024K)]
  0x00000268e4879b80 JavaThread "Unconstrained build operations Thread 67"        [_thread_blocked, id=22092, stack(0x000000c687b00000,0x000000c687c00000) (1024K)]
  0x00000268e487a210 JavaThread "Unconstrained build operations Thread 68"        [_thread_blocked, id=9340, stack(0x000000c687c00000,0x000000c687d00000) (1024K)]
  0x00000268e487a8a0 JavaThread "Unconstrained build operations Thread 69"        [_thread_blocked, id=20104, stack(0x000000c687d00000,0x000000c687e00000) (1024K)]
  0x00000268e4877420 JavaThread "Unconstrained build operations Thread 70"        [_thread_blocked, id=7712, stack(0x000000c687e00000,0x000000c687f00000) (1024K)]
  0x00000268e487af30 JavaThread "Unconstrained build operations Thread 71"        [_thread_blocked, id=6752, stack(0x000000c687f00000,0x000000c688000000) (1024K)]
  0x00000268e487b5c0 JavaThread "Unconstrained build operations Thread 72"        [_thread_blocked, id=7964, stack(0x000000c688000000,0x000000c688100000) (1024K)]
  0x00000268e487c970 JavaThread "Unconstrained build operations Thread 73"        [_thread_blocked, id=22248, stack(0x000000c688100000,0x000000c688200000) (1024K)]
  0x00000268e487bc50 JavaThread "Unconstrained build operations Thread 74"        [_thread_blocked, id=6720, stack(0x000000c688200000,0x000000c688300000) (1024K)]
  0x00000268e487c2e0 JavaThread "Unconstrained build operations Thread 75"        [_thread_blocked, id=1064, stack(0x000000c688300000,0x000000c688400000) (1024K)]
  0x00000268e487d000 JavaThread "Unconstrained build operations Thread 76"        [_thread_blocked, id=20564, stack(0x000000c688400000,0x000000c688500000) (1024K)]
  0x00000268e487dd20 JavaThread "Unconstrained build operations Thread 77"        [_thread_blocked, id=22832, stack(0x000000c688500000,0x000000c688600000) (1024K)]
  0x00000268e4063880 JavaThread "Unconstrained build operations Thread 78"        [_thread_blocked, id=14984, stack(0x000000c688600000,0x000000c688700000) (1024K)]
  0x00000268e40631f0 JavaThread "Unconstrained build operations Thread 79"        [_thread_blocked, id=13588, stack(0x000000c688700000,0x000000c688800000) (1024K)]
  0x00000268e4061e40 JavaThread "Unconstrained build operations Thread 80"        [_thread_blocked, id=19748, stack(0x000000c688800000,0x000000c688900000) (1024K)]
  0x00000268e40645a0 JavaThread "Unconstrained build operations Thread 81"        [_thread_blocked, id=15068, stack(0x000000c688900000,0x000000c688a00000) (1024K)]
  0x00000268e4065950 JavaThread "Unconstrained build operations Thread 82"        [_thread_blocked, id=11432, stack(0x000000c688a00000,0x000000c688b00000) (1024K)]
  0x00000268e40624d0 JavaThread "Unconstrained build operations Thread 83"        [_thread_blocked, id=16672, stack(0x000000c688b00000,0x000000c688c00000) (1024K)]
  0x00000268e4062b60 JavaThread "Unconstrained build operations Thread 84"        [_thread_blocked, id=14844, stack(0x000000c688c00000,0x000000c688d00000) (1024K)]
  0x00000268e4066670 JavaThread "Unconstrained build operations Thread 85"        [_thread_blocked, id=17724, stack(0x000000c688d00000,0x000000c688e00000) (1024K)]
  0x00000268e47ce740 JavaThread "Unconstrained build operations Thread 86"        [_thread_blocked, id=7424, stack(0x000000c688e00000,0x000000c688f00000) (1024K)]
  0x00000268e47cfaf0 JavaThread "Unconstrained build operations Thread 87"        [_thread_blocked, id=14956, stack(0x000000c688f00000,0x000000c689000000) (1024K)]
  0x00000268e47d1bc0 JavaThread "Unconstrained build operations Thread 88"        [_thread_blocked, id=7940, stack(0x000000c689000000,0x000000c689100000) (1024K)]
  0x00000268e47d2250 JavaThread "Unconstrained build operations Thread 89"        [_thread_blocked, id=20812, stack(0x000000c689100000,0x000000c689200000) (1024K)]
  0x00000268e47cedd0 JavaThread "Unconstrained build operations Thread 90"        [_thread_blocked, id=12124, stack(0x000000c689200000,0x000000c689300000) (1024K)]
  0x00000268e47d1530 JavaThread "Unconstrained build operations Thread 91"        [_thread_blocked, id=20024, stack(0x000000c689300000,0x000000c689400000) (1024K)]
  0x00000268e47d28e0 JavaThread "Unconstrained build operations Thread 92"        [_thread_blocked, id=8568, stack(0x000000c689400000,0x000000c689500000) (1024K)]
  0x00000268e47cf460 JavaThread "Unconstrained build operations Thread 93"        [_thread_blocked, id=7200, stack(0x000000c689500000,0x000000c689600000) (1024K)]
  0x00000268e47d2f70 JavaThread "Unconstrained build operations Thread 94"        [_thread_blocked, id=9408, stack(0x000000c689600000,0x000000c689700000) (1024K)]
  0x00000268e47d0810 JavaThread "Unconstrained build operations Thread 95"        [_thread_blocked, id=22084, stack(0x000000c689700000,0x000000c689800000) (1024K)]
  0x00000268e47d3600 JavaThread "Unconstrained build operations Thread 96"        [_thread_blocked, id=3288, stack(0x000000c689800000,0x000000c689900000) (1024K)]
  0x00000268e47d0180 JavaThread "Unconstrained build operations Thread 97"        [_thread_blocked, id=5844, stack(0x000000c689900000,0x000000c689a00000) (1024K)]
  0x00000268e47d3c90 JavaThread "Unconstrained build operations Thread 98"        [_thread_blocked, id=4888, stack(0x000000c689a00000,0x000000c689b00000) (1024K)]
  0x00000268e352b8e0 JavaThread "Unconstrained build operations Thread 99"        [_thread_blocked, id=1828, stack(0x000000c689b00000,0x000000c689c00000) (1024K)]
  0x00000268e35321e0 JavaThread "Unconstrained build operations Thread 100"        [_thread_blocked, id=13296, stack(0x000000c689c00000,0x000000c689d00000) (1024K)]
  0x00000268e3530110 JavaThread "Unconstrained build operations Thread 101"        [_thread_blocked, id=9880, stack(0x000000c689d00000,0x000000c689e00000) (1024K)]
  0x00000268e352f3f0 JavaThread "Unconstrained build operations Thread 102"        [_thread_blocked, id=15512, stack(0x000000c689e00000,0x000000c689f00000) (1024K)]
  0x00000268e35307a0 JavaThread "Unconstrained build operations Thread 103"        [_thread_blocked, id=7924, stack(0x000000c689f00000,0x000000c68a000000) (1024K)]
  0x00000268e3532870 JavaThread "Unconstrained build operations Thread 104"        [_thread_blocked, id=5276, stack(0x000000c68a000000,0x000000c68a100000) (1024K)]
  0x00000268e3530e30 JavaThread "Unconstrained build operations Thread 105"        [_thread_blocked, id=21712, stack(0x000000c68a100000,0x000000c68a200000) (1024K)]
  0x00000268e352fa80 JavaThread "Unconstrained build operations Thread 106"        [_thread_blocked, id=11344, stack(0x000000c68a200000,0x000000c68a300000) (1024K)]
  0x00000268e3534940 JavaThread "Unconstrained build operations Thread 107"        [_thread_blocked, id=9708, stack(0x000000c68a300000,0x000000c68a400000) (1024K)]
  0x00000268e3531b50 JavaThread "Unconstrained build operations Thread 108"        [_thread_blocked, id=8760, stack(0x000000c68a400000,0x000000c68a500000) (1024K)]
  0x00000268e3532f00 JavaThread "Unconstrained build operations Thread 109"        [_thread_blocked, id=21416, stack(0x000000c68a500000,0x000000c68a600000) (1024K)]
  0x00000268e35314c0 JavaThread "Unconstrained build operations Thread 110"        [_thread_blocked, id=5552, stack(0x000000c68a600000,0x000000c68a700000) (1024K)]
  0x00000268e3534fd0 JavaThread "Unconstrained build operations Thread 111"        [_thread_blocked, id=19732, stack(0x000000c68a700000,0x000000c68a800000) (1024K)]
  0x00000268e3535660 JavaThread "Unconstrained build operations Thread 112"        [_thread_blocked, id=14272, stack(0x000000c68a800000,0x000000c68a900000) (1024K)]
  0x00000268e35342b0 JavaThread "Unconstrained build operations Thread 113"        [_thread_blocked, id=21152, stack(0x000000c68a900000,0x000000c68aa00000) (1024K)]
  0x00000268e3535cf0 JavaThread "Unconstrained build operations Thread 114"        [_thread_blocked, id=9288, stack(0x000000c68aa00000,0x000000c68ab00000) (1024K)]
  0x00000268e3536380 JavaThread "Unconstrained build operations Thread 115"        [_thread_blocked, id=23052, stack(0x000000c68ab00000,0x000000c68ac00000) (1024K)]
  0x00000268e3536a10 JavaThread "Unconstrained build operations Thread 116"        [_thread_blocked, id=2276, stack(0x000000c68ac00000,0x000000c68ad00000) (1024K)]
  0x00000268e3533590 JavaThread "Unconstrained build operations Thread 117"        [_thread_blocked, id=10740, stack(0x000000c68ad00000,0x000000c68ae00000) (1024K)]
  0x00000268e3533c20 JavaThread "Unconstrained build operations Thread 118"        [_thread_blocked, id=16016, stack(0x000000c68ae00000,0x000000c68af00000) (1024K)]
  0x00000268e35370a0 JavaThread "Unconstrained build operations Thread 119"        [_thread_blocked, id=9080, stack(0x000000c68af00000,0x000000c68b000000) (1024K)]
  0x00000268e3537730 JavaThread "Unconstrained build operations Thread 120"        [_thread_blocked, id=11808, stack(0x000000c68b000000,0x000000c68b100000) (1024K)]
  0x00000268e3529ea0 JavaThread "build event listener"              [_thread_blocked, id=21500, stack(0x000000c680700000,0x000000c680800000) (1024K)]
  0x00000268e352d9b0 JavaThread "build event listener"              [_thread_blocked, id=1952, stack(0x000000c68b200000,0x000000c68b300000) (1024K)]
  0x00000268e352abc0 JavaThread "Exec process"                      [_thread_blocked, id=20760, stack(0x000000c68b300000,0x000000c68b400000) (1024K)]
  0x00000268e352e6d0 JavaThread "Exec process Thread 2"             [_thread_blocked, id=20940, stack(0x000000c68b400000,0x000000c68b500000) (1024K)]
  0x00000268e352b250 JavaThread "Exec process Thread 3"             [_thread_blocked, id=21928, stack(0x000000c68b500000,0x000000c68b600000) (1024K)]
  0x00000268e4e5d8d0 JavaThread "Cache worker for execution history cache (C:\Users\Administrator\Desktop\Android Studio\Antigravity\Anikku\anikku\.gradle\8.14.3\executionHistory)"        [_thread_blocked, id=6420, stack(0x000000c68b600000,0x000000c68b700000) (1024K)]
  0x00000268e41357c0 JavaThread "WorkerExecutor Queue"              [_thread_blocked, id=23328, stack(0x000000c68b700000,0x000000c68b800000) (1024K)]
  0x00000268e1edf890 JavaThread "RMI Scheduler(0)"           daemon [_thread_blocked, id=15100, stack(0x000000c68b800000,0x000000c68b900000) (1024K)]
  0x00000268eece3a60 JavaThread "RMI GC Daemon"              daemon [_thread_blocked, id=8048, stack(0x000000c68ba00000,0x000000c68bb00000) (1024K)]
  0x00000268e1edd130 JavaThread "RMI TCP Accept-0"           daemon [_thread_in_native, id=5368, stack(0x000000c68bb00000,0x000000c68bc00000) (1024K)]
  0x00000268e62c8df0 JavaThread "RMI Reaper"                        [_thread_blocked, id=20368, stack(0x000000c68bc00000,0x000000c68bd00000) (1024K)]
  0x00000268e24097a0 JavaThread "RMI TCP Connection(1)-127.0.0.1" daemon [_thread_in_native, id=8460, stack(0x000000c68bd00000,0x000000c68be00000) (1024K)]
  0x00000268e1edd7c0 JavaThread "Cache worker for Java compile cache (C:\Users\Administrator\.gradle\caches\8.14.3\javaCompile)"        [_thread_blocked, id=15728, stack(0x000000c68be00000,0x000000c68bf00000) (1024K)]
  0x00000268e1edde50 JavaThread "Build operations"                  [_thread_blocked, id=12680, stack(0x000000c68bf00000,0x000000c68c000000) (1024K)]
  0x00000268e1ede4e0 JavaThread "Build operations Thread 2"         [_thread_blocked, id=13252, stack(0x000000c68c000000,0x000000c68c100000) (1024K)]
  0x00000268e1edeb70 JavaThread "Build operations Thread 3"         [_thread_blocked, id=14856, stack(0x000000c68c100000,0x000000c68c200000) (1024K)]
  0x00000268e1edf200 JavaThread "Build operations Thread 4"         [_thread_blocked, id=13060, stack(0x000000c68c200000,0x000000c68c300000) (1024K)]
  0x00000268ef765710 JavaThread "Build operations Thread 5"         [_thread_blocked, id=2596, stack(0x000000c68c300000,0x000000c68c400000) (1024K)]
  0x00000268e105fe60 JavaThread "Build operations Thread 6"         [_thread_blocked, id=17020, stack(0x000000c68c400000,0x000000c68c500000) (1024K)]
  0x00000268e1061210 JavaThread "Build operations Thread 7"         [_thread_blocked, id=15628, stack(0x000000c68c500000,0x000000c68c600000) (1024K)]
  0x00000268e10625c0 JavaThread "Build operations Thread 8"         [_thread_blocked, id=17760, stack(0x000000c68c600000,0x000000c68c700000) (1024K)]
  0x00000268e10604f0 JavaThread "Build operations Thread 9"         [_thread_blocked, id=12376, stack(0x000000c68c700000,0x000000c68c800000) (1024K)]
  0x00000268e6acc7d0 JavaThread "Build operations Thread 10"        [_thread_blocked, id=15844, stack(0x000000c68c800000,0x000000c68c900000) (1024K)]
  0x00000268e6acce60 JavaThread "Build operations Thread 11"        [_thread_blocked, id=2472, stack(0x000000c68c900000,0x000000c68ca00000) (1024K)]
  0x00000268ee2342b0 JavaThread "WorkerExecutor Queue Thread 2"        [_thread_blocked, id=15748, stack(0x000000c68b900000,0x000000c68ba00000) (1024K)]
  0x00000268ee2321e0 JavaThread "WorkerExecutor Queue Thread 3"        [_thread_blocked, id=14516, stack(0x000000c68ca00000,0x000000c68cb00000) (1024K)]
  0x00000268ee232870 JavaThread "WorkerExecutor Queue Thread 4"        [_thread_blocked, id=2976, stack(0x000000c68cb00000,0x000000c68cc00000) (1024K)]
  0x00000268ee231b50 JavaThread "WorkerExecutor Queue Thread 5"        [_thread_blocked, id=22740, stack(0x000000c68cc00000,0x000000c68cd00000) (1024K)]
  0x00000268e6acdb80 JavaThread "WorkerExecutor Queue Thread 6"        [_thread_blocked, id=10076, stack(0x000000c68cd00000,0x000000c68ce00000) (1024K)]
  0x00000268e6acd4f0 JavaThread "WorkerExecutor Queue Thread 7"        [_thread_blocked, id=13832, stack(0x000000c68ce00000,0x000000c68cf00000) (1024K)]
  0x00000268e6ace210 JavaThread "WorkerExecutor Queue Thread 8"        [_thread_blocked, id=9256, stack(0x000000c68cf00000,0x000000c68d000000) (1024K)]
  0x00000268e6acbab0 JavaThread "WorkerExecutor Queue Thread 9"        [_thread_blocked, id=11952, stack(0x000000c68d000000,0x000000c68d100000) (1024K)]
  0x00000268e6acad90 JavaThread "WorkerExecutor Queue Thread 10"        [_thread_blocked, id=19908, stack(0x000000c68d100000,0x000000c68d200000) (1024K)]
  0x00000268e6acb420 JavaThread "WorkerExecutor Queue Thread 11"        [_thread_blocked, id=13008, stack(0x000000c68d200000,0x000000c68d300000) (1024K)]
  0x00000268efe15a20 JavaThread "WorkerExecutor Queue Thread 12"        [_thread_blocked, id=8120, stack(0x000000c68d300000,0x000000c68d400000) (1024K)]
  0x00000268e62c8760 JavaThread "ForkJoinPool.commonPool-worker-1" daemon [_thread_blocked, id=24032, stack(0x000000c68d600000,0x000000c68d700000) (1024K)]
  0x00000268efae8a50 JavaThread "ForkJoinPool.commonPool-worker-4" daemon [_thread_blocked, id=24036, stack(0x000000c68d700000,0x000000c68d800000) (1024K)]
  0x00000268eee0dba0 JavaThread "ForkJoinPool.commonPool-worker-2" daemon [_thread_blocked, id=24040, stack(0x000000c68d800000,0x000000c68d900000) (1024K)]
  0x00000268e4723d80 JavaThread "ForkJoinPool.commonPool-worker-3" daemon [_thread_blocked, id=24044, stack(0x000000c68d900000,0x000000c68da00000) (1024K)]
  0x00000268f173e5c0 JavaThread "ForkJoinPool.commonPool-worker-7" daemon [_thread_blocked, id=24048, stack(0x000000c68da00000,0x000000c68db00000) (1024K)]
  0x00000268efa2abb0 JavaThread "ForkJoinPool.commonPool-worker-6" daemon [_thread_blocked, id=24052, stack(0x000000c68db00000,0x000000c68dc00000) (1024K)]
  0x00000268e44bfdb0 JavaThread "ForkJoinPool.commonPool-worker-9" daemon [_thread_blocked, id=24056, stack(0x000000c68dc00000,0x000000c68dd00000) (1024K)]
  0x00000268efae76a0 JavaThread "ForkJoinPool.commonPool-worker-11" daemon [_thread_blocked, id=24060, stack(0x000000c68dd00000,0x000000c68de00000) (1024K)]
  0x00000268e61da2f0 JavaThread "ForkJoinPool.commonPool-worker-5" daemon [_thread_blocked, id=24064, stack(0x000000c68de00000,0x000000c68df00000) (1024K)]
  0x00000268e4723060 JavaThread "ForkJoinPool.commonPool-worker-10" daemon [_thread_blocked, id=24068, stack(0x000000c68df00000,0x000000c68e000000) (1024K)]
  0x00000268efae83c0 JavaThread "ForkJoinPool.commonPool-worker-8" daemon [_thread_blocked, id=24072, stack(0x000000c68e000000,0x000000c68e100000) (1024K)]
Total: 215

Other Threads:
=>0x00000268fef580b0 VMThread "VM Thread"                           [id=11116, stack(0x000000c6ffb00000,0x000000c6ffc00000) (1024K)]
  0x00000268fef46740 WatcherThread "VM Periodic Task Thread"        [id=3516, stack(0x000000c6ffa00000,0x000000c6ffb00000) (1024K)]
  0x00000268fad3eda0 WorkerThread "GC Thread#0"                     [id=22860, stack(0x000000c6ff500000,0x000000c6ff600000) (1024K)]
  0x000002689bb06ce0 WorkerThread "GC Thread#1"                     [id=7432, stack(0x000000c680800000,0x000000c680900000) (1024K)]
  0x000002689bade0d0 WorkerThread "GC Thread#2"                     [id=17440, stack(0x000000c680900000,0x000000c680a00000) (1024K)]
  0x000002689bade480 WorkerThread "GC Thread#3"                     [id=14160, stack(0x000000c680a00000,0x000000c680b00000) (1024K)]
  0x000002689bade830 WorkerThread "GC Thread#4"                     [id=4232, stack(0x000000c680b00000,0x000000c680c00000) (1024K)]
  0x00000268e1067240 WorkerThread "GC Thread#5"                     [id=3272, stack(0x000000c680c00000,0x000000c680d00000) (1024K)]
  0x00000268e10675f0 WorkerThread "GC Thread#6"                     [id=21600, stack(0x000000c680d00000,0x000000c680e00000) (1024K)]
  0x00000268e10679a0 WorkerThread "GC Thread#7"                     [id=6480, stack(0x000000c680e00000,0x000000c680f00000) (1024K)]
  0x00000268e1067d50 WorkerThread "GC Thread#8"                     [id=3148, stack(0x000000c680f00000,0x000000c681000000) (1024K)]
  0x00000268e1044040 WorkerThread "GC Thread#9"                     [id=20976, stack(0x000000c681000000,0x000000c681100000) (1024K)]
  0x00000268fad4cb10 ConcurrentGCThread "G1 Main Marker"            [id=8348, stack(0x000000c6ff600000,0x000000c6ff700000) (1024K)]
  0x00000268fad4dcd0 WorkerThread "G1 Conc#0"                       [id=9424, stack(0x000000c6ff700000,0x000000c6ff800000) (1024K)]
  0x00000268e406c3c0 WorkerThread "G1 Conc#1"                       [id=14900, stack(0x000000c681e00000,0x000000c681f00000) (1024K)]
  0x00000268e406d9e0 WorkerThread "G1 Conc#2"                       [id=5448, stack(0x000000c681f00000,0x000000c682000000) (1024K)]
  0x00000268fee79750 ConcurrentGCThread "G1 Refine#0"               [id=23320, stack(0x000000c6ff800000,0x000000c6ff900000) (1024K)]
  0x00000268fee7b490 ConcurrentGCThread "G1 Service"                [id=7648, stack(0x000000c6ff900000,0x000000c6ffa00000) (1024K)]
Total: 18

Threads with active compile tasks:
Total: 0

VM state: at safepoint (normal execution)

VM Mutex/Monitor currently owned by a thread:  ([mutex/lock_event])
[0x00007ff8edc99b28] Threads_lock - owner thread: 0x00000268fef580b0
[0x00007ff8edc99c28] Heap_lock - owner thread: 0x00000268fad4cb10

Heap address: 0x0000000700000000, size: 4096 MB, Compressed Oops mode: Zero based, Oop shift amount: 3

CDS archive(s) mapped at: [0x000002689c000000-0x000002689ccd0000-0x000002689ccd0000), size 13434880, SharedBaseAddress: 0x000002689c000000, ArchiveRelocationMode: 1.
Compressed class space mapped at: 0x000002689d000000-0x00000268dd000000, reserved size: 1073741824
Narrow klass base: 0x000002689c000000, Narrow klass shift: 0, Narrow klass range: 0x100000000

GC Precious Log:
 CardTable entry size: 512
 Card Set container configuration: InlinePtr #cards 4 size 8 Array Of Cards #cards 16 size 48 Howl #buckets 8 coarsen threshold 3686 Howl Bitmap #cards 512 size 80 coarsen threshold 460 Card regions per heap region 1 cards per card region 4096
 CPUs: 12 total, 12 available
 Memory: 31913M
 Large Page Support: Disabled
 NUMA Support: Disabled
 Compressed Oops: Enabled (Zero based)
 Heap Region Size: 2M
 Heap Min Capacity: 8M
 Heap Initial Capacity: 500M
 Heap Max Capacity: 4G
 Pre-touch: Disabled
 Parallel Workers: 10
 Concurrent Workers: 3
 Concurrent Refinement Workers: 10
 Periodic GC: Disabled

Heap:
 garbage-first heap   total 1736704K, used 1321295K [0x0000000700000000, 0x0000000800000000)
  region size 2048K, 7 young (14336K), 6 survivors (12288K)
 Metaspace       used 172955K, committed 175936K, reserved 1245184K
  class space    used 23630K, committed 25152K, reserved 1048576K

Heap Regions: E=young(eden), S=young(survivor), O=old, HS=humongous(starts), HC=humongous(continues), CS=collection set, F=free, TAMS=top-at-mark-start, PB=parsable bottom
|   0|0x0000000700000000, 0x0000000700200000, 0x0000000700200000|100%|HS|  |TAMS 0x0000000700200000| PB 0x0000000700000000| Complete 
|   1|0x0000000700200000, 0x0000000700400000, 0x0000000700400000|100%|HC|  |TAMS 0x0000000700400000| PB 0x0000000700200000| Complete 
|   2|0x0000000700400000, 0x0000000700600000, 0x0000000700600000|100%| O|  |TAMS 0x0000000700600000| PB 0x0000000700600000| Untracked 
|   3|0x0000000700600000, 0x0000000700800000, 0x0000000700800000|100%| O|  |TAMS 0x0000000700800000| PB 0x0000000700800000| Untracked 
|   4|0x0000000700800000, 0x0000000700a00000, 0x0000000700a00000|100%| O|  |TAMS 0x0000000700a00000| PB 0x0000000700a00000| Updating 
|   5|0x0000000700a00000, 0x0000000700c00000, 0x0000000700c00000|100%| O|  |TAMS 0x0000000700c00000| PB 0x0000000700c00000| Untracked 
|   6|0x0000000700c00000, 0x0000000700e00000, 0x0000000700e00000|100%| O|  |TAMS 0x0000000700e00000| PB 0x0000000700e00000| Untracked 
|   7|0x0000000700e00000, 0x0000000701000000, 0x0000000701000000|100%| O|  |TAMS 0x0000000701000000| PB 0x0000000701000000| Untracked 
|   8|0x0000000701000000, 0x0000000701200000, 0x0000000701200000|100%| O|  |TAMS 0x0000000701200000| PB 0x0000000701200000| Untracked 
|   9|0x0000000701200000, 0x0000000701400000, 0x0000000701400000|100%| O|  |TAMS 0x0000000701400000| PB 0x0000000701400000| Untracked 
|  10|0x0000000701400000, 0x0000000701600000, 0x0000000701600000|100%| O|  |TAMS 0x0000000701600000| PB 0x0000000701600000| Untracked 
|  11|0x0000000701600000, 0x0000000701800000, 0x0000000701800000|100%| O|  |TAMS 0x0000000701800000| PB 0x0000000701800000| Untracked 
|  12|0x0000000701800000, 0x0000000701a00000, 0x0000000701a00000|100%| O|  |TAMS 0x0000000701a00000| PB 0x0000000701a00000| Updating 
|  13|0x0000000701a00000, 0x0000000701c00000, 0x0000000701c00000|100%| O|  |TAMS 0x0000000701c00000| PB 0x0000000701c00000| Updating 
|  14|0x0000000701c00000, 0x0000000701e00000, 0x0000000701e00000|100%| O|  |TAMS 0x0000000701e00000| PB 0x0000000701e00000| Untracked 
|  15|0x0000000701e00000, 0x0000000702000000, 0x0000000702000000|100%| O|  |TAMS 0x0000000702000000| PB 0x0000000702000000| Updating 
|  16|0x0000000702000000, 0x0000000702200000, 0x0000000702200000|100%| O|  |TAMS 0x0000000702200000| PB 0x0000000702200000| Untracked 
|  17|0x0000000702200000, 0x0000000702400000, 0x0000000702400000|100%| O|  |TAMS 0x0000000702400000| PB 0x0000000702400000| Untracked 
|  18|0x0000000702400000, 0x0000000702600000, 0x0000000702600000|100%| O|  |TAMS 0x0000000702600000| PB 0x0000000702600000| Updating 
|  19|0x0000000702600000, 0x0000000702800000, 0x0000000702800000|100%| O|  |TAMS 0x0000000702800000| PB 0x0000000702800000| Untracked 
|  20|0x0000000702800000, 0x0000000702a00000, 0x0000000702a00000|100%|HS|  |TAMS 0x0000000702a00000| PB 0x0000000702800000| Complete 
|  21|0x0000000702a00000, 0x0000000702c00000, 0x0000000702c00000|100%| O|  |TAMS 0x0000000702c00000| PB 0x0000000702c00000| Untracked 
|  22|0x0000000702c00000, 0x0000000702e00000, 0x0000000702e00000|100%| O|  |TAMS 0x0000000702e00000| PB 0x0000000702e00000| Untracked 
|  23|0x0000000702e00000, 0x0000000703000000, 0x0000000703000000|100%|HS|  |TAMS 0x0000000703000000| PB 0x0000000702e00000| Complete 
|  24|0x0000000703000000, 0x0000000703200000, 0x0000000703200000|100%| O|  |TAMS 0x0000000703200000| PB 0x0000000703200000| Updating 
|  25|0x0000000703200000, 0x0000000703400000, 0x0000000703400000|100%|HS|  |TAMS 0x0000000703400000| PB 0x0000000703200000| Complete 
|  26|0x0000000703400000, 0x0000000703600000, 0x0000000703600000|100%|HC|  |TAMS 0x0000000703600000| PB 0x0000000703400000| Complete 
|  27|0x0000000703600000, 0x0000000703800000, 0x0000000703800000|100%|HS|  |TAMS 0x0000000703800000| PB 0x0000000703600000| Complete 
|  28|0x0000000703800000, 0x0000000703a00000, 0x0000000703a00000|100%|HC|  |TAMS 0x0000000703a00000| PB 0x0000000703800000| Complete 
|  29|0x0000000703a00000, 0x0000000703c00000, 0x0000000703c00000|100%| O|  |TAMS 0x0000000703c00000| PB 0x0000000703c00000| Untracked 
|  30|0x0000000703c00000, 0x0000000703e00000, 0x0000000703e00000|100%| O|  |TAMS 0x0000000703e00000| PB 0x0000000703e00000| Untracked 
|  31|0x0000000703e00000, 0x0000000704000000, 0x0000000704000000|100%|HS|  |TAMS 0x0000000704000000| PB 0x0000000703e00000| Complete 
|  32|0x0000000704000000, 0x0000000704200000, 0x0000000704200000|100%| O|  |TAMS 0x0000000704200000| PB 0x0000000704200000| Updating 
|  33|0x0000000704200000, 0x0000000704400000, 0x0000000704400000|100%| O|  |TAMS 0x0000000704400000| PB 0x0000000704400000| Untracked 
|  34|0x0000000704400000, 0x0000000704600000, 0x0000000704600000|100%| O|  |TAMS 0x0000000704600000| PB 0x0000000704600000| Untracked 
|  35|0x0000000704600000, 0x0000000704800000, 0x0000000704800000|100%| O|  |TAMS 0x0000000704800000| PB 0x0000000704800000| Updating 
|  36|0x0000000704800000, 0x0000000704a00000, 0x0000000704a00000|100%|HS|  |TAMS 0x0000000704a00000| PB 0x0000000704800000| Complete 
|  37|0x0000000704a00000, 0x0000000704c00000, 0x0000000704c00000|100%| O|  |TAMS 0x0000000704c00000| PB 0x0000000704c00000| Updating 
|  38|0x0000000704c00000, 0x0000000704e00000, 0x0000000704e00000|100%| O|  |TAMS 0x0000000704e00000| PB 0x0000000704e00000| Untracked 
|  39|0x0000000704e00000, 0x0000000705000000, 0x0000000705000000|100%| O|  |TAMS 0x0000000705000000| PB 0x0000000705000000| Updating 
|  40|0x0000000705000000, 0x0000000705200000, 0x0000000705200000|100%| O|  |TAMS 0x0000000705200000| PB 0x0000000705200000| Updating 
|  41|0x0000000705200000, 0x0000000705400000, 0x0000000705400000|100%| O|  |TAMS 0x0000000705400000| PB 0x0000000705400000| Untracked 
|  42|0x0000000705400000, 0x0000000705600000, 0x0000000705600000|100%| O|  |TAMS 0x0000000705600000| PB 0x0000000705600000| Updating 
|  43|0x0000000705600000, 0x0000000705800000, 0x0000000705800000|100%| O|  |TAMS 0x0000000705800000| PB 0x0000000705800000| Untracked 
|  44|0x0000000705800000, 0x0000000705a00000, 0x0000000705a00000|100%| O|  |TAMS 0x0000000705a00000| PB 0x0000000705a00000| Updating 
|  45|0x0000000705a00000, 0x0000000705c00000, 0x0000000705c00000|100%| O|  |TAMS 0x0000000705c00000| PB 0x0000000705c00000| Untracked 
|  46|0x0000000705c00000, 0x0000000705e00000, 0x0000000705e00000|100%| O|  |TAMS 0x0000000705e00000| PB 0x0000000705e00000| Updating 
|  47|0x0000000705e00000, 0x0000000706000000, 0x0000000706000000|100%| O|  |TAMS 0x0000000706000000| PB 0x0000000706000000| Untracked 
|  48|0x0000000706000000, 0x0000000706200000, 0x0000000706200000|100%| O|  |TAMS 0x0000000706200000| PB 0x0000000706200000| Updating 
|  49|0x0000000706200000, 0x0000000706400000, 0x0000000706400000|100%| O|  |TAMS 0x0000000706400000| PB 0x0000000706400000| Untracked 
|  50|0x0000000706400000, 0x0000000706600000, 0x0000000706600000|100%| O|  |TAMS 0x0000000706600000| PB 0x0000000706600000| Untracked 
|  51|0x0000000706600000, 0x0000000706800000, 0x0000000706800000|100%| O|  |TAMS 0x0000000706800000| PB 0x0000000706800000| Untracked 
|  52|0x0000000706800000, 0x0000000706a00000, 0x0000000706a00000|100%| O|  |TAMS 0x0000000706a00000| PB 0x0000000706a00000| Untracked 
|  53|0x0000000706a00000, 0x0000000706c00000, 0x0000000706c00000|100%| O|  |TAMS 0x0000000706c00000| PB 0x0000000706c00000| Updating 
|  54|0x0000000706c00000, 0x0000000706e00000, 0x0000000706e00000|100%| O|  |TAMS 0x0000000706e00000| PB 0x0000000706e00000| Untracked 
|  55|0x0000000706e00000, 0x0000000707000000, 0x0000000707000000|100%| O|  |TAMS 0x0000000707000000| PB 0x0000000707000000| Untracked 
|  56|0x0000000707000000, 0x0000000707200000, 0x0000000707200000|100%| O|  |TAMS 0x0000000707200000| PB 0x0000000707200000| Updating 
|  57|0x0000000707200000, 0x0000000707400000, 0x0000000707400000|100%| O|  |TAMS 0x0000000707400000| PB 0x0000000707400000| Untracked 
|  58|0x0000000707400000, 0x0000000707600000, 0x0000000707600000|100%| O|  |TAMS 0x0000000707600000| PB 0x0000000707600000| Updating 
|  59|0x0000000707600000, 0x0000000707800000, 0x0000000707800000|100%| O|  |TAMS 0x0000000707800000| PB 0x0000000707800000| Untracked 
|  60|0x0000000707800000, 0x0000000707a00000, 0x0000000707a00000|100%| O|  |TAMS 0x0000000707a00000| PB 0x0000000707a00000| Updating 
|  61|0x0000000707a00000, 0x0000000707c00000, 0x0000000707c00000|100%| O|  |TAMS 0x0000000707c00000| PB 0x0000000707c00000| Updating 
|  62|0x0000000707c00000, 0x0000000707e00000, 0x0000000707e00000|100%| O|  |TAMS 0x0000000707e00000| PB 0x0000000707e00000| Updating 
|  63|0x0000000707e00000, 0x0000000708000000, 0x0000000708000000|100%| O|  |TAMS 0x0000000708000000| PB 0x0000000708000000| Updating 
|  64|0x0000000708000000, 0x0000000708200000, 0x0000000708200000|100%| O|  |TAMS 0x0000000708200000| PB 0x0000000708200000| Untracked 
|  65|0x0000000708200000, 0x0000000708400000, 0x0000000708400000|100%| O|  |TAMS 0x0000000708400000| PB 0x0000000708400000| Untracked 
|  66|0x0000000708400000, 0x0000000708600000, 0x0000000708600000|100%| O|  |TAMS 0x0000000708600000| PB 0x0000000708600000| Updating 
|  67|0x0000000708600000, 0x0000000708800000, 0x0000000708800000|100%| O|  |TAMS 0x0000000708800000| PB 0x0000000708800000| Untracked 
|  68|0x0000000708800000, 0x0000000708a00000, 0x0000000708a00000|100%| O|  |TAMS 0x0000000708a00000| PB 0x0000000708a00000| Untracked 
|  69|0x0000000708a00000, 0x0000000708c00000, 0x0000000708c00000|100%| O|  |TAMS 0x0000000708c00000| PB 0x0000000708c00000| Untracked 
|  70|0x0000000708c00000, 0x0000000708e00000, 0x0000000708e00000|100%| O|  |TAMS 0x0000000708e00000| PB 0x0000000708e00000| Untracked 
|  71|0x0000000708e00000, 0x0000000709000000, 0x0000000709000000|100%| O|  |TAMS 0x0000000709000000| PB 0x0000000709000000| Untracked 
|  72|0x0000000709000000, 0x0000000709200000, 0x0000000709200000|100%| O|  |TAMS 0x0000000709200000| PB 0x0000000709200000| Untracked 
|  73|0x0000000709200000, 0x0000000709400000, 0x0000000709400000|100%| O|  |TAMS 0x0000000709400000| PB 0x0000000709400000| Untracked 
|  74|0x0000000709400000, 0x0000000709600000, 0x0000000709600000|100%| O|  |TAMS 0x0000000709600000| PB 0x0000000709600000| Untracked 
|  75|0x0000000709600000, 0x0000000709800000, 0x0000000709800000|100%| O|  |TAMS 0x0000000709800000| PB 0x0000000709800000| Untracked 
|  76|0x0000000709800000, 0x0000000709a00000, 0x0000000709a00000|100%| O|  |TAMS 0x0000000709a00000| PB 0x0000000709a00000| Untracked 
|  77|0x0000000709a00000, 0x0000000709c00000, 0x0000000709c00000|100%| O|  |TAMS 0x0000000709c00000| PB 0x0000000709c00000| Untracked 
|  78|0x0000000709c00000, 0x0000000709e00000, 0x0000000709e00000|100%| O|  |TAMS 0x0000000709e00000| PB 0x0000000709e00000| Untracked 
|  79|0x0000000709e00000, 0x000000070a000000, 0x000000070a000000|100%| O|  |TAMS 0x000000070a000000| PB 0x000000070a000000| Untracked 
|  80|0x000000070a000000, 0x000000070a200000, 0x000000070a200000|100%| O|  |TAMS 0x000000070a200000| PB 0x000000070a200000| Untracked 
|  81|0x000000070a200000, 0x000000070a400000, 0x000000070a400000|100%| O|  |TAMS 0x000000070a400000| PB 0x000000070a400000| Untracked 
|  82|0x000000070a400000, 0x000000070a600000, 0x000000070a600000|100%| O|  |TAMS 0x000000070a600000| PB 0x000000070a600000| Untracked 
|  83|0x000000070a600000, 0x000000070a800000, 0x000000070a800000|100%| O|  |TAMS 0x000000070a800000| PB 0x000000070a800000| Untracked 
|  84|0x000000070a800000, 0x000000070aa00000, 0x000000070aa00000|100%| O|  |TAMS 0x000000070aa00000| PB 0x000000070aa00000| Untracked 
|  85|0x000000070aa00000, 0x000000070ac00000, 0x000000070ac00000|100%| O|  |TAMS 0x000000070ac00000| PB 0x000000070ac00000| Updating 
|  86|0x000000070ac00000, 0x000000070ae00000, 0x000000070ae00000|100%| O|  |TAMS 0x000000070ae00000| PB 0x000000070ae00000| Updating 
|  87|0x000000070ae00000, 0x000000070b000000, 0x000000070b000000|100%| O|  |TAMS 0x000000070b000000| PB 0x000000070b000000| Untracked 
|  88|0x000000070b000000, 0x000000070b200000, 0x000000070b200000|100%| O|  |TAMS 0x000000070b200000| PB 0x000000070b200000| Untracked 
|  89|0x000000070b200000, 0x000000070b400000, 0x000000070b400000|100%| O|  |TAMS 0x000000070b400000| PB 0x000000070b400000| Updating 
|  90|0x000000070b400000, 0x000000070b600000, 0x000000070b600000|100%| O|  |TAMS 0x000000070b600000| PB 0x000000070b600000| Updating 
|  91|0x000000070b600000, 0x000000070b800000, 0x000000070b800000|100%| O|  |TAMS 0x000000070b800000| PB 0x000000070b800000| Updating 
|  92|0x000000070b800000, 0x000000070ba00000, 0x000000070ba00000|100%| O|  |TAMS 0x000000070ba00000| PB 0x000000070ba00000| Updating 
|  93|0x000000070ba00000, 0x000000070bc00000, 0x000000070bc00000|100%| O|  |TAMS 0x000000070bc00000| PB 0x000000070bc00000| Untracked 
|  94|0x000000070bc00000, 0x000000070be00000, 0x000000070be00000|100%| O|  |TAMS 0x000000070be00000| PB 0x000000070be00000| Untracked 
|  95|0x000000070be00000, 0x000000070c000000, 0x000000070c000000|100%| O|  |TAMS 0x000000070c000000| PB 0x000000070c000000| Untracked 
|  96|0x000000070c000000, 0x000000070c200000, 0x000000070c200000|100%| O|  |TAMS 0x000000070c200000| PB 0x000000070c200000| Untracked 
|  97|0x000000070c200000, 0x000000070c400000, 0x000000070c400000|100%| O|  |TAMS 0x000000070c400000| PB 0x000000070c400000| Untracked 
|  98|0x000000070c400000, 0x000000070c600000, 0x000000070c600000|100%| O|  |TAMS 0x000000070c600000| PB 0x000000070c600000| Updating 
|  99|0x000000070c600000, 0x000000070c800000, 0x000000070c800000|100%| O|  |TAMS 0x000000070c800000| PB 0x000000070c800000| Updating 
| 100|0x000000070c800000, 0x000000070ca00000, 0x000000070ca00000|100%| O|  |TAMS 0x000000070ca00000| PB 0x000000070ca00000| Updating 
| 101|0x000000070ca00000, 0x000000070cc00000, 0x000000070cc00000|100%| O|  |TAMS 0x000000070cc00000| PB 0x000000070cc00000| Untracked 
| 102|0x000000070cc00000, 0x000000070ce00000, 0x000000070ce00000|100%| O|  |TAMS 0x000000070ce00000| PB 0x000000070ce00000| Untracked 
| 103|0x000000070ce00000, 0x000000070d000000, 0x000000070d000000|100%| O|  |TAMS 0x000000070d000000| PB 0x000000070d000000| Updating 
| 104|0x000000070d000000, 0x000000070d200000, 0x000000070d200000|100%| O|  |TAMS 0x000000070d200000| PB 0x000000070d200000| Untracked 
| 105|0x000000070d200000, 0x000000070d400000, 0x000000070d400000|100%| O|  |TAMS 0x000000070d400000| PB 0x000000070d400000| Untracked 
| 106|0x000000070d400000, 0x000000070d600000, 0x000000070d600000|100%| O|  |TAMS 0x000000070d600000| PB 0x000000070d600000| Untracked 
| 107|0x000000070d600000, 0x000000070d800000, 0x000000070d800000|100%| O|  |TAMS 0x000000070d800000| PB 0x000000070d800000| Untracked 
| 108|0x000000070d800000, 0x000000070da00000, 0x000000070da00000|100%| O|  |TAMS 0x000000070da00000| PB 0x000000070da00000| Untracked 
| 109|0x000000070da00000, 0x000000070dc00000, 0x000000070dc00000|100%| O|  |TAMS 0x000000070dc00000| PB 0x000000070dc00000| Updating 
| 110|0x000000070dc00000, 0x000000070de00000, 0x000000070de00000|100%| O|  |TAMS 0x000000070de00000| PB 0x000000070de00000| Untracked 
| 111|0x000000070de00000, 0x000000070e000000, 0x000000070e000000|100%| O|  |TAMS 0x000000070e000000| PB 0x000000070e000000| Untracked 
| 112|0x000000070e000000, 0x000000070e200000, 0x000000070e200000|100%| O|  |TAMS 0x000000070e200000| PB 0x000000070e200000| Untracked 
| 113|0x000000070e200000, 0x000000070e400000, 0x000000070e400000|100%| O|  |TAMS 0x000000070e400000| PB 0x000000070e400000| Untracked 
| 114|0x000000070e400000, 0x000000070e600000, 0x000000070e600000|100%| O|  |TAMS 0x000000070e600000| PB 0x000000070e600000| Updating 
| 115|0x000000070e600000, 0x000000070e800000, 0x000000070e800000|100%| O|  |TAMS 0x000000070e800000| PB 0x000000070e800000| Updating 
| 116|0x000000070e800000, 0x000000070ea00000, 0x000000070ea00000|100%| O|  |TAMS 0x000000070ea00000| PB 0x000000070ea00000| Untracked 
| 117|0x000000070ea00000, 0x000000070ec00000, 0x000000070ec00000|100%| O|  |TAMS 0x000000070ec00000| PB 0x000000070ec00000| Untracked 
| 118|0x000000070ec00000, 0x000000070ee00000, 0x000000070ee00000|100%| O|  |TAMS 0x000000070ee00000| PB 0x000000070ee00000| Untracked 
| 119|0x000000070ee00000, 0x000000070f000000, 0x000000070f000000|100%| O|  |TAMS 0x000000070f000000| PB 0x000000070f000000| Untracked 
| 120|0x000000070f000000, 0x000000070f200000, 0x000000070f200000|100%| O|  |TAMS 0x000000070f200000| PB 0x000000070f200000| Updating 
| 121|0x000000070f200000, 0x000000070f400000, 0x000000070f400000|100%| O|  |TAMS 0x000000070f400000| PB 0x000000070f400000| Updating 
| 122|0x000000070f400000, 0x000000070f600000, 0x000000070f600000|100%| O|  |TAMS 0x000000070f600000| PB 0x000000070f600000| Updating 
| 123|0x000000070f600000, 0x000000070f800000, 0x000000070f800000|100%| O|  |TAMS 0x000000070f800000| PB 0x000000070f800000| Updating 
| 124|0x000000070f800000, 0x000000070fa00000, 0x000000070fa00000|100%| O|  |TAMS 0x000000070fa00000| PB 0x000000070fa00000| Untracked 
| 125|0x000000070fa00000, 0x000000070fc00000, 0x000000070fc00000|100%| O|  |TAMS 0x000000070fc00000| PB 0x000000070fc00000| Updating 
| 126|0x000000070fc00000, 0x000000070fe00000, 0x000000070fe00000|100%| O|  |TAMS 0x000000070fe00000| PB 0x000000070fe00000| Untracked 
| 127|0x000000070fe00000, 0x0000000710000000, 0x0000000710000000|100%| O|  |TAMS 0x0000000710000000| PB 0x0000000710000000| Untracked 
| 128|0x0000000710000000, 0x0000000710200000, 0x0000000710200000|100%| O|  |TAMS 0x0000000710200000| PB 0x0000000710200000| Updating 
| 129|0x0000000710200000, 0x0000000710400000, 0x0000000710400000|100%| O|  |TAMS 0x0000000710400000| PB 0x0000000710400000| Updating 
| 130|0x0000000710400000, 0x0000000710600000, 0x0000000710600000|100%| O|  |TAMS 0x0000000710600000| PB 0x0000000710600000| Untracked 
| 131|0x0000000710600000, 0x0000000710800000, 0x0000000710800000|100%| O|  |TAMS 0x0000000710800000| PB 0x0000000710800000| Untracked 
| 132|0x0000000710800000, 0x0000000710a00000, 0x0000000710a00000|100%| O|  |TAMS 0x0000000710a00000| PB 0x0000000710a00000| Untracked 
| 133|0x0000000710a00000, 0x0000000710c00000, 0x0000000710c00000|100%| O|  |TAMS 0x0000000710c00000| PB 0x0000000710c00000| Untracked 
| 134|0x0000000710c00000, 0x0000000710e00000, 0x0000000710e00000|100%| O|  |TAMS 0x0000000710e00000| PB 0x0000000710e00000| Untracked 
| 135|0x0000000710e00000, 0x0000000711000000, 0x0000000711000000|100%| O|  |TAMS 0x0000000711000000| PB 0x0000000711000000| Updating 
| 136|0x0000000711000000, 0x0000000711200000, 0x0000000711200000|100%| O|  |TAMS 0x0000000711200000| PB 0x0000000711200000| Updating 
| 137|0x0000000711200000, 0x0000000711400000, 0x0000000711400000|100%| O|  |TAMS 0x0000000711400000| PB 0x0000000711400000| Untracked 
| 138|0x0000000711400000, 0x0000000711600000, 0x0000000711600000|100%| O|  |TAMS 0x0000000711600000| PB 0x0000000711600000| Untracked 
| 139|0x0000000711600000, 0x0000000711800000, 0x0000000711800000|100%| O|  |TAMS 0x0000000711800000| PB 0x0000000711800000| Updating 
| 140|0x0000000711800000, 0x0000000711a00000, 0x0000000711a00000|100%| O|  |TAMS 0x0000000711a00000| PB 0x0000000711a00000| Updating 
| 141|0x0000000711a00000, 0x0000000711c00000, 0x0000000711c00000|100%| O|  |TAMS 0x0000000711c00000| PB 0x0000000711c00000| Updating 
| 142|0x0000000711c00000, 0x0000000711e00000, 0x0000000711e00000|100%| O|  |TAMS 0x0000000711e00000| PB 0x0000000711e00000| Updating 
| 143|0x0000000711e00000, 0x0000000712000000, 0x0000000712000000|100%| O|  |TAMS 0x0000000712000000| PB 0x0000000712000000| Updating 
| 144|0x0000000712000000, 0x0000000712200000, 0x0000000712200000|100%| O|  |TAMS 0x0000000712200000| PB 0x0000000712200000| Untracked 
| 145|0x0000000712200000, 0x0000000712400000, 0x0000000712400000|100%| O|  |TAMS 0x0000000712400000| PB 0x0000000712400000| Untracked 
| 146|0x0000000712400000, 0x0000000712600000, 0x0000000712600000|100%| O|  |TAMS 0x0000000712600000| PB 0x0000000712600000| Untracked 
| 147|0x0000000712600000, 0x0000000712800000, 0x0000000712800000|100%| O|  |TAMS 0x0000000712800000| PB 0x0000000712800000| Untracked 
| 148|0x0000000712800000, 0x0000000712a00000, 0x0000000712a00000|100%| O|  |TAMS 0x0000000712a00000| PB 0x0000000712a00000| Updating 
| 149|0x0000000712a00000, 0x0000000712c00000, 0x0000000712c00000|100%| O|  |TAMS 0x0000000712c00000| PB 0x0000000712c00000| Updating 
| 150|0x0000000712c00000, 0x0000000712e00000, 0x0000000712e00000|100%| O|  |TAMS 0x0000000712e00000| PB 0x0000000712e00000| Untracked 
| 151|0x0000000712e00000, 0x0000000713000000, 0x0000000713000000|100%| O|  |TAMS 0x0000000713000000| PB 0x0000000713000000| Updating 
| 152|0x0000000713000000, 0x0000000713200000, 0x0000000713200000|100%| O|  |TAMS 0x0000000713200000| PB 0x0000000713200000| Updating 
| 153|0x0000000713200000, 0x0000000713400000, 0x0000000713400000|100%| O|  |TAMS 0x0000000713400000| PB 0x0000000713400000| Untracked 
| 154|0x0000000713400000, 0x0000000713600000, 0x0000000713600000|100%| O|  |TAMS 0x0000000713600000| PB 0x0000000713600000| Updating 
| 155|0x0000000713600000, 0x0000000713800000, 0x0000000713800000|100%| O|  |TAMS 0x0000000713800000| PB 0x0000000713800000| Untracked 
| 156|0x0000000713800000, 0x0000000713a00000, 0x0000000713a00000|100%| O|  |TAMS 0x0000000713a00000| PB 0x0000000713a00000| Updating 
| 157|0x0000000713a00000, 0x0000000713c00000, 0x0000000713c00000|100%|HS|  |TAMS 0x0000000713c00000| PB 0x0000000713a00000| Complete 
| 158|0x0000000713c00000, 0x0000000713e00000, 0x0000000713e00000|100%|HC|  |TAMS 0x0000000713e00000| PB 0x0000000713c00000| Complete 
| 159|0x0000000713e00000, 0x0000000714000000, 0x0000000714000000|100%| O|  |TAMS 0x0000000714000000| PB 0x0000000714000000| Updating 
| 160|0x0000000714000000, 0x0000000714200000, 0x0000000714200000|100%| O|  |TAMS 0x0000000714200000| PB 0x0000000714200000| Untracked 
| 161|0x0000000714200000, 0x0000000714400000, 0x0000000714400000|100%| O|  |TAMS 0x0000000714400000| PB 0x0000000714400000| Untracked 
| 162|0x0000000714400000, 0x0000000714600000, 0x0000000714600000|100%| O|  |TAMS 0x0000000714600000| PB 0x0000000714600000| Untracked 
| 163|0x0000000714600000, 0x0000000714800000, 0x0000000714800000|100%| O|  |TAMS 0x0000000714800000| PB 0x0000000714800000| Untracked 
| 164|0x0000000714800000, 0x0000000714a00000, 0x0000000714a00000|100%| O|  |TAMS 0x0000000714a00000| PB 0x0000000714a00000| Updating 
| 165|0x0000000714a00000, 0x0000000714c00000, 0x0000000714c00000|100%| O|  |TAMS 0x0000000714a00000| PB 0x0000000714a00000| Untracked 
| 166|0x0000000714c00000, 0x0000000714e00000, 0x0000000714e00000|100%| O|  |TAMS 0x0000000714e00000| PB 0x0000000714e00000| Untracked 
| 167|0x0000000714e00000, 0x0000000715000000, 0x0000000715000000|100%|HS|  |TAMS 0x0000000715000000| PB 0x0000000714e00000| Complete 
| 168|0x0000000715000000, 0x0000000715200000, 0x0000000715200000|100%| O|  |TAMS 0x0000000715200000| PB 0x0000000715200000| Updating 
| 169|0x0000000715200000, 0x0000000715200000, 0x0000000715400000|  0%| F|  |TAMS 0x0000000715200000| PB 0x0000000715200000| Untracked 
| 170|0x0000000715400000, 0x0000000715400000, 0x0000000715600000|  0%| F|  |TAMS 0x0000000715400000| PB 0x0000000715400000| Untracked 
| 171|0x0000000715600000, 0x0000000715600000, 0x0000000715800000|  0%| F|  |TAMS 0x0000000715600000| PB 0x0000000715600000| Untracked 
| 172|0x0000000715800000, 0x0000000715800000, 0x0000000715a00000|  0%| F|  |TAMS 0x0000000715800000| PB 0x0000000715800000| Untracked 
| 173|0x0000000715a00000, 0x0000000715a00000, 0x0000000715c00000|  0%| F|  |TAMS 0x0000000715a00000| PB 0x0000000715a00000| Untracked 
| 174|0x0000000715c00000, 0x0000000715e00000, 0x0000000715e00000|100%| O|  |TAMS 0x0000000715e00000| PB 0x0000000715e00000| Updating 
| 175|0x0000000715e00000, 0x0000000716000000, 0x0000000716000000|100%|HS|  |TAMS 0x0000000716000000| PB 0x0000000715e00000| Complete 
| 176|0x0000000716000000, 0x0000000716200000, 0x0000000716200000|100%| O|  |TAMS 0x0000000716000000| PB 0x0000000716000000| Untracked 
| 177|0x0000000716200000, 0x0000000716400000, 0x0000000716400000|100%| O|  |TAMS 0x0000000716200000| PB 0x0000000716200000| Untracked 
| 178|0x0000000716400000, 0x0000000716600000, 0x0000000716600000|100%|HS|  |TAMS 0x0000000716600000| PB 0x0000000716400000| Complete 
| 179|0x0000000716600000, 0x0000000716800000, 0x0000000716800000|100%|HS|  |TAMS 0x0000000716800000| PB 0x0000000716600000| Complete 
| 180|0x0000000716800000, 0x0000000716a00000, 0x0000000716a00000|100%| O|  |TAMS 0x0000000716a00000| PB 0x0000000716a00000| Updating 
| 181|0x0000000716a00000, 0x0000000716a00000, 0x0000000716c00000|  0%| F|  |TAMS 0x0000000716a00000| PB 0x0000000716a00000| Untracked 
| 182|0x0000000716c00000, 0x0000000716c00000, 0x0000000716e00000|  0%| F|  |TAMS 0x0000000716c00000| PB 0x0000000716c00000| Untracked 
| 183|0x0000000716e00000, 0x0000000716e00000, 0x0000000717000000|  0%| F|  |TAMS 0x0000000716e00000| PB 0x0000000716e00000| Untracked 
| 184|0x0000000717000000, 0x0000000717000000, 0x0000000717200000|  0%| F|  |TAMS 0x0000000717000000| PB 0x0000000717000000| Untracked 
| 185|0x0000000717200000, 0x0000000717200000, 0x0000000717400000|  0%| F|  |TAMS 0x0000000717200000| PB 0x0000000717200000| Untracked 
| 186|0x0000000717400000, 0x0000000717400000, 0x0000000717600000|  0%| F|  |TAMS 0x0000000717400000| PB 0x0000000717400000| Untracked 
| 187|0x0000000717600000, 0x0000000717600000, 0x0000000717800000|  0%| F|  |TAMS 0x0000000717600000| PB 0x0000000717600000| Untracked 
| 188|0x0000000717800000, 0x0000000717800000, 0x0000000717a00000|  0%| F|  |TAMS 0x0000000717800000| PB 0x0000000717800000| Untracked 
| 189|0x0000000717a00000, 0x0000000717a00000, 0x0000000717c00000|  0%| F|  |TAMS 0x0000000717a00000| PB 0x0000000717a00000| Untracked 
| 190|0x0000000717c00000, 0x0000000717c00000, 0x0000000717e00000|  0%| F|  |TAMS 0x0000000717c00000| PB 0x0000000717c00000| Untracked 
| 191|0x0000000717e00000, 0x0000000717e00000, 0x0000000718000000|  0%| F|  |TAMS 0x0000000717e00000| PB 0x0000000717e00000| Untracked 
| 192|0x0000000718000000, 0x0000000718000000, 0x0000000718200000|  0%| F|  |TAMS 0x0000000718000000| PB 0x0000000718000000| Untracked 
| 193|0x0000000718200000, 0x0000000718200000, 0x0000000718400000|  0%| F|  |TAMS 0x0000000718200000| PB 0x0000000718200000| Untracked 
| 194|0x0000000718400000, 0x0000000718600000, 0x0000000718600000|100%|HS|  |TAMS 0x0000000718600000| PB 0x0000000718400000| Complete 
| 195|0x0000000718600000, 0x0000000718800000, 0x0000000718800000|100%|HS|  |TAMS 0x0000000718800000| PB 0x0000000718600000| Complete 
| 196|0x0000000718800000, 0x0000000718a00000, 0x0000000718a00000|100%|HS|  |TAMS 0x0000000718a00000| PB 0x0000000718800000| Complete 
| 197|0x0000000718a00000, 0x0000000718c00000, 0x0000000718c00000|100%|HS|  |TAMS 0x0000000718c00000| PB 0x0000000718a00000| Complete 
| 198|0x0000000718c00000, 0x0000000718e00000, 0x0000000718e00000|100%|HS|  |TAMS 0x0000000718e00000| PB 0x0000000718c00000| Complete 
| 199|0x0000000718e00000, 0x0000000719000000, 0x0000000719000000|100%| O|  |TAMS 0x0000000718e00000| PB 0x0000000718e00000| Untracked 
| 200|0x0000000719000000, 0x0000000719200000, 0x0000000719200000|100%|HS|  |TAMS 0x0000000719200000| PB 0x0000000719000000| Complete 
| 201|0x0000000719200000, 0x0000000719400000, 0x0000000719400000|100%|HS|  |TAMS 0x0000000719400000| PB 0x0000000719200000| Complete 
| 202|0x0000000719400000, 0x0000000719600000, 0x0000000719600000|100%|HS|  |TAMS 0x0000000719600000| PB 0x0000000719400000| Complete 
| 203|0x0000000719600000, 0x0000000719800000, 0x0000000719800000|100%|HC|  |TAMS 0x0000000719800000| PB 0x0000000719600000| Complete 
| 204|0x0000000719800000, 0x0000000719a00000, 0x0000000719a00000|100%|HC|  |TAMS 0x0000000719a00000| PB 0x0000000719800000| Complete 
| 205|0x0000000719a00000, 0x0000000719c00000, 0x0000000719c00000|100%|HC|  |TAMS 0x0000000719c00000| PB 0x0000000719a00000| Complete 
| 206|0x0000000719c00000, 0x0000000719e00000, 0x0000000719e00000|100%|HC|  |TAMS 0x0000000719e00000| PB 0x0000000719c00000| Complete 
| 207|0x0000000719e00000, 0x0000000719e00000, 0x000000071a000000|  0%| F|  |TAMS 0x0000000719e00000| PB 0x0000000719e00000| Untracked 
| 208|0x000000071a000000, 0x000000071a000000, 0x000000071a200000|  0%| F|  |TAMS 0x000000071a000000| PB 0x000000071a000000| Untracked 
| 209|0x000000071a200000, 0x000000071a200000, 0x000000071a400000|  0%| F|  |TAMS 0x000000071a200000| PB 0x000000071a200000| Untracked 
| 210|0x000000071a400000, 0x000000071a400000, 0x000000071a600000|  0%| F|  |TAMS 0x000000071a400000| PB 0x000000071a400000| Untracked 
| 211|0x000000071a600000, 0x000000071a600000, 0x000000071a800000|  0%| F|  |TAMS 0x000000071a600000| PB 0x000000071a600000| Untracked 
| 212|0x000000071a800000, 0x000000071a800000, 0x000000071aa00000|  0%| F|  |TAMS 0x000000071a800000| PB 0x000000071a800000| Untracked 
| 213|0x000000071aa00000, 0x000000071aa00000, 0x000000071ac00000|  0%| F|  |TAMS 0x000000071aa00000| PB 0x000000071aa00000| Untracked 
| 214|0x000000071ac00000, 0x000000071ac00000, 0x000000071ae00000|  0%| F|  |TAMS 0x000000071ac00000| PB 0x000000071ac00000| Untracked 
| 215|0x000000071ae00000, 0x000000071ae00000, 0x000000071b000000|  0%| F|  |TAMS 0x000000071ae00000| PB 0x000000071ae00000| Untracked 
| 216|0x000000071b000000, 0x000000071b000000, 0x000000071b200000|  0%| F|  |TAMS 0x000000071b000000| PB 0x000000071b000000| Untracked 
| 217|0x000000071b200000, 0x000000071b200000, 0x000000071b400000|  0%| F|  |TAMS 0x000000071b200000| PB 0x000000071b200000| Untracked 
| 218|0x000000071b400000, 0x000000071b400000, 0x000000071b600000|  0%| F|  |TAMS 0x000000071b400000| PB 0x000000071b400000| Untracked 
| 219|0x000000071b600000, 0x000000071b600000, 0x000000071b800000|  0%| F|  |TAMS 0x000000071b600000| PB 0x000000071b600000| Untracked 
| 220|0x000000071b800000, 0x000000071b800000, 0x000000071ba00000|  0%| F|  |TAMS 0x000000071b800000| PB 0x000000071b800000| Untracked 
| 221|0x000000071ba00000, 0x000000071ba00000, 0x000000071bc00000|  0%| F|  |TAMS 0x000000071ba00000| PB 0x000000071ba00000| Untracked 
| 222|0x000000071bc00000, 0x000000071bc00000, 0x000000071be00000|  0%| F|  |TAMS 0x000000071bc00000| PB 0x000000071bc00000| Untracked 
| 223|0x000000071be00000, 0x000000071be00000, 0x000000071c000000|  0%| F|  |TAMS 0x000000071be00000| PB 0x000000071be00000| Untracked 
| 224|0x000000071c000000, 0x000000071c000000, 0x000000071c200000|  0%| F|  |TAMS 0x000000071c000000| PB 0x000000071c000000| Untracked 
| 225|0x000000071c200000, 0x000000071c200000, 0x000000071c400000|  0%| F|  |TAMS 0x000000071c200000| PB 0x000000071c200000| Untracked 
| 226|0x000000071c400000, 0x000000071c400000, 0x000000071c600000|  0%| F|  |TAMS 0x000000071c400000| PB 0x000000071c400000| Untracked 
| 227|0x000000071c600000, 0x000000071c600000, 0x000000071c800000|  0%| F|  |TAMS 0x000000071c600000| PB 0x000000071c600000| Untracked 
| 228|0x000000071c800000, 0x000000071c800000, 0x000000071ca00000|  0%| F|  |TAMS 0x000000071c800000| PB 0x000000071c800000| Untracked 
| 229|0x000000071ca00000, 0x000000071ca00000, 0x000000071cc00000|  0%| F|  |TAMS 0x000000071ca00000| PB 0x000000071ca00000| Untracked 
| 230|0x000000071cc00000, 0x000000071cc00000, 0x000000071ce00000|  0%| F|  |TAMS 0x000000071cc00000| PB 0x000000071cc00000| Untracked 
| 231|0x000000071ce00000, 0x000000071ce00000, 0x000000071d000000|  0%| F|  |TAMS 0x000000071ce00000| PB 0x000000071ce00000| Untracked 
| 232|0x000000071d000000, 0x000000071d000000, 0x000000071d200000|  0%| F|  |TAMS 0x000000071d000000| PB 0x000000071d000000| Untracked 
| 233|0x000000071d200000, 0x000000071d200000, 0x000000071d400000|  0%| F|  |TAMS 0x000000071d200000| PB 0x000000071d200000| Untracked 
| 234|0x000000071d400000, 0x000000071d400000, 0x000000071d600000|  0%| F|  |TAMS 0x000000071d400000| PB 0x000000071d400000| Untracked 
| 235|0x000000071d600000, 0x000000071d600000, 0x000000071d800000|  0%| F|  |TAMS 0x000000071d600000| PB 0x000000071d600000| Untracked 
| 236|0x000000071d800000, 0x000000071d800000, 0x000000071da00000|  0%| F|  |TAMS 0x000000071d800000| PB 0x000000071d800000| Untracked 
| 237|0x000000071da00000, 0x000000071da00000, 0x000000071dc00000|  0%| F|  |TAMS 0x000000071da00000| PB 0x000000071da00000| Untracked 
| 238|0x000000071dc00000, 0x000000071dc00000, 0x000000071de00000|  0%| F|  |TAMS 0x000000071dc00000| PB 0x000000071dc00000| Untracked 
| 239|0x000000071de00000, 0x000000071de00000, 0x000000071e000000|  0%| F|  |TAMS 0x000000071de00000| PB 0x000000071de00000| Untracked 
| 240|0x000000071e000000, 0x000000071e000000, 0x000000071e200000|  0%| F|  |TAMS 0x000000071e000000| PB 0x000000071e000000| Untracked 
| 241|0x000000071e200000, 0x000000071e200000, 0x000000071e400000|  0%| F|  |TAMS 0x000000071e200000| PB 0x000000071e200000| Untracked 
| 242|0x000000071e400000, 0x000000071e400000, 0x000000071e600000|  0%| F|  |TAMS 0x000000071e400000| PB 0x000000071e400000| Untracked 
| 243|0x000000071e600000, 0x000000071e600000, 0x000000071e800000|  0%| F|  |TAMS 0x000000071e600000| PB 0x000000071e600000| Untracked 
| 244|0x000000071e800000, 0x000000071e800000, 0x000000071ea00000|  0%| F|  |TAMS 0x000000071e800000| PB 0x000000071e800000| Untracked 
| 245|0x000000071ea00000, 0x000000071ea00000, 0x000000071ec00000|  0%| F|  |TAMS 0x000000071ea00000| PB 0x000000071ea00000| Untracked 
| 246|0x000000071ec00000, 0x000000071ec00000, 0x000000071ee00000|  0%| F|  |TAMS 0x000000071ec00000| PB 0x000000071ec00000| Untracked 
| 247|0x000000071ee00000, 0x000000071f000000, 0x000000071f000000|100%|HS|  |TAMS 0x000000071f000000| PB 0x000000071ee00000| Complete 
| 248|0x000000071f000000, 0x000000071f200000, 0x000000071f200000|100%|HS|  |TAMS 0x000000071f200000| PB 0x000000071f000000| Complete 
| 249|0x000000071f200000, 0x000000071f400000, 0x000000071f400000|100%|HC|  |TAMS 0x000000071f400000| PB 0x000000071f200000| Complete 
| 250|0x000000071f400000, 0x000000071f600000, 0x000000071f600000|100%|HC|  |TAMS 0x000000071f600000| PB 0x000000071f400000| Complete 
| 251|0x000000071f600000, 0x000000071f800000, 0x000000071f800000|100%|HC|  |TAMS 0x000000071f800000| PB 0x000000071f600000| Complete 
| 252|0x000000071f800000, 0x000000071fa00000, 0x000000071fa00000|100%|HC|  |TAMS 0x000000071fa00000| PB 0x000000071f800000| Complete 
| 253|0x000000071fa00000, 0x000000071fc00000, 0x000000071fc00000|100%|HC|  |TAMS 0x000000071fc00000| PB 0x000000071fa00000| Complete 
| 254|0x000000071fc00000, 0x000000071fe00000, 0x000000071fe00000|100%|HC|  |TAMS 0x000000071fe00000| PB 0x000000071fc00000| Complete 
| 255|0x000000071fe00000, 0x0000000720000000, 0x0000000720000000|100%|HC|  |TAMS 0x0000000720000000| PB 0x000000071fe00000| Complete 
| 256|0x0000000720000000, 0x0000000720200000, 0x0000000720200000|100%|HC|  |TAMS 0x0000000720200000| PB 0x0000000720000000| Complete 
| 257|0x0000000720200000, 0x0000000720400000, 0x0000000720400000|100%|HC|  |TAMS 0x0000000720400000| PB 0x0000000720200000| Complete 
| 258|0x0000000720400000, 0x0000000720600000, 0x0000000720600000|100%|HC|  |TAMS 0x0000000720600000| PB 0x0000000720400000| Complete 
| 259|0x0000000720600000, 0x0000000720800000, 0x0000000720800000|100%|HC|  |TAMS 0x0000000720800000| PB 0x0000000720600000| Complete 
| 260|0x0000000720800000, 0x0000000720a00000, 0x0000000720a00000|100%|HC|  |TAMS 0x0000000720a00000| PB 0x0000000720800000| Complete 
| 261|0x0000000720a00000, 0x0000000720c00000, 0x0000000720c00000|100%|HS|  |TAMS 0x0000000720c00000| PB 0x0000000720a00000| Complete 
| 262|0x0000000720c00000, 0x0000000720e00000, 0x0000000720e00000|100%|HC|  |TAMS 0x0000000720e00000| PB 0x0000000720c00000| Complete 
| 263|0x0000000720e00000, 0x0000000721000000, 0x0000000721000000|100%|HC|  |TAMS 0x0000000721000000| PB 0x0000000720e00000| Complete 
| 264|0x0000000721000000, 0x0000000721200000, 0x0000000721200000|100%|HC|  |TAMS 0x0000000721200000| PB 0x0000000721000000| Complete 
| 265|0x0000000721200000, 0x0000000721400000, 0x0000000721400000|100%|HC|  |TAMS 0x0000000721400000| PB 0x0000000721200000| Complete 
| 266|0x0000000721400000, 0x0000000721600000, 0x0000000721600000|100%|HC|  |TAMS 0x0000000721600000| PB 0x0000000721400000| Complete 
| 267|0x0000000721600000, 0x0000000721800000, 0x0000000721800000|100%|HC|  |TAMS 0x0000000721800000| PB 0x0000000721600000| Complete 
| 268|0x0000000721800000, 0x0000000721a00000, 0x0000000721a00000|100%|HC|  |TAMS 0x0000000721a00000| PB 0x0000000721800000| Complete 
| 269|0x0000000721a00000, 0x0000000721c00000, 0x0000000721c00000|100%|HC|  |TAMS 0x0000000721c00000| PB 0x0000000721a00000| Complete 
| 270|0x0000000721c00000, 0x0000000721e00000, 0x0000000721e00000|100%|HC|  |TAMS 0x0000000721e00000| PB 0x0000000721c00000| Complete 
| 271|0x0000000721e00000, 0x0000000722000000, 0x0000000722000000|100%|HC|  |TAMS 0x0000000722000000| PB 0x0000000721e00000| Complete 
| 272|0x0000000722000000, 0x0000000722200000, 0x0000000722200000|100%|HC|  |TAMS 0x0000000722200000| PB 0x0000000722000000| Complete 
| 273|0x0000000722200000, 0x0000000722400000, 0x0000000722400000|100%|HC|  |TAMS 0x0000000722400000| PB 0x0000000722200000| Complete 
| 274|0x0000000722400000, 0x0000000722600000, 0x0000000722600000|100%|HC|  |TAMS 0x0000000722600000| PB 0x0000000722400000| Complete 
| 275|0x0000000722600000, 0x0000000722800000, 0x0000000722800000|100%|HC|  |TAMS 0x0000000722800000| PB 0x0000000722600000| Complete 
| 276|0x0000000722800000, 0x0000000722a00000, 0x0000000722a00000|100%|HS|  |TAMS 0x0000000722a00000| PB 0x0000000722800000| Complete 
| 277|0x0000000722a00000, 0x0000000722c00000, 0x0000000722c00000|100%|HS|  |TAMS 0x0000000722c00000| PB 0x0000000722a00000| Complete 
| 278|0x0000000722c00000, 0x0000000722e00000, 0x0000000722e00000|100%|HS|  |TAMS 0x0000000722e00000| PB 0x0000000722c00000| Complete 
| 279|0x0000000722e00000, 0x0000000723000000, 0x0000000723000000|100%|HC|  |TAMS 0x0000000723000000| PB 0x0000000722e00000| Complete 
| 280|0x0000000723000000, 0x0000000723200000, 0x0000000723200000|100%|HC|  |TAMS 0x0000000723200000| PB 0x0000000723000000| Complete 
| 281|0x0000000723200000, 0x0000000723400000, 0x0000000723400000|100%|HC|  |TAMS 0x0000000723400000| PB 0x0000000723200000| Complete 
| 282|0x0000000723400000, 0x0000000723600000, 0x0000000723600000|100%|HC|  |TAMS 0x0000000723600000| PB 0x0000000723400000| Complete 
| 283|0x0000000723600000, 0x0000000723800000, 0x0000000723800000|100%|HC|  |TAMS 0x0000000723800000| PB 0x0000000723600000| Complete 
| 284|0x0000000723800000, 0x0000000723a00000, 0x0000000723a00000|100%|HC|  |TAMS 0x0000000723a00000| PB 0x0000000723800000| Complete 
| 285|0x0000000723a00000, 0x0000000723a00000, 0x0000000723c00000|  0%| F|  |TAMS 0x0000000723a00000| PB 0x0000000723a00000| Untracked 
| 286|0x0000000723c00000, 0x0000000723c00000, 0x0000000723e00000|  0%| F|  |TAMS 0x0000000723c00000| PB 0x0000000723c00000| Untracked 
| 287|0x0000000723e00000, 0x0000000723e00000, 0x0000000724000000|  0%| F|  |TAMS 0x0000000723e00000| PB 0x0000000723e00000| Untracked 
| 288|0x0000000724000000, 0x0000000724000000, 0x0000000724200000|  0%| F|  |TAMS 0x0000000724000000| PB 0x0000000724000000| Untracked 
| 289|0x0000000724200000, 0x0000000724200000, 0x0000000724400000|  0%| F|  |TAMS 0x0000000724200000| PB 0x0000000724200000| Untracked 
| 290|0x0000000724400000, 0x0000000724400000, 0x0000000724600000|  0%| F|  |TAMS 0x0000000724400000| PB 0x0000000724400000| Untracked 
| 291|0x0000000724600000, 0x0000000724600000, 0x0000000724800000|  0%| F|  |TAMS 0x0000000724600000| PB 0x0000000724600000| Untracked 
| 292|0x0000000724800000, 0x0000000724800000, 0x0000000724a00000|  0%| F|  |TAMS 0x0000000724800000| PB 0x0000000724800000| Untracked 
| 293|0x0000000724a00000, 0x0000000724a00000, 0x0000000724c00000|  0%| F|  |TAMS 0x0000000724a00000| PB 0x0000000724a00000| Untracked 
| 294|0x0000000724c00000, 0x0000000724c00000, 0x0000000724e00000|  0%| F|  |TAMS 0x0000000724c00000| PB 0x0000000724c00000| Untracked 
| 295|0x0000000724e00000, 0x0000000724e00000, 0x0000000725000000|  0%| F|  |TAMS 0x0000000724e00000| PB 0x0000000724e00000| Untracked 
| 296|0x0000000725000000, 0x0000000725000000, 0x0000000725200000|  0%| F|  |TAMS 0x0000000725000000| PB 0x0000000725000000| Untracked 
| 297|0x0000000725200000, 0x0000000725200000, 0x0000000725400000|  0%| F|  |TAMS 0x0000000725200000| PB 0x0000000725200000| Untracked 
| 298|0x0000000725400000, 0x0000000725400000, 0x0000000725600000|  0%| F|  |TAMS 0x0000000725400000| PB 0x0000000725400000| Untracked 
| 299|0x0000000725600000, 0x0000000725600000, 0x0000000725800000|  0%| F|  |TAMS 0x0000000725600000| PB 0x0000000725600000| Untracked 
| 300|0x0000000725800000, 0x0000000725a00000, 0x0000000725a00000|100%|HS|  |TAMS 0x0000000725a00000| PB 0x0000000725800000| Complete 
| 301|0x0000000725a00000, 0x0000000725c00000, 0x0000000725c00000|100%|HS|  |TAMS 0x0000000725c00000| PB 0x0000000725a00000| Complete 
| 302|0x0000000725c00000, 0x0000000725e00000, 0x0000000725e00000|100%|HS|  |TAMS 0x0000000725e00000| PB 0x0000000725c00000| Complete 
| 303|0x0000000725e00000, 0x0000000726000000, 0x0000000726000000|100%|HC|  |TAMS 0x0000000726000000| PB 0x0000000725e00000| Complete 
| 304|0x0000000726000000, 0x0000000726200000, 0x0000000726200000|100%|HC|  |TAMS 0x0000000726200000| PB 0x0000000726000000| Complete 
| 305|0x0000000726200000, 0x0000000726400000, 0x0000000726400000|100%|HC|  |TAMS 0x0000000726400000| PB 0x0000000726200000| Complete 
| 306|0x0000000726400000, 0x0000000726600000, 0x0000000726600000|100%|HC|  |TAMS 0x0000000726600000| PB 0x0000000726400000| Complete 
| 307|0x0000000726600000, 0x0000000726800000, 0x0000000726800000|100%|HC|  |TAMS 0x0000000726800000| PB 0x0000000726600000| Complete 
| 308|0x0000000726800000, 0x0000000726a00000, 0x0000000726a00000|100%|HS|  |TAMS 0x0000000726a00000| PB 0x0000000726800000| Complete 
| 309|0x0000000726a00000, 0x0000000726c00000, 0x0000000726c00000|100%|HS|  |TAMS 0x0000000726c00000| PB 0x0000000726a00000| Complete 
| 310|0x0000000726c00000, 0x0000000726e00000, 0x0000000726e00000|100%|HC|  |TAMS 0x0000000726e00000| PB 0x0000000726c00000| Complete 
| 311|0x0000000726e00000, 0x0000000726e00000, 0x0000000727000000|  0%| F|  |TAMS 0x0000000726e00000| PB 0x0000000726e00000| Untracked 
| 312|0x0000000727000000, 0x0000000727000000, 0x0000000727200000|  0%| F|  |TAMS 0x0000000727000000| PB 0x0000000727000000| Untracked 
| 313|0x0000000727200000, 0x0000000727200000, 0x0000000727400000|  0%| F|  |TAMS 0x0000000727200000| PB 0x0000000727200000| Untracked 
| 314|0x0000000727400000, 0x0000000727400000, 0x0000000727600000|  0%| F|  |TAMS 0x0000000727400000| PB 0x0000000727400000| Untracked 
| 315|0x0000000727600000, 0x0000000727600000, 0x0000000727800000|  0%| F|  |TAMS 0x0000000727600000| PB 0x0000000727600000| Untracked 
| 316|0x0000000727800000, 0x0000000727800000, 0x0000000727a00000|  0%| F|  |TAMS 0x0000000727800000| PB 0x0000000727800000| Untracked 
| 317|0x0000000727a00000, 0x0000000727a00000, 0x0000000727c00000|  0%| F|  |TAMS 0x0000000727a00000| PB 0x0000000727a00000| Untracked 
| 318|0x0000000727c00000, 0x0000000727c00000, 0x0000000727e00000|  0%| F|  |TAMS 0x0000000727c00000| PB 0x0000000727c00000| Untracked 
| 319|0x0000000727e00000, 0x0000000727e00000, 0x0000000728000000|  0%| F|  |TAMS 0x0000000727e00000| PB 0x0000000727e00000| Untracked 
| 320|0x0000000728000000, 0x0000000728000000, 0x0000000728200000|  0%| F|  |TAMS 0x0000000728000000| PB 0x0000000728000000| Untracked 
| 321|0x0000000728200000, 0x0000000728200000, 0x0000000728400000|  0%| F|  |TAMS 0x0000000728200000| PB 0x0000000728200000| Untracked 
| 322|0x0000000728400000, 0x0000000728400000, 0x0000000728600000|  0%| F|  |TAMS 0x0000000728400000| PB 0x0000000728400000| Untracked 
| 323|0x0000000728600000, 0x0000000728600000, 0x0000000728800000|  0%| F|  |TAMS 0x0000000728600000| PB 0x0000000728600000| Untracked 
| 324|0x0000000728800000, 0x0000000728a00000, 0x0000000728a00000|100%|HS|  |TAMS 0x0000000728a00000| PB 0x0000000728800000| Complete 
| 325|0x0000000728a00000, 0x0000000728c00000, 0x0000000728c00000|100%|HC|  |TAMS 0x0000000728c00000| PB 0x0000000728a00000| Complete 
| 326|0x0000000728c00000, 0x0000000728e00000, 0x0000000728e00000|100%|HC|  |TAMS 0x0000000728e00000| PB 0x0000000728c00000| Complete 
| 327|0x0000000728e00000, 0x0000000729000000, 0x0000000729000000|100%|HC|  |TAMS 0x0000000729000000| PB 0x0000000728e00000| Complete 
| 328|0x0000000729000000, 0x0000000729200000, 0x0000000729200000|100%|HC|  |TAMS 0x0000000729200000| PB 0x0000000729000000| Complete 
| 329|0x0000000729200000, 0x0000000729400000, 0x0000000729400000|100%|HC|  |TAMS 0x0000000729400000| PB 0x0000000729200000| Complete 
| 330|0x0000000729400000, 0x0000000729600000, 0x0000000729600000|100%|HC|  |TAMS 0x0000000729600000| PB 0x0000000729400000| Complete 
| 331|0x0000000729600000, 0x0000000729800000, 0x0000000729800000|100%|HC|  |TAMS 0x0000000729800000| PB 0x0000000729600000| Complete 
| 332|0x0000000729800000, 0x0000000729a00000, 0x0000000729a00000|100%|HC|  |TAMS 0x0000000729a00000| PB 0x0000000729800000| Complete 
| 333|0x0000000729a00000, 0x0000000729c00000, 0x0000000729c00000|100%|HC|  |TAMS 0x0000000729c00000| PB 0x0000000729a00000| Complete 
| 334|0x0000000729c00000, 0x0000000729e00000, 0x0000000729e00000|100%|HC|  |TAMS 0x0000000729e00000| PB 0x0000000729c00000| Complete 
| 335|0x0000000729e00000, 0x000000072a000000, 0x000000072a000000|100%|HC|  |TAMS 0x000000072a000000| PB 0x0000000729e00000| Complete 
| 336|0x000000072a000000, 0x000000072a200000, 0x000000072a200000|100%|HC|  |TAMS 0x000000072a200000| PB 0x000000072a000000| Complete 
| 337|0x000000072a200000, 0x000000072a200000, 0x000000072a400000|  0%| F|  |TAMS 0x000000072a200000| PB 0x000000072a200000| Untracked 
| 338|0x000000072a400000, 0x000000072a400000, 0x000000072a600000|  0%| F|  |TAMS 0x000000072a400000| PB 0x000000072a400000| Untracked 
| 339|0x000000072a600000, 0x000000072a600000, 0x000000072a800000|  0%| F|  |TAMS 0x000000072a600000| PB 0x000000072a600000| Untracked 
| 340|0x000000072a800000, 0x000000072a800000, 0x000000072aa00000|  0%| F|  |TAMS 0x000000072a800000| PB 0x000000072a800000| Untracked 
| 341|0x000000072aa00000, 0x000000072aa00000, 0x000000072ac00000|  0%| F|  |TAMS 0x000000072aa00000| PB 0x000000072aa00000| Untracked 
| 342|0x000000072ac00000, 0x000000072ac00000, 0x000000072ae00000|  0%| F|  |TAMS 0x000000072ac00000| PB 0x000000072ac00000| Untracked 
| 343|0x000000072ae00000, 0x000000072ae00000, 0x000000072b000000|  0%| F|  |TAMS 0x000000072ae00000| PB 0x000000072ae00000| Untracked 
| 344|0x000000072b000000, 0x000000072b000000, 0x000000072b200000|  0%| F|  |TAMS 0x000000072b000000| PB 0x000000072b000000| Untracked 
| 345|0x000000072b200000, 0x000000072b200000, 0x000000072b400000|  0%| F|  |TAMS 0x000000072b200000| PB 0x000000072b200000| Untracked 
| 346|0x000000072b400000, 0x000000072b400000, 0x000000072b600000|  0%| F|  |TAMS 0x000000072b400000| PB 0x000000072b400000| Untracked 
| 347|0x000000072b600000, 0x000000072b600000, 0x000000072b800000|  0%| F|  |TAMS 0x000000072b600000| PB 0x000000072b600000| Untracked 
| 348|0x000000072b800000, 0x000000072b800000, 0x000000072ba00000|  0%| F|  |TAMS 0x000000072b800000| PB 0x000000072b800000| Untracked 
| 349|0x000000072ba00000, 0x000000072ba00000, 0x000000072bc00000|  0%| F|  |TAMS 0x000000072ba00000| PB 0x000000072ba00000| Untracked 
| 350|0x000000072bc00000, 0x000000072bc00000, 0x000000072be00000|  0%| F|  |TAMS 0x000000072bc00000| PB 0x000000072bc00000| Untracked 
| 351|0x000000072be00000, 0x000000072be00000, 0x000000072c000000|  0%| F|  |TAMS 0x000000072be00000| PB 0x000000072be00000| Untracked 
| 352|0x000000072c000000, 0x000000072c200000, 0x000000072c200000|100%|HS|  |TAMS 0x000000072c200000| PB 0x000000072c000000| Complete 
| 353|0x000000072c200000, 0x000000072c400000, 0x000000072c400000|100%|HC|  |TAMS 0x000000072c400000| PB 0x000000072c200000| Complete 
| 354|0x000000072c400000, 0x000000072c600000, 0x000000072c600000|100%|HC|  |TAMS 0x000000072c600000| PB 0x000000072c400000| Complete 
| 355|0x000000072c600000, 0x000000072c800000, 0x000000072c800000|100%|HC|  |TAMS 0x000000072c800000| PB 0x000000072c600000| Complete 
| 356|0x000000072c800000, 0x000000072ca00000, 0x000000072ca00000|100%|HC|  |TAMS 0x000000072ca00000| PB 0x000000072c800000| Complete 
| 357|0x000000072ca00000, 0x000000072cc00000, 0x000000072cc00000|100%|HC|  |TAMS 0x000000072cc00000| PB 0x000000072ca00000| Complete 
| 358|0x000000072cc00000, 0x000000072ce00000, 0x000000072ce00000|100%|HC|  |TAMS 0x000000072ce00000| PB 0x000000072cc00000| Complete 
| 359|0x000000072ce00000, 0x000000072d000000, 0x000000072d000000|100%|HC|  |TAMS 0x000000072d000000| PB 0x000000072ce00000| Complete 
| 360|0x000000072d000000, 0x000000072d200000, 0x000000072d200000|100%|HC|  |TAMS 0x000000072d200000| PB 0x000000072d000000| Complete 
| 361|0x000000072d200000, 0x000000072d400000, 0x000000072d400000|100%|HC|  |TAMS 0x000000072d400000| PB 0x000000072d200000| Complete 
| 362|0x000000072d400000, 0x000000072d600000, 0x000000072d600000|100%|HC|  |TAMS 0x000000072d600000| PB 0x000000072d400000| Complete 
| 363|0x000000072d600000, 0x000000072d800000, 0x000000072d800000|100%|HC|  |TAMS 0x000000072d800000| PB 0x000000072d600000| Complete 
| 364|0x000000072d800000, 0x000000072da00000, 0x000000072da00000|100%|HC|  |TAMS 0x000000072da00000| PB 0x000000072d800000| Complete 
| 365|0x000000072da00000, 0x000000072dc00000, 0x000000072dc00000|100%|HS|  |TAMS 0x000000072dc00000| PB 0x000000072da00000| Complete 
| 366|0x000000072dc00000, 0x000000072de00000, 0x000000072de00000|100%|HC|  |TAMS 0x000000072de00000| PB 0x000000072dc00000| Complete 
| 367|0x000000072de00000, 0x000000072e000000, 0x000000072e000000|100%|HC|  |TAMS 0x000000072e000000| PB 0x000000072de00000| Complete 
| 368|0x000000072e000000, 0x000000072e200000, 0x000000072e200000|100%|HC|  |TAMS 0x000000072e200000| PB 0x000000072e000000| Complete 
| 369|0x000000072e200000, 0x000000072e400000, 0x000000072e400000|100%|HC|  |TAMS 0x000000072e400000| PB 0x000000072e200000| Complete 
| 370|0x000000072e400000, 0x000000072e600000, 0x000000072e600000|100%|HC|  |TAMS 0x000000072e600000| PB 0x000000072e400000| Complete 
| 371|0x000000072e600000, 0x000000072e800000, 0x000000072e800000|100%|HC|  |TAMS 0x000000072e800000| PB 0x000000072e600000| Complete 
| 372|0x000000072e800000, 0x000000072ea00000, 0x000000072ea00000|100%|HC|  |TAMS 0x000000072ea00000| PB 0x000000072e800000| Complete 
| 373|0x000000072ea00000, 0x000000072ec00000, 0x000000072ec00000|100%|HC|  |TAMS 0x000000072ec00000| PB 0x000000072ea00000| Complete 
| 374|0x000000072ec00000, 0x000000072ee00000, 0x000000072ee00000|100%|HC|  |TAMS 0x000000072ee00000| PB 0x000000072ec00000| Complete 
| 375|0x000000072ee00000, 0x000000072f000000, 0x000000072f000000|100%|HC|  |TAMS 0x000000072f000000| PB 0x000000072ee00000| Complete 
| 376|0x000000072f000000, 0x000000072f200000, 0x000000072f200000|100%|HC|  |TAMS 0x000000072f200000| PB 0x000000072f000000| Complete 
| 377|0x000000072f200000, 0x000000072f400000, 0x000000072f400000|100%|HC|  |TAMS 0x000000072f400000| PB 0x000000072f200000| Complete 
| 378|0x000000072f400000, 0x000000072f600000, 0x000000072f600000|100%|HS|  |TAMS 0x000000072f600000| PB 0x000000072f400000| Complete 
| 379|0x000000072f600000, 0x000000072f800000, 0x000000072f800000|100%|HC|  |TAMS 0x000000072f800000| PB 0x000000072f600000| Complete 
| 380|0x000000072f800000, 0x000000072fa00000, 0x000000072fa00000|100%|HC|  |TAMS 0x000000072fa00000| PB 0x000000072f800000| Complete 
| 381|0x000000072fa00000, 0x000000072fc00000, 0x000000072fc00000|100%|HC|  |TAMS 0x000000072fc00000| PB 0x000000072fa00000| Complete 
| 382|0x000000072fc00000, 0x000000072fe00000, 0x000000072fe00000|100%|HC|  |TAMS 0x000000072fe00000| PB 0x000000072fc00000| Complete 
| 383|0x000000072fe00000, 0x0000000730000000, 0x0000000730000000|100%|HC|  |TAMS 0x0000000730000000| PB 0x000000072fe00000| Complete 
| 384|0x0000000730000000, 0x0000000730200000, 0x0000000730200000|100%|HC|  |TAMS 0x0000000730200000| PB 0x0000000730000000| Complete 
| 385|0x0000000730200000, 0x0000000730400000, 0x0000000730400000|100%|HS|  |TAMS 0x0000000730400000| PB 0x0000000730200000| Complete 
| 386|0x0000000730400000, 0x0000000730600000, 0x0000000730600000|100%|HC|  |TAMS 0x0000000730600000| PB 0x0000000730400000| Complete 
| 387|0x0000000730600000, 0x0000000730800000, 0x0000000730800000|100%|HC|  |TAMS 0x0000000730800000| PB 0x0000000730600000| Complete 
| 388|0x0000000730800000, 0x0000000730a00000, 0x0000000730a00000|100%|HC|  |TAMS 0x0000000730a00000| PB 0x0000000730800000| Complete 
| 389|0x0000000730a00000, 0x0000000730c00000, 0x0000000730c00000|100%|HC|  |TAMS 0x0000000730c00000| PB 0x0000000730a00000| Complete 
| 390|0x0000000730c00000, 0x0000000730e00000, 0x0000000730e00000|100%|HC|  |TAMS 0x0000000730e00000| PB 0x0000000730c00000| Complete 
| 391|0x0000000730e00000, 0x0000000731000000, 0x0000000731000000|100%|HS|  |TAMS 0x0000000730e00000| PB 0x0000000730e00000| Complete 
| 392|0x0000000731000000, 0x0000000731200000, 0x0000000731200000|100%|HS|  |TAMS 0x0000000731200000| PB 0x0000000731000000| Complete 
| 393|0x0000000731200000, 0x0000000731400000, 0x0000000731400000|100%|HS|  |TAMS 0x0000000731200000| PB 0x0000000731200000| Complete 
| 394|0x0000000731400000, 0x0000000731600000, 0x0000000731600000|100%|HS|  |TAMS 0x0000000731600000| PB 0x0000000731400000| Complete 
| 395|0x0000000731600000, 0x0000000731800000, 0x0000000731800000|100%|HS|  |TAMS 0x0000000731600000| PB 0x0000000731600000| Complete 
| 396|0x0000000731800000, 0x0000000731a00000, 0x0000000731a00000|100%|HS|  |TAMS 0x0000000731a00000| PB 0x0000000731800000| Complete 
| 397|0x0000000731a00000, 0x0000000731c00000, 0x0000000731c00000|100%|HC|  |TAMS 0x0000000731c00000| PB 0x0000000731a00000| Complete 
| 398|0x0000000731c00000, 0x0000000731e00000, 0x0000000731e00000|100%|HC|  |TAMS 0x0000000731e00000| PB 0x0000000731c00000| Complete 
| 399|0x0000000731e00000, 0x0000000732000000, 0x0000000732000000|100%|HC|  |TAMS 0x0000000732000000| PB 0x0000000731e00000| Complete 
| 400|0x0000000732000000, 0x0000000732200000, 0x0000000732200000|100%|HC|  |TAMS 0x0000000732200000| PB 0x0000000732000000| Complete 
| 401|0x0000000732200000, 0x0000000732400000, 0x0000000732400000|100%|HC|  |TAMS 0x0000000732400000| PB 0x0000000732200000| Complete 
| 402|0x0000000732400000, 0x0000000732600000, 0x0000000732600000|100%|HC|  |TAMS 0x0000000732600000| PB 0x0000000732400000| Complete 
| 403|0x0000000732600000, 0x0000000732800000, 0x0000000732800000|100%|HC|  |TAMS 0x0000000732800000| PB 0x0000000732600000| Complete 
| 404|0x0000000732800000, 0x0000000732a00000, 0x0000000732a00000|100%|HC|  |TAMS 0x0000000732a00000| PB 0x0000000732800000| Complete 
| 405|0x0000000732a00000, 0x0000000732c00000, 0x0000000732c00000|100%|HC|  |TAMS 0x0000000732c00000| PB 0x0000000732a00000| Complete 
| 406|0x0000000732c00000, 0x0000000732e00000, 0x0000000732e00000|100%|HC|  |TAMS 0x0000000732e00000| PB 0x0000000732c00000| Complete 
| 407|0x0000000732e00000, 0x0000000733000000, 0x0000000733000000|100%|HC|  |TAMS 0x0000000733000000| PB 0x0000000732e00000| Complete 
| 408|0x0000000733000000, 0x0000000733200000, 0x0000000733200000|100%|HC|  |TAMS 0x0000000733200000| PB 0x0000000733000000| Complete 
| 409|0x0000000733200000, 0x0000000733400000, 0x0000000733400000|100%|HC|  |TAMS 0x0000000733400000| PB 0x0000000733200000| Complete 
| 410|0x0000000733400000, 0x0000000733600000, 0x0000000733600000|100%|HC|  |TAMS 0x0000000733600000| PB 0x0000000733400000| Complete 
| 411|0x0000000733600000, 0x0000000733600000, 0x0000000733800000|  0%| F|  |TAMS 0x0000000733600000| PB 0x0000000733600000| Untracked 
| 412|0x0000000733800000, 0x0000000733800000, 0x0000000733a00000|  0%| F|  |TAMS 0x0000000733800000| PB 0x0000000733800000| Untracked 
| 413|0x0000000733a00000, 0x0000000733a00000, 0x0000000733c00000|  0%| F|  |TAMS 0x0000000733a00000| PB 0x0000000733a00000| Untracked 
| 414|0x0000000733c00000, 0x0000000733c00000, 0x0000000733e00000|  0%| F|  |TAMS 0x0000000733c00000| PB 0x0000000733c00000| Untracked 
| 415|0x0000000733e00000, 0x0000000733e00000, 0x0000000734000000|  0%| F|  |TAMS 0x0000000733e00000| PB 0x0000000733e00000| Untracked 
| 416|0x0000000734000000, 0x0000000734000000, 0x0000000734200000|  0%| F|  |TAMS 0x0000000734000000| PB 0x0000000734000000| Untracked 
| 417|0x0000000734200000, 0x0000000734200000, 0x0000000734400000|  0%| F|  |TAMS 0x0000000734200000| PB 0x0000000734200000| Untracked 
| 418|0x0000000734400000, 0x0000000734600000, 0x0000000734600000|100%|HS|  |TAMS 0x0000000734600000| PB 0x0000000734400000| Complete 
| 419|0x0000000734600000, 0x0000000734800000, 0x0000000734800000|100%|HC|  |TAMS 0x0000000734800000| PB 0x0000000734600000| Complete 
| 420|0x0000000734800000, 0x0000000734a00000, 0x0000000734a00000|100%|HC|  |TAMS 0x0000000734a00000| PB 0x0000000734800000| Complete 
| 421|0x0000000734a00000, 0x0000000734c00000, 0x0000000734c00000|100%|HC|  |TAMS 0x0000000734c00000| PB 0x0000000734a00000| Complete 
| 422|0x0000000734c00000, 0x0000000734e00000, 0x0000000734e00000|100%|HC|  |TAMS 0x0000000734e00000| PB 0x0000000734c00000| Complete 
| 423|0x0000000734e00000, 0x0000000735000000, 0x0000000735000000|100%|HC|  |TAMS 0x0000000735000000| PB 0x0000000734e00000| Complete 
| 424|0x0000000735000000, 0x0000000735200000, 0x0000000735200000|100%|HC|  |TAMS 0x0000000735200000| PB 0x0000000735000000| Complete 
| 425|0x0000000735200000, 0x0000000735400000, 0x0000000735400000|100%|HS|  |TAMS 0x0000000735400000| PB 0x0000000735200000| Complete 
| 426|0x0000000735400000, 0x0000000735600000, 0x0000000735600000|100%|HC|  |TAMS 0x0000000735600000| PB 0x0000000735400000| Complete 
| 427|0x0000000735600000, 0x0000000735800000, 0x0000000735800000|100%|HC|  |TAMS 0x0000000735800000| PB 0x0000000735600000| Complete 
| 428|0x0000000735800000, 0x0000000735a00000, 0x0000000735a00000|100%|HC|  |TAMS 0x0000000735a00000| PB 0x0000000735800000| Complete 
| 429|0x0000000735a00000, 0x0000000735c00000, 0x0000000735c00000|100%|HC|  |TAMS 0x0000000735c00000| PB 0x0000000735a00000| Complete 
| 430|0x0000000735c00000, 0x0000000735e00000, 0x0000000735e00000|100%|HS|  |TAMS 0x0000000735e00000| PB 0x0000000735c00000| Complete 
| 431|0x0000000735e00000, 0x0000000736000000, 0x0000000736000000|100%|HS|  |TAMS 0x0000000735e00000| PB 0x0000000735e00000| Complete 
| 432|0x0000000736000000, 0x0000000736200000, 0x0000000736200000|100%|HS|  |TAMS 0x0000000736200000| PB 0x0000000736000000| Complete 
| 433|0x0000000736200000, 0x0000000736200000, 0x0000000736400000|  0%| F|  |TAMS 0x0000000736200000| PB 0x0000000736200000| Untracked 
| 434|0x0000000736400000, 0x0000000736400000, 0x0000000736600000|  0%| F|  |TAMS 0x0000000736400000| PB 0x0000000736400000| Untracked 
| 435|0x0000000736600000, 0x0000000736600000, 0x0000000736800000|  0%| F|  |TAMS 0x0000000736600000| PB 0x0000000736600000| Untracked 
| 436|0x0000000736800000, 0x0000000736800000, 0x0000000736a00000|  0%| F|  |TAMS 0x0000000736800000| PB 0x0000000736800000| Untracked 
| 437|0x0000000736a00000, 0x0000000736a00000, 0x0000000736c00000|  0%| F|  |TAMS 0x0000000736a00000| PB 0x0000000736a00000| Untracked 
| 438|0x0000000736c00000, 0x0000000736c00000, 0x0000000736e00000|  0%| F|  |TAMS 0x0000000736c00000| PB 0x0000000736c00000| Untracked 
| 439|0x0000000736e00000, 0x0000000736e00000, 0x0000000737000000|  0%| F|  |TAMS 0x0000000736e00000| PB 0x0000000736e00000| Untracked 
| 440|0x0000000737000000, 0x0000000737000000, 0x0000000737200000|  0%| F|  |TAMS 0x0000000737000000| PB 0x0000000737000000| Untracked 
| 441|0x0000000737200000, 0x0000000737200000, 0x0000000737400000|  0%| F|  |TAMS 0x0000000737200000| PB 0x0000000737200000| Untracked 
| 442|0x0000000737400000, 0x0000000737400000, 0x0000000737600000|  0%| F|  |TAMS 0x0000000737400000| PB 0x0000000737400000| Untracked 
| 443|0x0000000737600000, 0x0000000737600000, 0x0000000737800000|  0%| F|  |TAMS 0x0000000737600000| PB 0x0000000737600000| Untracked 
| 444|0x0000000737800000, 0x0000000737800000, 0x0000000737a00000|  0%| F|  |TAMS 0x0000000737800000| PB 0x0000000737800000| Untracked 
| 445|0x0000000737a00000, 0x0000000737a00000, 0x0000000737c00000|  0%| F|  |TAMS 0x0000000737a00000| PB 0x0000000737a00000| Untracked 
| 446|0x0000000737c00000, 0x0000000737c00000, 0x0000000737e00000|  0%| F|  |TAMS 0x0000000737c00000| PB 0x0000000737c00000| Untracked 
| 447|0x0000000737e00000, 0x0000000737e00000, 0x0000000738000000|  0%| F|  |TAMS 0x0000000737e00000| PB 0x0000000737e00000| Untracked 
| 448|0x0000000738000000, 0x0000000738200000, 0x0000000738200000|100%|HS|  |TAMS 0x0000000738200000| PB 0x0000000738000000| Complete 
| 449|0x0000000738200000, 0x0000000738400000, 0x0000000738400000|100%|HC|  |TAMS 0x0000000738400000| PB 0x0000000738200000| Complete 
| 450|0x0000000738400000, 0x0000000738600000, 0x0000000738600000|100%|HC|  |TAMS 0x0000000738600000| PB 0x0000000738400000| Complete 
| 451|0x0000000738600000, 0x0000000738800000, 0x0000000738800000|100%|HC|  |TAMS 0x0000000738800000| PB 0x0000000738600000| Complete 
| 452|0x0000000738800000, 0x0000000738a00000, 0x0000000738a00000|100%|HC|  |TAMS 0x0000000738a00000| PB 0x0000000738800000| Complete 
| 453|0x0000000738a00000, 0x0000000738c00000, 0x0000000738c00000|100%|HC|  |TAMS 0x0000000738c00000| PB 0x0000000738a00000| Complete 
| 454|0x0000000738c00000, 0x0000000738e00000, 0x0000000738e00000|100%|HC|  |TAMS 0x0000000738e00000| PB 0x0000000738c00000| Complete 
| 455|0x0000000738e00000, 0x0000000739000000, 0x0000000739000000|100%|HC|  |TAMS 0x0000000739000000| PB 0x0000000738e00000| Complete 
| 456|0x0000000739000000, 0x0000000739200000, 0x0000000739200000|100%|HC|  |TAMS 0x0000000739200000| PB 0x0000000739000000| Complete 
| 457|0x0000000739200000, 0x0000000739400000, 0x0000000739400000|100%|HS|  |TAMS 0x0000000739400000| PB 0x0000000739200000| Complete 
| 458|0x0000000739400000, 0x0000000739600000, 0x0000000739600000|100%|HC|  |TAMS 0x0000000739600000| PB 0x0000000739400000| Complete 
| 459|0x0000000739600000, 0x0000000739800000, 0x0000000739800000|100%|HC|  |TAMS 0x0000000739800000| PB 0x0000000739600000| Complete 
| 460|0x0000000739800000, 0x0000000739a00000, 0x0000000739a00000|100%|HC|  |TAMS 0x0000000739a00000| PB 0x0000000739800000| Complete 
| 461|0x0000000739a00000, 0x0000000739c00000, 0x0000000739c00000|100%|HC|  |TAMS 0x0000000739c00000| PB 0x0000000739a00000| Complete 
| 462|0x0000000739c00000, 0x0000000739e00000, 0x0000000739e00000|100%|HC|  |TAMS 0x0000000739e00000| PB 0x0000000739c00000| Complete 
| 463|0x0000000739e00000, 0x000000073a000000, 0x000000073a000000|100%|HS|  |TAMS 0x000000073a000000| PB 0x0000000739e00000| Complete 
| 464|0x000000073a000000, 0x000000073a200000, 0x000000073a200000|100%|HC|  |TAMS 0x000000073a200000| PB 0x000000073a000000| Complete 
| 465|0x000000073a200000, 0x000000073a400000, 0x000000073a400000|100%|HC|  |TAMS 0x000000073a400000| PB 0x000000073a200000| Complete 
| 466|0x000000073a400000, 0x000000073a600000, 0x000000073a600000|100%|HC|  |TAMS 0x000000073a600000| PB 0x000000073a400000| Complete 
| 467|0x000000073a600000, 0x000000073a800000, 0x000000073a800000|100%|HC|  |TAMS 0x000000073a800000| PB 0x000000073a600000| Complete 
| 468|0x000000073a800000, 0x000000073aa00000, 0x000000073aa00000|100%|HC|  |TAMS 0x000000073aa00000| PB 0x000000073a800000| Complete 
| 469|0x000000073aa00000, 0x000000073ac00000, 0x000000073ac00000|100%|HC|  |TAMS 0x000000073ac00000| PB 0x000000073aa00000| Complete 
| 470|0x000000073ac00000, 0x000000073ae00000, 0x000000073ae00000|100%|HC|  |TAMS 0x000000073ae00000| PB 0x000000073ac00000| Complete 
| 471|0x000000073ae00000, 0x000000073b000000, 0x000000073b000000|100%|HC|  |TAMS 0x000000073b000000| PB 0x000000073ae00000| Complete 
| 472|0x000000073b000000, 0x000000073b200000, 0x000000073b200000|100%|HC|  |TAMS 0x000000073b200000| PB 0x000000073b000000| Complete 
| 473|0x000000073b200000, 0x000000073b400000, 0x000000073b400000|100%|HC|  |TAMS 0x000000073b400000| PB 0x000000073b200000| Complete 
| 474|0x000000073b400000, 0x000000073b600000, 0x000000073b600000|100%|HC|  |TAMS 0x000000073b600000| PB 0x000000073b400000| Complete 
| 475|0x000000073b600000, 0x000000073b800000, 0x000000073b800000|100%|HC|  |TAMS 0x000000073b800000| PB 0x000000073b600000| Complete 
| 476|0x000000073b800000, 0x000000073ba00000, 0x000000073ba00000|100%|HC|  |TAMS 0x000000073ba00000| PB 0x000000073b800000| Complete 
| 477|0x000000073ba00000, 0x000000073bc00000, 0x000000073bc00000|100%|HC|  |TAMS 0x000000073bc00000| PB 0x000000073ba00000| Complete 
| 478|0x000000073bc00000, 0x000000073be00000, 0x000000073be00000|100%|HS|  |TAMS 0x000000073be00000| PB 0x000000073bc00000| Complete 
| 479|0x000000073be00000, 0x000000073c000000, 0x000000073c000000|100%|HC|  |TAMS 0x000000073c000000| PB 0x000000073be00000| Complete 
| 480|0x000000073c000000, 0x000000073c200000, 0x000000073c200000|100%|HC|  |TAMS 0x000000073c200000| PB 0x000000073c000000| Complete 
| 481|0x000000073c200000, 0x000000073c400000, 0x000000073c400000|100%|HS|  |TAMS 0x000000073c400000| PB 0x000000073c200000| Complete 
| 482|0x000000073c400000, 0x000000073c600000, 0x000000073c600000|100%|HC|  |TAMS 0x000000073c600000| PB 0x000000073c400000| Complete 
| 483|0x000000073c600000, 0x000000073c800000, 0x000000073c800000|100%|HS|  |TAMS 0x000000073c800000| PB 0x000000073c600000| Complete 
| 484|0x000000073c800000, 0x000000073ca00000, 0x000000073ca00000|100%|HC|  |TAMS 0x000000073ca00000| PB 0x000000073c800000| Complete 
| 485|0x000000073ca00000, 0x000000073cc00000, 0x000000073cc00000|100%|HC|  |TAMS 0x000000073cc00000| PB 0x000000073ca00000| Complete 
| 486|0x000000073cc00000, 0x000000073ce00000, 0x000000073ce00000|100%|HS|  |TAMS 0x000000073ce00000| PB 0x000000073cc00000| Complete 
| 487|0x000000073ce00000, 0x000000073d000000, 0x000000073d000000|100%|HC|  |TAMS 0x000000073d000000| PB 0x000000073ce00000| Complete 
| 488|0x000000073d000000, 0x000000073d200000, 0x000000073d200000|100%|HC|  |TAMS 0x000000073d200000| PB 0x000000073d000000| Complete 
| 489|0x000000073d200000, 0x000000073d400000, 0x000000073d400000|100%|HC|  |TAMS 0x000000073d400000| PB 0x000000073d200000| Complete 
| 490|0x000000073d400000, 0x000000073d600000, 0x000000073d600000|100%|HS|  |TAMS 0x000000073d600000| PB 0x000000073d400000| Complete 
| 491|0x000000073d600000, 0x000000073d800000, 0x000000073d800000|100%|HC|  |TAMS 0x000000073d800000| PB 0x000000073d600000| Complete 
| 492|0x000000073d800000, 0x000000073da00000, 0x000000073da00000|100%|HS|  |TAMS 0x000000073da00000| PB 0x000000073d800000| Complete 
| 493|0x000000073da00000, 0x000000073dc00000, 0x000000073dc00000|100%|HC|  |TAMS 0x000000073dc00000| PB 0x000000073da00000| Complete 
| 494|0x000000073dc00000, 0x000000073de00000, 0x000000073de00000|100%|HC|  |TAMS 0x000000073de00000| PB 0x000000073dc00000| Complete 
| 495|0x000000073de00000, 0x000000073de00000, 0x000000073e000000|  0%| F|  |TAMS 0x000000073de00000| PB 0x000000073de00000| Untracked 
| 496|0x000000073e000000, 0x000000073e000000, 0x000000073e200000|  0%| F|  |TAMS 0x000000073e000000| PB 0x000000073e000000| Untracked 
| 497|0x000000073e200000, 0x000000073e200000, 0x000000073e400000|  0%| F|  |TAMS 0x000000073e200000| PB 0x000000073e200000| Untracked 
| 498|0x000000073e400000, 0x000000073e400000, 0x000000073e600000|  0%| F|  |TAMS 0x000000073e400000| PB 0x000000073e400000| Untracked 
| 499|0x000000073e600000, 0x000000073e600000, 0x000000073e800000|  0%| F|  |TAMS 0x000000073e600000| PB 0x000000073e600000| Untracked 
| 500|0x000000073e800000, 0x000000073e800000, 0x000000073ea00000|  0%| F|  |TAMS 0x000000073e800000| PB 0x000000073e800000| Untracked 
| 501|0x000000073ea00000, 0x000000073ea00000, 0x000000073ec00000|  0%| F|  |TAMS 0x000000073ea00000| PB 0x000000073ea00000| Untracked 
| 502|0x000000073ec00000, 0x000000073ec00000, 0x000000073ee00000|  0%| F|  |TAMS 0x000000073ec00000| PB 0x000000073ec00000| Untracked 
| 503|0x000000073ee00000, 0x000000073ee00000, 0x000000073f000000|  0%| F|  |TAMS 0x000000073ee00000| PB 0x000000073ee00000| Untracked 
| 504|0x000000073f000000, 0x000000073f000000, 0x000000073f200000|  0%| F|  |TAMS 0x000000073f000000| PB 0x000000073f000000| Untracked 
| 505|0x000000073f200000, 0x000000073f200000, 0x000000073f400000|  0%| F|  |TAMS 0x000000073f200000| PB 0x000000073f200000| Untracked 
| 506|0x000000073f400000, 0x000000073f400000, 0x000000073f600000|  0%| F|  |TAMS 0x000000073f400000| PB 0x000000073f400000| Untracked 
| 507|0x000000073f600000, 0x000000073f600000, 0x000000073f800000|  0%| F|  |TAMS 0x000000073f600000| PB 0x000000073f600000| Untracked 
| 508|0x000000073f800000, 0x000000073fa00000, 0x000000073fa00000|100%|HS|  |TAMS 0x000000073fa00000| PB 0x000000073f800000| Complete 
| 509|0x000000073fa00000, 0x000000073fc00000, 0x000000073fc00000|100%|HS|  |TAMS 0x000000073fa00000| PB 0x000000073fa00000| Complete 
| 510|0x000000073fc00000, 0x000000073fe00000, 0x000000073fe00000|100%|HS|  |TAMS 0x000000073fe00000| PB 0x000000073fc00000| Complete 
| 511|0x000000073fe00000, 0x0000000740000000, 0x0000000740000000|100%|HS|  |TAMS 0x000000073fe00000| PB 0x000000073fe00000| Complete 
| 512|0x0000000740000000, 0x0000000740200000, 0x0000000740200000|100%|HS|  |TAMS 0x0000000740200000| PB 0x0000000740000000| Complete 
| 513|0x0000000740200000, 0x0000000740400000, 0x0000000740400000|100%|HS|  |TAMS 0x0000000740400000| PB 0x0000000740200000| Complete 
| 514|0x0000000740400000, 0x0000000740600000, 0x0000000740600000|100%|HC|  |TAMS 0x0000000740600000| PB 0x0000000740400000| Complete 
| 515|0x0000000740600000, 0x0000000740800000, 0x0000000740800000|100%|HS|  |TAMS 0x0000000740800000| PB 0x0000000740600000| Complete 
| 516|0x0000000740800000, 0x0000000740a00000, 0x0000000740a00000|100%|HS|  |TAMS 0x0000000740a00000| PB 0x0000000740800000| Complete 
| 517|0x0000000740a00000, 0x0000000740c00000, 0x0000000740c00000|100%|HC|  |TAMS 0x0000000740c00000| PB 0x0000000740a00000| Complete 
| 518|0x0000000740c00000, 0x0000000740e00000, 0x0000000740e00000|100%|HC|  |TAMS 0x0000000740e00000| PB 0x0000000740c00000| Complete 
| 519|0x0000000740e00000, 0x0000000741000000, 0x0000000741000000|100%|HC|  |TAMS 0x0000000741000000| PB 0x0000000740e00000| Complete 
| 520|0x0000000741000000, 0x0000000741200000, 0x0000000741200000|100%|HC|  |TAMS 0x0000000741200000| PB 0x0000000741000000| Complete 
| 521|0x0000000741200000, 0x0000000741400000, 0x0000000741400000|100%|HS|  |TAMS 0x0000000741400000| PB 0x0000000741200000| Complete 
| 522|0x0000000741400000, 0x0000000741600000, 0x0000000741600000|100%|HC|  |TAMS 0x0000000741600000| PB 0x0000000741400000| Complete 
| 523|0x0000000741600000, 0x0000000741800000, 0x0000000741800000|100%|HC|  |TAMS 0x0000000741800000| PB 0x0000000741600000| Complete 
| 524|0x0000000741800000, 0x0000000741a00000, 0x0000000741a00000|100%|HC|  |TAMS 0x0000000741a00000| PB 0x0000000741800000| Complete 
| 525|0x0000000741a00000, 0x0000000741c00000, 0x0000000741c00000|100%|HC|  |TAMS 0x0000000741c00000| PB 0x0000000741a00000| Complete 
| 526|0x0000000741c00000, 0x0000000741e00000, 0x0000000741e00000|100%|HC|  |TAMS 0x0000000741e00000| PB 0x0000000741c00000| Complete 
| 527|0x0000000741e00000, 0x0000000742000000, 0x0000000742000000|100%|HC|  |TAMS 0x0000000742000000| PB 0x0000000741e00000| Complete 
| 528|0x0000000742000000, 0x0000000742200000, 0x0000000742200000|100%|HC|  |TAMS 0x0000000742200000| PB 0x0000000742000000| Complete 
| 529|0x0000000742200000, 0x0000000742400000, 0x0000000742400000|100%|HC|  |TAMS 0x0000000742400000| PB 0x0000000742200000| Complete 
| 530|0x0000000742400000, 0x0000000742600000, 0x0000000742600000|100%|HC|  |TAMS 0x0000000742600000| PB 0x0000000742400000| Complete 
| 531|0x0000000742600000, 0x0000000742800000, 0x0000000742800000|100%|HC|  |TAMS 0x0000000742800000| PB 0x0000000742600000| Complete 
| 532|0x0000000742800000, 0x0000000742a00000, 0x0000000742a00000|100%|HC|  |TAMS 0x0000000742a00000| PB 0x0000000742800000| Complete 
| 533|0x0000000742a00000, 0x0000000742c00000, 0x0000000742c00000|100%|HC|  |TAMS 0x0000000742c00000| PB 0x0000000742a00000| Complete 
| 534|0x0000000742c00000, 0x0000000742e00000, 0x0000000742e00000|100%|HS|  |TAMS 0x0000000742e00000| PB 0x0000000742c00000| Complete 
| 535|0x0000000742e00000, 0x0000000743000000, 0x0000000743000000|100%|HS|  |TAMS 0x0000000743000000| PB 0x0000000742e00000| Complete 
| 536|0x0000000743000000, 0x0000000743200000, 0x0000000743200000|100%|HS|  |TAMS 0x0000000743200000| PB 0x0000000743000000| Complete 
| 537|0x0000000743200000, 0x0000000743400000, 0x0000000743400000|100%|HS|  |TAMS 0x0000000743400000| PB 0x0000000743200000| Complete 
| 538|0x0000000743400000, 0x0000000743400000, 0x0000000743600000|  0%| F|  |TAMS 0x0000000743400000| PB 0x0000000743400000| Untracked 
| 539|0x0000000743600000, 0x0000000743600000, 0x0000000743800000|  0%| F|  |TAMS 0x0000000743600000| PB 0x0000000743600000| Untracked 
| 540|0x0000000743800000, 0x0000000743800000, 0x0000000743a00000|  0%| F|  |TAMS 0x0000000743800000| PB 0x0000000743800000| Untracked 
| 541|0x0000000743a00000, 0x0000000743a00000, 0x0000000743c00000|  0%| F|  |TAMS 0x0000000743a00000| PB 0x0000000743a00000| Untracked 
| 542|0x0000000743c00000, 0x0000000743c00000, 0x0000000743e00000|  0%| F|  |TAMS 0x0000000743c00000| PB 0x0000000743c00000| Untracked 
| 543|0x0000000743e00000, 0x0000000743e00000, 0x0000000744000000|  0%| F|  |TAMS 0x0000000743e00000| PB 0x0000000743e00000| Untracked 
| 544|0x0000000744000000, 0x0000000744000000, 0x0000000744200000|  0%| F|  |TAMS 0x0000000744000000| PB 0x0000000744000000| Untracked 
| 545|0x0000000744200000, 0x0000000744400000, 0x0000000744400000|100%|HS|  |TAMS 0x0000000744400000| PB 0x0000000744200000| Complete 
| 546|0x0000000744400000, 0x0000000744600000, 0x0000000744600000|100%|HC|  |TAMS 0x0000000744600000| PB 0x0000000744400000| Complete 
| 547|0x0000000744600000, 0x0000000744800000, 0x0000000744800000|100%|HC|  |TAMS 0x0000000744800000| PB 0x0000000744600000| Complete 
| 548|0x0000000744800000, 0x0000000744a00000, 0x0000000744a00000|100%|HC|  |TAMS 0x0000000744a00000| PB 0x0000000744800000| Complete 
| 549|0x0000000744a00000, 0x0000000744c00000, 0x0000000744c00000|100%|HC|  |TAMS 0x0000000744c00000| PB 0x0000000744a00000| Complete 
| 550|0x0000000744c00000, 0x0000000744e00000, 0x0000000744e00000|100%|HC|  |TAMS 0x0000000744e00000| PB 0x0000000744c00000| Complete 
| 551|0x0000000744e00000, 0x0000000745000000, 0x0000000745000000|100%|HC|  |TAMS 0x0000000745000000| PB 0x0000000744e00000| Complete 
| 552|0x0000000745000000, 0x0000000745000000, 0x0000000745200000|  0%| F|  |TAMS 0x0000000745000000| PB 0x0000000745000000| Untracked 
| 553|0x0000000745200000, 0x0000000745200000, 0x0000000745400000|  0%| F|  |TAMS 0x0000000745200000| PB 0x0000000745200000| Untracked 
| 554|0x0000000745400000, 0x0000000745400000, 0x0000000745600000|  0%| F|  |TAMS 0x0000000745400000| PB 0x0000000745400000| Untracked 
| 555|0x0000000745600000, 0x0000000745600000, 0x0000000745800000|  0%| F|  |TAMS 0x0000000745600000| PB 0x0000000745600000| Untracked 
| 556|0x0000000745800000, 0x0000000745800000, 0x0000000745a00000|  0%| F|  |TAMS 0x0000000745800000| PB 0x0000000745800000| Untracked 
| 557|0x0000000745a00000, 0x0000000745a00000, 0x0000000745c00000|  0%| F|  |TAMS 0x0000000745a00000| PB 0x0000000745a00000| Untracked 
| 558|0x0000000745c00000, 0x0000000745c00000, 0x0000000745e00000|  0%| F|  |TAMS 0x0000000745c00000| PB 0x0000000745c00000| Untracked 
| 559|0x0000000745e00000, 0x0000000745e00000, 0x0000000746000000|  0%| F|  |TAMS 0x0000000745e00000| PB 0x0000000745e00000| Untracked 
| 560|0x0000000746000000, 0x0000000746000000, 0x0000000746200000|  0%| F|  |TAMS 0x0000000746000000| PB 0x0000000746000000| Untracked 
| 561|0x0000000746200000, 0x0000000746200000, 0x0000000746400000|  0%| F|  |TAMS 0x0000000746200000| PB 0x0000000746200000| Untracked 
| 562|0x0000000746400000, 0x0000000746400000, 0x0000000746600000|  0%| F|  |TAMS 0x0000000746400000| PB 0x0000000746400000| Untracked 
| 563|0x0000000746600000, 0x0000000746600000, 0x0000000746800000|  0%| F|  |TAMS 0x0000000746600000| PB 0x0000000746600000| Untracked 
| 564|0x0000000746800000, 0x0000000746800000, 0x0000000746a00000|  0%| F|  |TAMS 0x0000000746800000| PB 0x0000000746800000| Untracked 
| 565|0x0000000746a00000, 0x0000000746a00000, 0x0000000746c00000|  0%| F|  |TAMS 0x0000000746a00000| PB 0x0000000746a00000| Untracked 
| 566|0x0000000746c00000, 0x0000000746c00000, 0x0000000746e00000|  0%| F|  |TAMS 0x0000000746c00000| PB 0x0000000746c00000| Untracked 
| 567|0x0000000746e00000, 0x0000000746e00000, 0x0000000747000000|  0%| F|  |TAMS 0x0000000746e00000| PB 0x0000000746e00000| Untracked 
| 568|0x0000000747000000, 0x0000000747000000, 0x0000000747200000|  0%| F|  |TAMS 0x0000000747000000| PB 0x0000000747000000| Untracked 
| 569|0x0000000747200000, 0x0000000747200000, 0x0000000747400000|  0%| F|  |TAMS 0x0000000747200000| PB 0x0000000747200000| Untracked 
| 570|0x0000000747400000, 0x0000000747400000, 0x0000000747600000|  0%| F|  |TAMS 0x0000000747400000| PB 0x0000000747400000| Untracked 
| 571|0x0000000747600000, 0x0000000747600000, 0x0000000747800000|  0%| F|  |TAMS 0x0000000747600000| PB 0x0000000747600000| Untracked 
| 572|0x0000000747800000, 0x0000000747800000, 0x0000000747a00000|  0%| F|  |TAMS 0x0000000747800000| PB 0x0000000747800000| Untracked 
| 573|0x0000000747a00000, 0x0000000747c00000, 0x0000000747c00000|100%|HS|  |TAMS 0x0000000747c00000| PB 0x0000000747a00000| Complete 
| 574|0x0000000747c00000, 0x0000000747e00000, 0x0000000747e00000|100%|HC|  |TAMS 0x0000000747e00000| PB 0x0000000747c00000| Complete 
| 575|0x0000000747e00000, 0x0000000748000000, 0x0000000748000000|100%|HC|  |TAMS 0x0000000748000000| PB 0x0000000747e00000| Complete 
| 576|0x0000000748000000, 0x0000000748200000, 0x0000000748200000|100%|HC|  |TAMS 0x0000000748200000| PB 0x0000000748000000| Complete 
| 577|0x0000000748200000, 0x0000000748400000, 0x0000000748400000|100%|HC|  |TAMS 0x0000000748400000| PB 0x0000000748200000| Complete 
| 578|0x0000000748400000, 0x0000000748600000, 0x0000000748600000|100%|HC|  |TAMS 0x0000000748600000| PB 0x0000000748400000| Complete 
| 579|0x0000000748600000, 0x0000000748800000, 0x0000000748800000|100%|HS|  |TAMS 0x0000000748800000| PB 0x0000000748600000| Complete 
| 580|0x0000000748800000, 0x0000000748a00000, 0x0000000748a00000|100%|HS|  |TAMS 0x0000000748a00000| PB 0x0000000748800000| Complete 
| 581|0x0000000748a00000, 0x0000000748a00000, 0x0000000748c00000|  0%| F|  |TAMS 0x0000000748a00000| PB 0x0000000748a00000| Untracked 
| 582|0x0000000748c00000, 0x0000000748c00000, 0x0000000748e00000|  0%| F|  |TAMS 0x0000000748c00000| PB 0x0000000748c00000| Untracked 
| 583|0x0000000748e00000, 0x0000000748e00000, 0x0000000749000000|  0%| F|  |TAMS 0x0000000748e00000| PB 0x0000000748e00000| Untracked 
| 584|0x0000000749000000, 0x0000000749000000, 0x0000000749200000|  0%| F|  |TAMS 0x0000000749000000| PB 0x0000000749000000| Untracked 
| 585|0x0000000749200000, 0x0000000749200000, 0x0000000749400000|  0%| F|  |TAMS 0x0000000749200000| PB 0x0000000749200000| Untracked 
| 586|0x0000000749400000, 0x0000000749600000, 0x0000000749600000|100%|HS|  |TAMS 0x0000000749600000| PB 0x0000000749400000| Complete 
| 587|0x0000000749600000, 0x0000000749800000, 0x0000000749800000|100%|HC|  |TAMS 0x0000000749800000| PB 0x0000000749600000| Complete 
| 588|0x0000000749800000, 0x0000000749a00000, 0x0000000749a00000|100%|HC|  |TAMS 0x0000000749a00000| PB 0x0000000749800000| Complete 
| 589|0x0000000749a00000, 0x0000000749c00000, 0x0000000749c00000|100%|HC|  |TAMS 0x0000000749c00000| PB 0x0000000749a00000| Complete 
| 590|0x0000000749c00000, 0x0000000749e00000, 0x0000000749e00000|100%|HC|  |TAMS 0x0000000749e00000| PB 0x0000000749c00000| Complete 
| 591|0x0000000749e00000, 0x000000074a000000, 0x000000074a000000|100%|HS|  |TAMS 0x0000000749e00000| PB 0x0000000749e00000| Complete 
| 592|0x000000074a000000, 0x000000074a200000, 0x000000074a200000|100%|HS|  |TAMS 0x000000074a200000| PB 0x000000074a000000| Complete 
| 593|0x000000074a200000, 0x000000074a400000, 0x000000074a400000|100%|HS|  |TAMS 0x000000074a400000| PB 0x000000074a200000| Complete 
| 594|0x000000074a400000, 0x000000074a600000, 0x000000074a600000|100%|HC|  |TAMS 0x000000074a600000| PB 0x000000074a400000| Complete 
| 595|0x000000074a600000, 0x000000074a800000, 0x000000074a800000|100%|HC|  |TAMS 0x000000074a800000| PB 0x000000074a600000| Complete 
| 596|0x000000074a800000, 0x000000074aa00000, 0x000000074aa00000|100%|HC|  |TAMS 0x000000074aa00000| PB 0x000000074a800000| Complete 
| 597|0x000000074aa00000, 0x000000074ac00000, 0x000000074ac00000|100%|HC|  |TAMS 0x000000074ac00000| PB 0x000000074aa00000| Complete 
| 598|0x000000074ac00000, 0x000000074ae00000, 0x000000074ae00000|100%|HC|  |TAMS 0x000000074ae00000| PB 0x000000074ac00000| Complete 
| 599|0x000000074ae00000, 0x000000074b000000, 0x000000074b000000|100%|HC|  |TAMS 0x000000074b000000| PB 0x000000074ae00000| Complete 
| 600|0x000000074b000000, 0x000000074b200000, 0x000000074b200000|100%|HC|  |TAMS 0x000000074b200000| PB 0x000000074b000000| Complete 
| 601|0x000000074b200000, 0x000000074b400000, 0x000000074b400000|100%|HC|  |TAMS 0x000000074b400000| PB 0x000000074b200000| Complete 
| 602|0x000000074b400000, 0x000000074b600000, 0x000000074b600000|100%|HC|  |TAMS 0x000000074b600000| PB 0x000000074b400000| Complete 
| 603|0x000000074b600000, 0x000000074b800000, 0x000000074b800000|100%|HC|  |TAMS 0x000000074b800000| PB 0x000000074b600000| Complete 
| 604|0x000000074b800000, 0x000000074ba00000, 0x000000074ba00000|100%|HC|  |TAMS 0x000000074ba00000| PB 0x000000074b800000| Complete 
| 605|0x000000074ba00000, 0x000000074bc00000, 0x000000074bc00000|100%|HC|  |TAMS 0x000000074bc00000| PB 0x000000074ba00000| Complete 
| 606|0x000000074bc00000, 0x000000074be00000, 0x000000074be00000|100%|HC|  |TAMS 0x000000074be00000| PB 0x000000074bc00000| Complete 
| 607|0x000000074be00000, 0x000000074c000000, 0x000000074c000000|100%|HC|  |TAMS 0x000000074c000000| PB 0x000000074be00000| Complete 
| 608|0x000000074c000000, 0x000000074c200000, 0x000000074c200000|100%|HS|  |TAMS 0x000000074c200000| PB 0x000000074c000000| Complete 
| 609|0x000000074c200000, 0x000000074c400000, 0x000000074c400000|100%|HC|  |TAMS 0x000000074c400000| PB 0x000000074c200000| Complete 
| 610|0x000000074c400000, 0x000000074c600000, 0x000000074c600000|100%|HS|  |TAMS 0x000000074c600000| PB 0x000000074c400000| Complete 
| 611|0x000000074c600000, 0x000000074c800000, 0x000000074c800000|100%|HC|  |TAMS 0x000000074c800000| PB 0x000000074c600000| Complete 
| 612|0x000000074c800000, 0x000000074ca00000, 0x000000074ca00000|100%|HS|  |TAMS 0x000000074ca00000| PB 0x000000074c800000| Complete 
| 613|0x000000074ca00000, 0x000000074cc00000, 0x000000074cc00000|100%|HS|  |TAMS 0x000000074cc00000| PB 0x000000074ca00000| Complete 
| 614|0x000000074cc00000, 0x000000074ce00000, 0x000000074ce00000|100%|HC|  |TAMS 0x000000074ce00000| PB 0x000000074cc00000| Complete 
| 615|0x000000074ce00000, 0x000000074d000000, 0x000000074d000000|100%|HS|  |TAMS 0x000000074d000000| PB 0x000000074ce00000| Complete 
| 616|0x000000074d000000, 0x000000074d200000, 0x000000074d200000|100%|HC|  |TAMS 0x000000074d200000| PB 0x000000074d000000| Complete 
| 617|0x000000074d200000, 0x000000074d400000, 0x000000074d400000|100%|HC|  |TAMS 0x000000074d400000| PB 0x000000074d200000| Complete 
| 618|0x000000074d400000, 0x000000074d600000, 0x000000074d600000|100%|HS|  |TAMS 0x000000074d600000| PB 0x000000074d400000| Complete 
| 619|0x000000074d600000, 0x000000074d800000, 0x000000074d800000|100%|HC|  |TAMS 0x000000074d800000| PB 0x000000074d600000| Complete 
| 620|0x000000074d800000, 0x000000074da00000, 0x000000074da00000|100%|HC|  |TAMS 0x000000074da00000| PB 0x000000074d800000| Complete 
| 621|0x000000074da00000, 0x000000074dc00000, 0x000000074dc00000|100%|HC|  |TAMS 0x000000074dc00000| PB 0x000000074da00000| Complete 
| 622|0x000000074dc00000, 0x000000074de00000, 0x000000074de00000|100%|HC|  |TAMS 0x000000074de00000| PB 0x000000074dc00000| Complete 
| 623|0x000000074de00000, 0x000000074e000000, 0x000000074e000000|100%|HC|  |TAMS 0x000000074e000000| PB 0x000000074de00000| Complete 
| 624|0x000000074e000000, 0x000000074e200000, 0x000000074e200000|100%|HC|  |TAMS 0x000000074e200000| PB 0x000000074e000000| Complete 
| 625|0x000000074e200000, 0x000000074e400000, 0x000000074e400000|100%|HC|  |TAMS 0x000000074e400000| PB 0x000000074e200000| Complete 
| 626|0x000000074e400000, 0x000000074e600000, 0x000000074e600000|100%|HS|  |TAMS 0x000000074e600000| PB 0x000000074e400000| Complete 
| 627|0x000000074e600000, 0x000000074e800000, 0x000000074e800000|100%|HC|  |TAMS 0x000000074e800000| PB 0x000000074e600000| Complete 
| 628|0x000000074e800000, 0x000000074ea00000, 0x000000074ea00000|100%|HC|  |TAMS 0x000000074ea00000| PB 0x000000074e800000| Complete 
| 629|0x000000074ea00000, 0x000000074ec00000, 0x000000074ec00000|100%|HS|  |TAMS 0x000000074ec00000| PB 0x000000074ea00000| Complete 
| 630|0x000000074ec00000, 0x000000074ee00000, 0x000000074ee00000|100%|HS|  |TAMS 0x000000074ee00000| PB 0x000000074ec00000| Complete 
| 631|0x000000074ee00000, 0x000000074f000000, 0x000000074f000000|100%|HC|  |TAMS 0x000000074f000000| PB 0x000000074ee00000| Complete 
| 632|0x000000074f000000, 0x000000074f200000, 0x000000074f200000|100%|HC|  |TAMS 0x000000074f200000| PB 0x000000074f000000| Complete 
| 633|0x000000074f200000, 0x000000074f400000, 0x000000074f400000|100%|HC|  |TAMS 0x000000074f400000| PB 0x000000074f200000| Complete 
| 634|0x000000074f400000, 0x000000074f600000, 0x000000074f600000|100%|HS|  |TAMS 0x000000074f600000| PB 0x000000074f400000| Complete 
| 635|0x000000074f600000, 0x000000074f800000, 0x000000074f800000|100%|HC|  |TAMS 0x000000074f800000| PB 0x000000074f600000| Complete 
| 636|0x000000074f800000, 0x000000074fa00000, 0x000000074fa00000|100%|HC|  |TAMS 0x000000074fa00000| PB 0x000000074f800000| Complete 
| 637|0x000000074fa00000, 0x000000074fc00000, 0x000000074fc00000|100%|HC|  |TAMS 0x000000074fc00000| PB 0x000000074fa00000| Complete 
| 638|0x000000074fc00000, 0x000000074fe00000, 0x000000074fe00000|100%|HC|  |TAMS 0x000000074fe00000| PB 0x000000074fc00000| Complete 
| 639|0x000000074fe00000, 0x0000000750000000, 0x0000000750000000|100%|HC|  |TAMS 0x0000000750000000| PB 0x000000074fe00000| Complete 
| 640|0x0000000750000000, 0x0000000750200000, 0x0000000750200000|100%|HS|  |TAMS 0x0000000750200000| PB 0x0000000750000000| Complete 
| 641|0x0000000750200000, 0x0000000750400000, 0x0000000750400000|100%|HS|  |TAMS 0x0000000750400000| PB 0x0000000750200000| Complete 
| 642|0x0000000750400000, 0x0000000750600000, 0x0000000750600000|100%|HC|  |TAMS 0x0000000750600000| PB 0x0000000750400000| Complete 
| 643|0x0000000750600000, 0x0000000750800000, 0x0000000750800000|100%|HC|  |TAMS 0x0000000750800000| PB 0x0000000750600000| Complete 
| 644|0x0000000750800000, 0x0000000750a00000, 0x0000000750a00000|100%|HS|  |TAMS 0x0000000750a00000| PB 0x0000000750800000| Complete 
| 645|0x0000000750a00000, 0x0000000750c00000, 0x0000000750c00000|100%|HS|  |TAMS 0x0000000750c00000| PB 0x0000000750a00000| Complete 
| 646|0x0000000750c00000, 0x0000000750e00000, 0x0000000750e00000|100%|HS|  |TAMS 0x0000000750e00000| PB 0x0000000750c00000| Complete 
| 647|0x0000000750e00000, 0x0000000751000000, 0x0000000751000000|100%|HC|  |TAMS 0x0000000751000000| PB 0x0000000750e00000| Complete 
| 648|0x0000000751000000, 0x0000000751200000, 0x0000000751200000|100%|HS|  |TAMS 0x0000000751200000| PB 0x0000000751000000| Complete 
| 649|0x0000000751200000, 0x0000000751400000, 0x0000000751400000|100%|HS|  |TAMS 0x0000000751400000| PB 0x0000000751200000| Complete 
| 650|0x0000000751400000, 0x0000000751400000, 0x0000000751600000|  0%| F|  |TAMS 0x0000000751400000| PB 0x0000000751400000| Untracked 
| 651|0x0000000751600000, 0x0000000751600000, 0x0000000751800000|  0%| F|  |TAMS 0x0000000751600000| PB 0x0000000751600000| Untracked 
| 652|0x0000000751800000, 0x0000000751800000, 0x0000000751a00000|  0%| F|  |TAMS 0x0000000751800000| PB 0x0000000751800000| Untracked 
| 653|0x0000000751a00000, 0x0000000751a00000, 0x0000000751c00000|  0%| F|  |TAMS 0x0000000751a00000| PB 0x0000000751a00000| Untracked 
| 654|0x0000000751c00000, 0x0000000751c00000, 0x0000000751e00000|  0%| F|  |TAMS 0x0000000751c00000| PB 0x0000000751c00000| Untracked 
| 655|0x0000000751e00000, 0x0000000751e00000, 0x0000000752000000|  0%| F|  |TAMS 0x0000000751e00000| PB 0x0000000751e00000| Untracked 
| 656|0x0000000752000000, 0x0000000752000000, 0x0000000752200000|  0%| F|  |TAMS 0x0000000752000000| PB 0x0000000752000000| Untracked 
| 657|0x0000000752200000, 0x0000000752400000, 0x0000000752400000|100%|HS|  |TAMS 0x0000000752200000| PB 0x0000000752200000| Complete 
| 658|0x0000000752400000, 0x0000000752600000, 0x0000000752600000|100%|HS|  |TAMS 0x0000000752600000| PB 0x0000000752400000| Complete 
| 659|0x0000000752600000, 0x0000000752800000, 0x0000000752800000|100%|HS|  |TAMS 0x0000000752800000| PB 0x0000000752600000| Complete 
| 660|0x0000000752800000, 0x0000000752a00000, 0x0000000752a00000|100%|HC|  |TAMS 0x0000000752a00000| PB 0x0000000752800000| Complete 
| 661|0x0000000752a00000, 0x0000000752c00000, 0x0000000752c00000|100%|HC|  |TAMS 0x0000000752c00000| PB 0x0000000752a00000| Complete 
| 662|0x0000000752c00000, 0x0000000752e00000, 0x0000000752e00000|100%|HC|  |TAMS 0x0000000752e00000| PB 0x0000000752c00000| Complete 
| 663|0x0000000752e00000, 0x0000000753000000, 0x0000000753000000|100%|HC|  |TAMS 0x0000000753000000| PB 0x0000000752e00000| Complete 
| 664|0x0000000753000000, 0x0000000753200000, 0x0000000753200000|100%|HC|  |TAMS 0x0000000753200000| PB 0x0000000753000000| Complete 
| 665|0x0000000753200000, 0x0000000753400000, 0x0000000753400000|100%|HC|  |TAMS 0x0000000753400000| PB 0x0000000753200000| Complete 
| 666|0x0000000753400000, 0x0000000753400000, 0x0000000753600000|  0%| F|  |TAMS 0x0000000753400000| PB 0x0000000753400000| Untracked 
| 667|0x0000000753600000, 0x0000000753600000, 0x0000000753800000|  0%| F|  |TAMS 0x0000000753600000| PB 0x0000000753600000| Untracked 
| 668|0x0000000753800000, 0x0000000753800000, 0x0000000753a00000|  0%| F|  |TAMS 0x0000000753800000| PB 0x0000000753800000| Untracked 
| 669|0x0000000753a00000, 0x0000000753a00000, 0x0000000753c00000|  0%| F|  |TAMS 0x0000000753a00000| PB 0x0000000753a00000| Untracked 
| 670|0x0000000753c00000, 0x0000000753c00000, 0x0000000753e00000|  0%| F|  |TAMS 0x0000000753c00000| PB 0x0000000753c00000| Untracked 
| 671|0x0000000753e00000, 0x0000000753e00000, 0x0000000754000000|  0%| F|  |TAMS 0x0000000753e00000| PB 0x0000000753e00000| Untracked 
| 672|0x0000000754000000, 0x0000000754000000, 0x0000000754200000|  0%| F|  |TAMS 0x0000000754000000| PB 0x0000000754000000| Untracked 
| 673|0x0000000754200000, 0x0000000754200000, 0x0000000754400000|  0%| F|  |TAMS 0x0000000754200000| PB 0x0000000754200000| Untracked 
| 674|0x0000000754400000, 0x0000000754400000, 0x0000000754600000|  0%| F|  |TAMS 0x0000000754400000| PB 0x0000000754400000| Untracked 
| 675|0x0000000754600000, 0x0000000754600000, 0x0000000754800000|  0%| F|  |TAMS 0x0000000754600000| PB 0x0000000754600000| Untracked 
| 676|0x0000000754800000, 0x0000000754800000, 0x0000000754a00000|  0%| F|  |TAMS 0x0000000754800000| PB 0x0000000754800000| Untracked 
| 677|0x0000000754a00000, 0x0000000754a00000, 0x0000000754c00000|  0%| F|  |TAMS 0x0000000754a00000| PB 0x0000000754a00000| Untracked 
| 678|0x0000000754c00000, 0x0000000754c00000, 0x0000000754e00000|  0%| F|  |TAMS 0x0000000754c00000| PB 0x0000000754c00000| Untracked 
| 679|0x0000000754e00000, 0x0000000754e00000, 0x0000000755000000|  0%| F|  |TAMS 0x0000000754e00000| PB 0x0000000754e00000| Untracked 
| 680|0x0000000755000000, 0x0000000755000000, 0x0000000755200000|  0%| F|  |TAMS 0x0000000755000000| PB 0x0000000755000000| Untracked 
| 681|0x0000000755200000, 0x0000000755400000, 0x0000000755400000|100%|HS|  |TAMS 0x0000000755200000| PB 0x0000000755200000| Complete 
| 682|0x0000000755400000, 0x0000000755600000, 0x0000000755600000|100%|HS|  |TAMS 0x0000000755600000| PB 0x0000000755400000| Complete 
| 683|0x0000000755600000, 0x0000000755600000, 0x0000000755800000|  0%| F|  |TAMS 0x0000000755600000| PB 0x0000000755600000| Untracked 
| 684|0x0000000755800000, 0x0000000755800000, 0x0000000755a00000|  0%| F|  |TAMS 0x0000000755800000| PB 0x0000000755800000| Untracked 
| 685|0x0000000755a00000, 0x0000000755a00000, 0x0000000755c00000|  0%| F|  |TAMS 0x0000000755a00000| PB 0x0000000755a00000| Untracked 
| 686|0x0000000755c00000, 0x0000000755c00000, 0x0000000755e00000|  0%| F|  |TAMS 0x0000000755c00000| PB 0x0000000755c00000| Untracked 
| 687|0x0000000755e00000, 0x0000000755e00000, 0x0000000756000000|  0%| F|  |TAMS 0x0000000755e00000| PB 0x0000000755e00000| Untracked 
| 688|0x0000000756000000, 0x0000000756200000, 0x0000000756200000|100%|HS|  |TAMS 0x0000000756200000| PB 0x0000000756000000| Complete 
| 689|0x0000000756200000, 0x0000000756400000, 0x0000000756400000|100%|HC|  |TAMS 0x0000000756400000| PB 0x0000000756200000| Complete 
| 690|0x0000000756400000, 0x0000000756600000, 0x0000000756600000|100%|HC|  |TAMS 0x0000000756600000| PB 0x0000000756400000| Complete 
| 691|0x0000000756600000, 0x0000000756800000, 0x0000000756800000|100%|HC|  |TAMS 0x0000000756800000| PB 0x0000000756600000| Complete 
| 692|0x0000000756800000, 0x0000000756a00000, 0x0000000756a00000|100%|HC|  |TAMS 0x0000000756a00000| PB 0x0000000756800000| Complete 
| 693|0x0000000756a00000, 0x0000000756c00000, 0x0000000756c00000|100%|HS|  |TAMS 0x0000000756a00000| PB 0x0000000756a00000| Complete 
| 694|0x0000000756c00000, 0x0000000756e00000, 0x0000000756e00000|100%|HC|  |TAMS 0x0000000756c00000| PB 0x0000000756c00000| Complete 
| 695|0x0000000756e00000, 0x0000000757000000, 0x0000000757000000|100%|HS|  |TAMS 0x0000000756e00000| PB 0x0000000756e00000| Complete 
| 696|0x0000000757000000, 0x0000000757200000, 0x0000000757200000|100%|HC|  |TAMS 0x0000000757000000| PB 0x0000000757000000| Complete 
| 697|0x0000000757200000, 0x0000000757400000, 0x0000000757400000|100%|HC|  |TAMS 0x0000000757200000| PB 0x0000000757200000| Complete 
| 698|0x0000000757400000, 0x0000000757600000, 0x0000000757600000|100%|HS|  |TAMS 0x0000000757400000| PB 0x0000000757400000| Complete 
| 699|0x0000000757600000, 0x0000000757800000, 0x0000000757800000|100%|HS|  |TAMS 0x0000000757800000| PB 0x0000000757600000| Complete 
| 700|0x0000000757800000, 0x0000000757a00000, 0x0000000757a00000|100%|HC|  |TAMS 0x0000000757a00000| PB 0x0000000757800000| Complete 
| 701|0x0000000757a00000, 0x0000000757c00000, 0x0000000757c00000|100%|HC|  |TAMS 0x0000000757c00000| PB 0x0000000757a00000| Complete 
| 702|0x0000000757c00000, 0x0000000757e00000, 0x0000000757e00000|100%|HC|  |TAMS 0x0000000757e00000| PB 0x0000000757c00000| Complete 
| 703|0x0000000757e00000, 0x0000000758000000, 0x0000000758000000|100%|HC|  |TAMS 0x0000000758000000| PB 0x0000000757e00000| Complete 
| 704|0x0000000758000000, 0x0000000758200000, 0x0000000758200000|100%|HC|  |TAMS 0x0000000758200000| PB 0x0000000758000000| Complete 
| 705|0x0000000758200000, 0x0000000758400000, 0x0000000758400000|100%|HC|  |TAMS 0x0000000758400000| PB 0x0000000758200000| Complete 
| 706|0x0000000758400000, 0x0000000758600000, 0x0000000758600000|100%|HS|  |TAMS 0x0000000758600000| PB 0x0000000758400000| Complete 
| 707|0x0000000758600000, 0x0000000758800000, 0x0000000758800000|100%|HC|  |TAMS 0x0000000758800000| PB 0x0000000758600000| Complete 
| 708|0x0000000758800000, 0x0000000758a00000, 0x0000000758a00000|100%|HC|  |TAMS 0x0000000758a00000| PB 0x0000000758800000| Complete 
| 709|0x0000000758a00000, 0x0000000758c00000, 0x0000000758c00000|100%|HC|  |TAMS 0x0000000758c00000| PB 0x0000000758a00000| Complete 
| 710|0x0000000758c00000, 0x0000000758e00000, 0x0000000758e00000|100%|HC|  |TAMS 0x0000000758e00000| PB 0x0000000758c00000| Complete 
| 711|0x0000000758e00000, 0x0000000759000000, 0x0000000759000000|100%|HC|  |TAMS 0x0000000759000000| PB 0x0000000758e00000| Complete 
| 712|0x0000000759000000, 0x0000000759200000, 0x0000000759200000|100%|HS|  |TAMS 0x0000000759000000| PB 0x0000000759000000| Complete 
| 713|0x0000000759200000, 0x0000000759400000, 0x0000000759400000|100%|HC|  |TAMS 0x0000000759200000| PB 0x0000000759200000| Complete 
| 714|0x0000000759400000, 0x0000000759600000, 0x0000000759600000|100%|HC|  |TAMS 0x0000000759400000| PB 0x0000000759400000| Complete 
| 715|0x0000000759600000, 0x0000000759800000, 0x0000000759800000|100%|HC|  |TAMS 0x0000000759600000| PB 0x0000000759600000| Complete 
| 716|0x0000000759800000, 0x0000000759a00000, 0x0000000759a00000|100%|HC|  |TAMS 0x0000000759800000| PB 0x0000000759800000| Complete 
| 717|0x0000000759a00000, 0x0000000759c00000, 0x0000000759c00000|100%|HC|  |TAMS 0x0000000759a00000| PB 0x0000000759a00000| Complete 
| 718|0x0000000759c00000, 0x0000000759e00000, 0x0000000759e00000|100%|HC|  |TAMS 0x0000000759c00000| PB 0x0000000759c00000| Complete 
| 719|0x0000000759e00000, 0x000000075a000000, 0x000000075a000000|100%|HS|  |TAMS 0x0000000759e00000| PB 0x0000000759e00000| Complete 
| 720|0x000000075a000000, 0x000000075a200000, 0x000000075a200000|100%|HC|  |TAMS 0x000000075a000000| PB 0x000000075a000000| Complete 
| 721|0x000000075a200000, 0x000000075a400000, 0x000000075a400000|100%|HS|  |TAMS 0x000000075a400000| PB 0x000000075a200000| Complete 
| 722|0x000000075a400000, 0x000000075a600000, 0x000000075a600000|100%|HC|  |TAMS 0x000000075a600000| PB 0x000000075a400000| Complete 
| 723|0x000000075a600000, 0x000000075a800000, 0x000000075a800000|100%|HC|  |TAMS 0x000000075a800000| PB 0x000000075a600000| Complete 
| 724|0x000000075a800000, 0x000000075aa00000, 0x000000075aa00000|100%|HC|  |TAMS 0x000000075aa00000| PB 0x000000075a800000| Complete 
| 725|0x000000075aa00000, 0x000000075ac00000, 0x000000075ac00000|100%|HC|  |TAMS 0x000000075ac00000| PB 0x000000075aa00000| Complete 
| 726|0x000000075ac00000, 0x000000075ae00000, 0x000000075ae00000|100%|HC|  |TAMS 0x000000075ae00000| PB 0x000000075ac00000| Complete 
| 727|0x000000075ae00000, 0x000000075b000000, 0x000000075b000000|100%|HC|  |TAMS 0x000000075b000000| PB 0x000000075ae00000| Complete 
| 728|0x000000075b000000, 0x000000075b200000, 0x000000075b200000|100%|HC|  |TAMS 0x000000075b200000| PB 0x000000075b000000| Complete 
| 729|0x000000075b200000, 0x000000075b400000, 0x000000075b400000|100%|HC|  |TAMS 0x000000075b400000| PB 0x000000075b200000| Complete 
| 730|0x000000075b400000, 0x000000075b600000, 0x000000075b600000|100%|HC|  |TAMS 0x000000075b600000| PB 0x000000075b400000| Complete 
| 731|0x000000075b600000, 0x000000075b800000, 0x000000075b800000|100%|HC|  |TAMS 0x000000075b800000| PB 0x000000075b600000| Complete 
| 732|0x000000075b800000, 0x000000075ba00000, 0x000000075ba00000|100%|HC|  |TAMS 0x000000075ba00000| PB 0x000000075b800000| Complete 
| 733|0x000000075ba00000, 0x000000075bc00000, 0x000000075bc00000|100%|HC|  |TAMS 0x000000075bc00000| PB 0x000000075ba00000| Complete 
| 734|0x000000075bc00000, 0x000000075be00000, 0x000000075be00000|100%|HC|  |TAMS 0x000000075be00000| PB 0x000000075bc00000| Complete 
| 735|0x000000075be00000, 0x000000075c000000, 0x000000075c000000|100%|HC|  |TAMS 0x000000075c000000| PB 0x000000075be00000| Complete 
| 736|0x000000075c000000, 0x000000075c200000, 0x000000075c200000|100%|HS|  |TAMS 0x000000075c000000| PB 0x000000075c000000| Complete 
| 737|0x000000075c200000, 0x000000075c400000, 0x000000075c400000|100%|HC|  |TAMS 0x000000075c200000| PB 0x000000075c200000| Complete 
| 738|0x000000075c400000, 0x000000075c600000, 0x000000075c600000|100%|HC|  |TAMS 0x000000075c400000| PB 0x000000075c400000| Complete 
| 739|0x000000075c600000, 0x000000075c800000, 0x000000075c800000|100%|HS|  |TAMS 0x000000075c600000| PB 0x000000075c600000| Complete 
| 740|0x000000075c800000, 0x000000075ca00000, 0x000000075ca00000|100%|HC|  |TAMS 0x000000075c800000| PB 0x000000075c800000| Complete 
| 741|0x000000075ca00000, 0x000000075cc00000, 0x000000075cc00000|100%|HC|  |TAMS 0x000000075ca00000| PB 0x000000075ca00000| Complete 
| 742|0x000000075cc00000, 0x000000075ce00000, 0x000000075ce00000|100%|HS|  |TAMS 0x000000075cc00000| PB 0x000000075cc00000| Complete 
| 743|0x000000075ce00000, 0x000000075d000000, 0x000000075d000000|100%|HC|  |TAMS 0x000000075ce00000| PB 0x000000075ce00000| Complete 
| 744|0x000000075d000000, 0x000000075d200000, 0x000000075d200000|100%|HS|  |TAMS 0x000000075d000000| PB 0x000000075d000000| Complete 
| 745|0x000000075d200000, 0x000000075d400000, 0x000000075d400000|100%|HC|  |TAMS 0x000000075d200000| PB 0x000000075d200000| Complete 
| 746|0x000000075d400000, 0x000000075d600000, 0x000000075d600000|100%|HC|  |TAMS 0x000000075d400000| PB 0x000000075d400000| Complete 
| 747|0x000000075d600000, 0x000000075d800000, 0x000000075d800000|100%|HS|  |TAMS 0x000000075d800000| PB 0x000000075d600000| Complete 
| 748|0x000000075d800000, 0x000000075da00000, 0x000000075da00000|100%|HC|  |TAMS 0x000000075da00000| PB 0x000000075d800000| Complete 
| 749|0x000000075da00000, 0x000000075dc00000, 0x000000075dc00000|100%|HS|  |TAMS 0x000000075dc00000| PB 0x000000075da00000| Complete 
| 750|0x000000075dc00000, 0x000000075de00000, 0x000000075de00000|100%|HC|  |TAMS 0x000000075de00000| PB 0x000000075dc00000| Complete 
| 751|0x000000075de00000, 0x000000075e000000, 0x000000075e000000|100%|HC|  |TAMS 0x000000075e000000| PB 0x000000075de00000| Complete 
| 752|0x000000075e000000, 0x000000075e200000, 0x000000075e200000|100%|HC|  |TAMS 0x000000075e200000| PB 0x000000075e000000| Complete 
| 753|0x000000075e200000, 0x000000075e400000, 0x000000075e400000|100%|HC|  |TAMS 0x000000075e400000| PB 0x000000075e200000| Complete 
| 754|0x000000075e400000, 0x000000075e600000, 0x000000075e600000|100%|HC|  |TAMS 0x000000075e600000| PB 0x000000075e400000| Complete 
| 755|0x000000075e600000, 0x000000075e800000, 0x000000075e800000|100%|HS|  |TAMS 0x000000075e600000| PB 0x000000075e600000| Complete 
| 756|0x000000075e800000, 0x000000075ea00000, 0x000000075ea00000|100%|HC|  |TAMS 0x000000075e800000| PB 0x000000075e800000| Complete 
| 757|0x000000075ea00000, 0x000000075ec00000, 0x000000075ec00000|100%|HS|  |TAMS 0x000000075ea00000| PB 0x000000075ea00000| Complete 
| 758|0x000000075ec00000, 0x000000075ee00000, 0x000000075ee00000|100%|HC|  |TAMS 0x000000075ec00000| PB 0x000000075ec00000| Complete 
| 759|0x000000075ee00000, 0x000000075f000000, 0x000000075f000000|100%|HS|  |TAMS 0x000000075ee00000| PB 0x000000075ee00000| Complete 
| 760|0x000000075f000000, 0x000000075f000000, 0x000000075f200000|  0%| F|  |TAMS 0x000000075f000000| PB 0x000000075f000000| Untracked 
| 761|0x000000075f200000, 0x000000075f400000, 0x000000075f400000|100%|HS|  |TAMS 0x000000075f400000| PB 0x000000075f200000| Complete 
| 762|0x000000075f400000, 0x000000075f600000, 0x000000075f600000|100%|HC|  |TAMS 0x000000075f600000| PB 0x000000075f400000| Complete 
| 763|0x000000075f600000, 0x000000075f800000, 0x000000075f800000|100%|HC|  |TAMS 0x000000075f800000| PB 0x000000075f600000| Complete 
| 764|0x000000075f800000, 0x000000075fa00000, 0x000000075fa00000|100%|HS|  |TAMS 0x000000075fa00000| PB 0x000000075f800000| Complete 
| 765|0x000000075fa00000, 0x000000075fc00000, 0x000000075fc00000|100%|HC|  |TAMS 0x000000075fc00000| PB 0x000000075fa00000| Complete 
| 766|0x000000075fc00000, 0x000000075fe00000, 0x000000075fe00000|100%|HC|  |TAMS 0x000000075fe00000| PB 0x000000075fc00000| Complete 
| 767|0x000000075fe00000, 0x0000000760000000, 0x0000000760000000|100%|HC|  |TAMS 0x0000000760000000| PB 0x000000075fe00000| Complete 
| 768|0x0000000760000000, 0x0000000760200000, 0x0000000760200000|100%|HC|  |TAMS 0x0000000760200000| PB 0x0000000760000000| Complete 
| 769|0x0000000760200000, 0x0000000760400000, 0x0000000760400000|100%|HC|  |TAMS 0x0000000760400000| PB 0x0000000760200000| Complete 
| 770|0x0000000760400000, 0x0000000760600000, 0x0000000760600000|100%|HS|  |TAMS 0x0000000760400000| PB 0x0000000760400000| Complete 
| 771|0x0000000760600000, 0x0000000760800000, 0x0000000760800000|100%|HS|  |TAMS 0x0000000760600000| PB 0x0000000760600000| Complete 
| 772|0x0000000760800000, 0x0000000760a00000, 0x0000000760a00000|100%|HC|  |TAMS 0x0000000760800000| PB 0x0000000760800000| Complete 
| 773|0x0000000760a00000, 0x0000000760a00000, 0x0000000760c00000|  0%| F|  |TAMS 0x0000000760a00000| PB 0x0000000760a00000| Untracked 
| 774|0x0000000760c00000, 0x0000000760c00000, 0x0000000760e00000|  0%| F|  |TAMS 0x0000000760c00000| PB 0x0000000760c00000| Untracked 
| 775|0x0000000760e00000, 0x0000000761000000, 0x0000000761000000|100%|HS|  |TAMS 0x0000000760e00000| PB 0x0000000760e00000| Complete 
| 776|0x0000000761000000, 0x0000000761200000, 0x0000000761200000|100%|HC|  |TAMS 0x0000000761000000| PB 0x0000000761000000| Complete 
| 777|0x0000000761200000, 0x0000000761400000, 0x0000000761400000|100%|HC|  |TAMS 0x0000000761200000| PB 0x0000000761200000| Complete 
| 778|0x0000000761400000, 0x0000000761600000, 0x0000000761600000|100%|HC|  |TAMS 0x0000000761400000| PB 0x0000000761400000| Complete 
| 779|0x0000000761600000, 0x0000000761800000, 0x0000000761800000|100%|HC|  |TAMS 0x0000000761600000| PB 0x0000000761600000| Complete 
| 780|0x0000000761800000, 0x0000000761a00000, 0x0000000761a00000|100%|HC|  |TAMS 0x0000000761800000| PB 0x0000000761800000| Complete 
| 781|0x0000000761a00000, 0x0000000761c00000, 0x0000000761c00000|100%|HC|  |TAMS 0x0000000761a00000| PB 0x0000000761a00000| Complete 
| 782|0x0000000761c00000, 0x0000000761e00000, 0x0000000761e00000|100%|HC|  |TAMS 0x0000000761c00000| PB 0x0000000761c00000| Complete 
| 783|0x0000000761e00000, 0x0000000762000000, 0x0000000762000000|100%|HC|  |TAMS 0x0000000761e00000| PB 0x0000000761e00000| Complete 
| 784|0x0000000762000000, 0x0000000762200000, 0x0000000762200000|100%|HS|  |TAMS 0x0000000762000000| PB 0x0000000762000000| Complete 
| 785|0x0000000762200000, 0x0000000762400000, 0x0000000762400000|100%|HC|  |TAMS 0x0000000762200000| PB 0x0000000762200000| Complete 
| 786|0x0000000762400000, 0x0000000762600000, 0x0000000762600000|100%|HC|  |TAMS 0x0000000762400000| PB 0x0000000762400000| Complete 
| 787|0x0000000762600000, 0x0000000762800000, 0x0000000762800000|100%|HC|  |TAMS 0x0000000762600000| PB 0x0000000762600000| Complete 
| 788|0x0000000762800000, 0x0000000762a00000, 0x0000000762a00000|100%|HC|  |TAMS 0x0000000762800000| PB 0x0000000762800000| Complete 
| 789|0x0000000762a00000, 0x0000000762c00000, 0x0000000762c00000|100%|HC|  |TAMS 0x0000000762a00000| PB 0x0000000762a00000| Complete 
| 790|0x0000000762c00000, 0x0000000762e00000, 0x0000000762e00000|100%|HS|  |TAMS 0x0000000762c00000| PB 0x0000000762c00000| Complete 
| 791|0x0000000762e00000, 0x0000000763000000, 0x0000000763000000|100%| S|CS|TAMS 0x0000000762e00000| PB 0x0000000762e00000| Complete 
| 792|0x0000000763000000, 0x0000000763200000, 0x0000000763200000|100%| S|CS|TAMS 0x0000000763000000| PB 0x0000000763000000| Complete 
| 793|0x0000000763200000, 0x0000000763400000, 0x0000000763400000|100%| S|CS|TAMS 0x0000000763200000| PB 0x0000000763200000| Complete 
| 794|0x0000000763400000, 0x0000000763600000, 0x0000000763600000|100%| S|CS|TAMS 0x0000000763400000| PB 0x0000000763400000| Complete 
| 795|0x0000000763600000, 0x0000000763800000, 0x0000000763800000|100%| S|CS|TAMS 0x0000000763600000| PB 0x0000000763600000| Complete 
| 796|0x0000000763800000, 0x0000000763a00000, 0x0000000763a00000|100%| S|CS|TAMS 0x0000000763800000| PB 0x0000000763800000| Complete 
|1997|0x00000007f9a00000, 0x00000007f9a53fa8, 0x00000007f9c00000| 16%| O|  |TAMS 0x00000007f9a00000| PB 0x00000007f9a00000| Updating 
|1998|0x00000007f9c00000, 0x00000007f9e00000, 0x00000007f9e00000|100%| O|  |TAMS 0x00000007f9c00000| PB 0x00000007f9c00000| Untracked 
|1999|0x00000007f9e00000, 0x00000007fa000000, 0x00000007fa000000|100%| O|  |TAMS 0x00000007f9e00000| PB 0x00000007f9e00000| Untracked 
|2000|0x00000007fa000000, 0x00000007fa200000, 0x00000007fa200000|100%| O|  |TAMS 0x00000007fa08a380| PB 0x00000007fa08a380| Untracked 
|2001|0x00000007fa200000, 0x00000007fa400000, 0x00000007fa400000|100%| O|  |TAMS 0x00000007fa400000| PB 0x00000007fa400000| Untracked 
|2002|0x00000007fa400000, 0x00000007fa600000, 0x00000007fa600000|100%| O|  |TAMS 0x00000007fa600000| PB 0x00000007fa600000| Untracked 
|2003|0x00000007fa600000, 0x00000007fa800000, 0x00000007fa800000|100%| O|  |TAMS 0x00000007fa800000| PB 0x00000007fa800000| Untracked 
|2004|0x00000007fa800000, 0x00000007faa00000, 0x00000007faa00000|100%| O|  |TAMS 0x00000007faa00000| PB 0x00000007faa00000| Updating 
|2005|0x00000007faa00000, 0x00000007fac00000, 0x00000007fac00000|100%| O|  |TAMS 0x00000007fac00000| PB 0x00000007fac00000| Updating 
|2006|0x00000007fac00000, 0x00000007fae00000, 0x00000007fae00000|100%| O|  |TAMS 0x00000007fae00000| PB 0x00000007fae00000| Updating 
|2007|0x00000007fae00000, 0x00000007fb000000, 0x00000007fb000000|100%| O|  |TAMS 0x00000007fb000000| PB 0x00000007fb000000| Updating 
|2008|0x00000007fb000000, 0x00000007fb200000, 0x00000007fb200000|100%| O|  |TAMS 0x00000007fb200000| PB 0x00000007fb200000| Updating 
|2009|0x00000007fb200000, 0x00000007fb400000, 0x00000007fb400000|100%| O|  |TAMS 0x00000007fb400000| PB 0x00000007fb400000| Updating 
|2010|0x00000007fb400000, 0x00000007fb600000, 0x00000007fb600000|100%| O|  |TAMS 0x00000007fb600000| PB 0x00000007fb600000| Untracked 
|2011|0x00000007fb600000, 0x00000007fb800000, 0x00000007fb800000|100%| O|  |TAMS 0x00000007fb800000| PB 0x00000007fb800000| Untracked 
|2012|0x00000007fb800000, 0x00000007fba00000, 0x00000007fba00000|100%| O|  |TAMS 0x00000007fba00000| PB 0x00000007fba00000| Updating 
|2013|0x00000007fba00000, 0x00000007fbc00000, 0x00000007fbc00000|100%| O|  |TAMS 0x00000007fbc00000| PB 0x00000007fbc00000| Untracked 
|2014|0x00000007fbc00000, 0x00000007fbe00000, 0x00000007fbe00000|100%| O|  |TAMS 0x00000007fbe00000| PB 0x00000007fbe00000| Updating 
|2015|0x00000007fbe00000, 0x00000007fc000000, 0x00000007fc000000|100%| O|  |TAMS 0x00000007fc000000| PB 0x00000007fc000000| Untracked 
|2016|0x00000007fc000000, 0x00000007fc200000, 0x00000007fc200000|100%| O|  |TAMS 0x00000007fc200000| PB 0x00000007fc200000| Untracked 
|2017|0x00000007fc200000, 0x00000007fc400000, 0x00000007fc400000|100%| O|  |TAMS 0x00000007fc400000| PB 0x00000007fc400000| Updating 
|2018|0x00000007fc400000, 0x00000007fc600000, 0x00000007fc600000|100%| O|  |TAMS 0x00000007fc600000| PB 0x00000007fc600000| Untracked 
|2019|0x00000007fc600000, 0x00000007fc800000, 0x00000007fc800000|100%| O|  |TAMS 0x00000007fc800000| PB 0x00000007fc800000| Updating 
|2020|0x00000007fc800000, 0x00000007fc800000, 0x00000007fca00000|  0%| F|  |TAMS 0x00000007fc800000| PB 0x00000007fc800000| Untracked 
|2021|0x00000007fca00000, 0x00000007fcc00000, 0x00000007fcc00000|100%| O|  |TAMS 0x00000007fcc00000| PB 0x00000007fcc00000| Updating 
|2022|0x00000007fcc00000, 0x00000007fce00000, 0x00000007fce00000|100%| O|  |TAMS 0x00000007fce00000| PB 0x00000007fce00000| Updating 
|2023|0x00000007fce00000, 0x00000007fd000000, 0x00000007fd000000|100%| O|  |TAMS 0x00000007fd000000| PB 0x00000007fd000000| Updating 
|2024|0x00000007fd000000, 0x00000007fd200000, 0x00000007fd200000|100%| O|  |TAMS 0x00000007fd200000| PB 0x00000007fd200000| Untracked 
|2025|0x00000007fd200000, 0x00000007fd400000, 0x00000007fd400000|100%| O|  |TAMS 0x00000007fd400000| PB 0x00000007fd400000| Untracked 
|2026|0x00000007fd400000, 0x00000007fd600000, 0x00000007fd600000|100%| O|  |TAMS 0x00000007fd600000| PB 0x00000007fd600000| Updating 
|2027|0x00000007fd600000, 0x00000007fd800000, 0x00000007fd800000|100%| O|  |TAMS 0x00000007fd800000| PB 0x00000007fd800000| Untracked 
|2028|0x00000007fd800000, 0x00000007fda00000, 0x00000007fda00000|100%| O|  |TAMS 0x00000007fda00000| PB 0x00000007fda00000| Untracked 
|2029|0x00000007fda00000, 0x00000007fdc00000, 0x00000007fdc00000|100%| O|  |TAMS 0x00000007fdc00000| PB 0x00000007fdc00000| Untracked 
|2030|0x00000007fdc00000, 0x00000007fde00000, 0x00000007fde00000|100%| O|  |TAMS 0x00000007fde00000| PB 0x00000007fde00000| Untracked 
|2031|0x00000007fde00000, 0x00000007fe000000, 0x00000007fe000000|100%| O|  |TAMS 0x00000007fe000000| PB 0x00000007fe000000| Untracked 
|2032|0x00000007fe000000, 0x00000007fe200000, 0x00000007fe200000|100%| O|  |TAMS 0x00000007fe200000| PB 0x00000007fe200000| Updating 
|2033|0x00000007fe200000, 0x00000007fe400000, 0x00000007fe400000|100%| O|  |TAMS 0x00000007fe400000| PB 0x00000007fe400000| Untracked 
|2034|0x00000007fe400000, 0x00000007fe600000, 0x00000007fe600000|100%| O|  |TAMS 0x00000007fe600000| PB 0x00000007fe600000| Untracked 
|2035|0x00000007fe600000, 0x00000007fe800000, 0x00000007fe800000|100%| O|  |TAMS 0x00000007fe800000| PB 0x00000007fe800000| Updating 
|2036|0x00000007fe800000, 0x00000007fea00000, 0x00000007fea00000|100%| O|  |TAMS 0x00000007fea00000| PB 0x00000007fea00000| Untracked 
|2037|0x00000007fea00000, 0x00000007fec00000, 0x00000007fec00000|100%| O|  |TAMS 0x00000007fec00000| PB 0x00000007fec00000| Updating 
|2038|0x00000007fec00000, 0x00000007fee00000, 0x00000007fee00000|100%| O|  |TAMS 0x00000007fee00000| PB 0x00000007fee00000| Updating 
|2039|0x00000007fee00000, 0x00000007fee00000, 0x00000007ff000000|  0%| F|  |TAMS 0x00000007fee00000| PB 0x00000007fee00000| Untracked 
|2040|0x00000007ff000000, 0x00000007ff200000, 0x00000007ff200000|100%| O|  |TAMS 0x00000007ff200000| PB 0x00000007ff200000| Updating 
|2041|0x00000007ff200000, 0x00000007ff400000, 0x00000007ff400000|100%|HS|  |TAMS 0x00000007ff200000| PB 0x00000007ff200000| Complete 
|2042|0x00000007ff400000, 0x00000007ff600000, 0x00000007ff600000|100%|HC|  |TAMS 0x00000007ff400000| PB 0x00000007ff400000| Complete 
|2043|0x00000007ff600000, 0x00000007ff800000, 0x00000007ff800000|100%|HC|  |TAMS 0x00000007ff600000| PB 0x00000007ff600000| Complete 
|2044|0x00000007ff800000, 0x00000007ffa00000, 0x00000007ffa00000|100%|HC|  |TAMS 0x00000007ff800000| PB 0x00000007ff800000| Complete 
|2045|0x00000007ffa00000, 0x00000007ffc00000, 0x00000007ffc00000|100%|HC|  |TAMS 0x00000007ffa00000| PB 0x00000007ffa00000| Complete 
|2046|0x00000007ffc00000, 0x00000007ffe00000, 0x00000007ffe00000|100%|HC|  |TAMS 0x00000007ffc00000| PB 0x00000007ffc00000| Complete 
|2047|0x00000007ffe00000, 0x0000000800000000, 0x0000000800000000|100%| E|  |TAMS 0x00000007ffe00000| PB 0x00000007ffe00000| Complete 

Card table byte_map: [0x00000268fbae0000,0x00000268fc2e0000] _byte_map_base: 0x00000268f82e0000

Marking Bits: (CMBitMap*) 0x00000268fad3f3c0
 Bits: [0x0000026897750000, 0x000002689b750000)

Polling page: 0x00000268f8ab0000

Metaspace:

Usage:
  Non-class:    145.83 MB used.
      Class:     23.08 MB used.
       Both:    168.90 MB used.

Virtual space:
  Non-class space:      192.00 MB reserved,     147.25 MB ( 77%) committed,  3 nodes.
      Class space:        1.00 GB reserved,      24.56 MB (  2%) committed,  1 nodes.
             Both:        1.19 GB reserved,     171.81 MB ( 14%) committed. 

Chunk freelists:
   Non-Class:  12.69 MB
       Class:  7.47 MB
        Both:  20.16 MB

MaxMetaspaceSize: unlimited
CompressedClassSpaceSize: 1.00 GB
Initial GC threshold: 21.00 MB
Current GC threshold: 286.19 MB
CDS: on
 - commit_granule_bytes: 65536.
 - commit_granule_words: 8192.
 - virtual_space_node_default_size: 8388608.
 - enlarge_chunks_in_place: 1.
 - use_allocation_guard: 0.


Internal statistics:

num_allocs_failed_limit: 9.
num_arena_births: 5318.
num_arena_deaths: 118.
num_vsnodes_births: 4.
num_vsnodes_deaths: 0.
num_space_committed: 2750.
num_space_uncommitted: 2.
num_chunks_returned_to_freelist: 198.
num_chunks_taken_from_freelist: 13402.
num_chunk_merges: 66.
num_chunk_splits: 8777.
num_chunks_enlarged: 5672.
num_inconsistent_stats: 0.

CodeHeap 'non-profiled nmethods': size=120000Kb used=17267Kb max_used=18019Kb free=102732Kb
 bounds [0x0000026890220000, 0x00000268913c0000, 0x0000026897750000]
CodeHeap 'profiled nmethods': size=120000Kb used=36460Kb max_used=39559Kb free=83539Kb
 bounds [0x0000026888750000, 0x000002688ae00000, 0x000002688fc80000]
CodeHeap 'non-nmethods': size=5760Kb used=3426Kb max_used=3491Kb free=2333Kb
 bounds [0x000002688fc80000, 0x0000026890000000, 0x0000026890220000]
 total_blobs=20644 nmethods=19502 adapters=1045
 compilation: enabled
              stopped_count=0, restarted_count=0
 full_count=0

Compilation events (20 events):
Event: 37.984 Thread 0x00000268fef83e20 nmethod 28745 0x0000026888c15c10 code [0x0000026888c15e20, 0x0000026888c16480]
Event: 37.987 Thread 0x00000268fef83e20 28746       3       java.nio.file.Files::size (17 bytes)
Event: 37.988 Thread 0x00000268fef83e20 nmethod 28746 0x0000026888772810 code [0x0000026888772a00, 0x0000026888772f78]
Event: 37.989 Thread 0x00000268fef83e20 28747       3       java.util.concurrent.ForkJoinPool$WorkQueue::casSlotToNull (20 bytes)
Event: 37.989 Thread 0x00000268fef83e20 nmethod 28747 0x00000268887d0e90 code [0x00000268887d1020, 0x00000268887d11a0]
Event: 37.990 Thread 0x00000268fef83e20 28748   !   3       java.util.concurrent.ForkJoinTask::doExec (37 bytes)
Event: 37.990 Thread 0x00000268fef83e20 nmethod 28748 0x000002688876b090 code [0x000002688876b280, 0x000002688876b700]
Event: 37.990 Thread 0x00000268fef83e20 28749       3       com.android.zipflinger.Sources::from (10 bytes)
Event: 37.990 Thread 0x00000268fef83e20 nmethod 28749 0x00000268889d3190 code [0x00000268889d3340, 0x00000268889d34c8]
Event: 37.991 Thread 0x00000268fef83e20 28750       3       com.android.zipflinger.BytesSource::<init> (24 bytes)
Event: 37.992 Thread 0x00000268fef83e20 nmethod 28750 0x0000026888b7f910 code [0x0000026888b7fba0, 0x0000026888b80610]
Event: 37.993 Thread 0x00000268fef83e20 28751       3       com.android.zipflinger.Crc32::crc32 (23 bytes)
Event: 37.993 Thread 0x00000268fef83e20 nmethod 28751 0x0000026888826e90 code [0x0000026888827080, 0x00000268888275c8]
Event: 37.997 Thread 0x00000268fef83e20 28752   !   3       com.android.zipflinger.SynchronizedArchive::add (28 bytes)
Event: 37.997 Thread 0x00000268fef83e20 nmethod 28752 0x0000026888a49610 code [0x0000026888a497c0, 0x0000026888a49aa0]
Event: 37.997 Thread 0x00000268fef83e20 28753       3       com.android.zipflinger.StableArchive::add (10 bytes)
Event: 37.997 Thread 0x00000268fef83e20 nmethod 28753 0x0000026888883490 code [0x0000026888883660, 0x0000026888883b80]
Event: 38.003 Thread 0x00000268fef81810 nmethod 28726 0x00000268910d5610 code [0x00000268910d5d60, 0x00000268910dc2f0]
Event: 38.005 Thread 0x00000268fef83e20 28754       3       java.util.concurrent.ForkJoinTask::join (36 bytes)
Event: 38.005 Thread 0x00000268fef83e20 nmethod 28754 0x0000026888b8e110 code [0x0000026888b8e300, 0x0000026888b8e7a8]

GC Heap History (20 events):
Event: 33.745 GC heap before
{Heap before GC invocations=74 (full 0):
 garbage-first heap   total 583680K, used 549761K [0x0000000700000000, 0x0000000800000000)
  region size 2048K, 100 young (204800K), 3 survivors (6144K)
 Metaspace       used 167861K, committed 170752K, reserved 1245184K
  class space    used 22993K, committed 24448K, reserved 1048576K
}
Event: 33.749 GC heap after
{Heap after GC invocations=75 (full 0):
 garbage-first heap   total 583680K, used 346689K [0x0000000700000000, 0x0000000800000000)
  region size 2048K, 5 young (10240K), 5 survivors (10240K)
 Metaspace       used 167861K, committed 170752K, reserved 1245184K
  class space    used 22993K, committed 24448K, reserved 1048576K
}
Event: 34.121 GC heap before
{Heap before GC invocations=75 (full 0):
 garbage-first heap   total 583680K, used 541249K [0x0000000700000000, 0x0000000800000000)
  region size 2048K, 99 young (202752K), 5 survivors (10240K)
 Metaspace       used 168671K, committed 171584K, reserved 1245184K
  class space    used 23093K, committed 24576K, reserved 1048576K
}
Event: 34.127 GC heap after
{Heap after GC invocations=76 (full 0):
 garbage-first heap   total 583680K, used 356117K [0x0000000700000000, 0x0000000800000000)
  region size 2048K, 13 young (26624K), 13 survivors (26624K)
 Metaspace       used 168671K, committed 171584K, reserved 1245184K
  class space    used 23093K, committed 24576K, reserved 1048576K
}
Event: 34.333 GC heap before
{Heap before GC invocations=76 (full 0):
 garbage-first heap   total 583680K, used 497429K [0x0000000700000000, 0x0000000800000000)
  region size 2048K, 84 young (172032K), 13 survivors (26624K)
 Metaspace       used 169948K, committed 172800K, reserved 1245184K
  class space    used 23268K, committed 24704K, reserved 1048576K
}
Event: 34.344 GC heap after
{Heap after GC invocations=77 (full 0):
 garbage-first heap   total 583680K, used 376127K [0x0000000700000000, 0x0000000800000000)
  region size 2048K, 12 young (24576K), 12 survivors (24576K)
 Metaspace       used 169948K, committed 172800K, reserved 1245184K
  class space    used 23268K, committed 24704K, reserved 1048576K
}
Event: 36.306 GC heap before
{Heap before GC invocations=78 (full 0):
 garbage-first heap   total 794624K, used 791871K [0x0000000700000000, 0x0000000800000000)
  region size 2048K, 78 young (159744K), 12 survivors (24576K)
 Metaspace       used 172791K, committed 175744K, reserved 1245184K
  class space    used 23626K, committed 25152K, reserved 1048576K
}
Event: 36.314 GC heap after
{Heap after GC invocations=79 (full 0):
 garbage-first heap   total 835584K, used 656244K [0x0000000700000000, 0x0000000800000000)
  region size 2048K, 11 young (22528K), 11 survivors (22528K)
 Metaspace       used 172791K, committed 175744K, reserved 1245184K
  class space    used 23626K, committed 25152K, reserved 1048576K
}
Event: 36.396 GC heap before
{Heap before GC invocations=79 (full 0):
 garbage-first heap   total 894976K, used 891764K [0x0000000700000000, 0x0000000800000000)
  region size 2048K, 23 young (47104K), 11 survivors (22528K)
 Metaspace       used 172816K, committed 175808K, reserved 1245184K
  class space    used 23629K, committed 25152K, reserved 1048576K
}
Event: 36.405 GC heap after
{Heap after GC invocations=80 (full 0):
 garbage-first heap   total 944128K, used 871500K [0x0000000700000000, 0x0000000800000000)
  region size 2048K, 8 young (16384K), 8 survivors (16384K)
 Metaspace       used 172816K, committed 175808K, reserved 1245184K
  class space    used 23629K, committed 25152K, reserved 1048576K
}
Event: 36.423 GC heap before
{Heap before GC invocations=80 (full 0):
 garbage-first heap   total 944128K, used 871500K [0x0000000700000000, 0x0000000800000000)
  region size 2048K, 10 young (20480K), 8 survivors (16384K)
 Metaspace       used 172816K, committed 175808K, reserved 1245184K
  class space    used 23629K, committed 25152K, reserved 1048576K
}
Event: 36.425 GC heap after
{Heap after GC invocations=81 (full 0):
 garbage-first heap   total 944128K, used 872691K [0x0000000700000000, 0x0000000800000000)
  region size 2048K, 1 young (2048K), 1 survivors (2048K)
 Metaspace       used 172816K, committed 175808K, reserved 1245184K
  class space    used 23629K, committed 25152K, reserved 1048576K
}
Event: 36.821 GC heap before
{Heap before GC invocations=82 (full 0):
 garbage-first heap   total 1564672K, used 1560819K [0x0000000700000000, 0x0000000800000000)
  region size 2048K, 28 young (57344K), 1 survivors (2048K)
 Metaspace       used 172786K, committed 175808K, reserved 1245184K
  class space    used 23609K, committed 25152K, reserved 1048576K
}
Event: 36.824 GC heap after
{Heap after GC invocations=83 (full 0):
 garbage-first heap   total 1599488K, used 1479494K [0x0000000700000000, 0x0000000800000000)
  region size 2048K, 5 young (10240K), 5 survivors (10240K)
 Metaspace       used 172786K, committed 175808K, reserved 1245184K
  class space    used 23609K, committed 25152K, reserved 1048576K
}
Event: 37.236 GC heap before
{Heap before GC invocations=83 (full 0):
 garbage-first heap   total 1658880K, used 1655622K [0x0000000700000000, 0x0000000800000000)
  region size 2048K, 19 young (38912K), 5 survivors (10240K)
 Metaspace       used 172942K, committed 175936K, reserved 1245184K
  class space    used 23630K, committed 25152K, reserved 1048576K
}
Event: 37.980 GC heap after
{Heap after GC invocations=84 (full 0):
 garbage-first heap   total 1685504K, used 1581608K [0x0000000700000000, 0x0000000800000000)
  region size 2048K, 5 young (10240K), 5 survivors (10240K)
 Metaspace       used 172942K, committed 175936K, reserved 1245184K
  class space    used 23630K, committed 25152K, reserved 1048576K
}
Event: 37.980 GC heap before
{Heap before GC invocations=84 (full 0):
 garbage-first heap   total 1685504K, used 1589800K [0x0000000700000000, 0x0000000800000000)
  region size 2048K, 9 young (18432K), 5 survivors (10240K)
 Metaspace       used 172942K, committed 175936K, reserved 1245184K
  class space    used 23630K, committed 25152K, reserved 1048576K
}
Event: 37.982 GC heap after
{Heap after GC invocations=85 (full 0):
 garbage-first heap   total 1685504K, used 1588513K [0x0000000700000000, 0x0000000800000000)
  region size 2048K, 2 young (4096K), 2 survivors (4096K)
 Metaspace       used 172942K, committed 175936K, reserved 1245184K
  class space    used 23630K, committed 25152K, reserved 1048576K
}
Event: 39.010 GC heap before
{Heap before GC invocations=85 (full 0):
 garbage-first heap   total 1718272K, used 1715489K [0x0000000700000000, 0x0000000800000000)
  region size 2048K, 11 young (22528K), 2 survivors (4096K)
 Metaspace       used 172955K, committed 175936K, reserved 1245184K
  class space    used 23630K, committed 25152K, reserved 1048576K
}
Event: 41.012 GC heap after
{Heap after GC invocations=86 (full 0):
 garbage-first heap   total 1736704K, used 1694031K [0x0000000700000000, 0x0000000800000000)
  region size 2048K, 6 young (12288K), 6 survivors (12288K)
 Metaspace       used 172955K, committed 175936K, reserved 1245184K
  class space    used 23630K, committed 25152K, reserved 1048576K
}

Dll operation events (16 events):
Event: 0.006 Loaded shared library C:\Program Files\Zulu\zulu-21\bin\java.dll
Event: 0.021 Loaded shared library C:\Program Files\Zulu\zulu-21\bin\jsvml.dll
Event: 0.046 Loaded shared library C:\Program Files\Zulu\zulu-21\bin\zip.dll
Event: 0.049 Loaded shared library C:\Program Files\Zulu\zulu-21\bin\instrument.dll
Event: 0.052 Loaded shared library C:\Program Files\Zulu\zulu-21\bin\net.dll
Event: 0.054 Loaded shared library C:\Program Files\Zulu\zulu-21\bin\nio.dll
Event: 0.056 Loaded shared library C:\Program Files\Zulu\zulu-21\bin\zip.dll
Event: 0.203 Loaded shared library C:\Program Files\Zulu\zulu-21\bin\jimage.dll
Event: 0.276 Loaded shared library C:\Program Files\Zulu\zulu-21\bin\verify.dll
Event: 0.314 Loaded shared library C:\Users\Administrator\.gradle\native\1def1411415f61bf3af743bc5b6707747c0891f09f0c88961ee8f79bc544acac\windows-amd64\native-platform.dll
Event: 0.319 Loaded shared library C:\Users\Administrator\.gradle\native\0.2.7\x86_64-windows-gnu\gradle-fileevents.dll
Event: 0.848 Loaded shared library C:\Program Files\Zulu\zulu-21\bin\management.dll
Event: 0.849 Loaded shared library C:\Program Files\Zulu\zulu-21\bin\management_ext.dll
Event: 0.899 Loaded shared library C:\Program Files\Zulu\zulu-21\bin\extnet.dll
Event: 0.995 Loaded shared library C:\Program Files\Zulu\zulu-21\bin\sunmscapi.dll
Event: 18.962 Loaded shared library C:\Program Files\Zulu\zulu-21\bin\rmi.dll

Deoptimization events (20 events):
Event: 36.604 Thread 0x00000268e61da2f0 DEOPT PACKING pc=0x0000026890f72584 sp=0x000000c68defed30
Event: 36.604 Thread 0x00000268e61da2f0 DEOPT UNPACKING pc=0x000002688fcd7da2 sp=0x000000c68defec98 mode 2
Event: 36.605 Thread 0x00000268e61da2f0 Uncommon trap: trap_request=0xffffff45 fr.pc=0x0000026890f5b7d0 relative=0x00000000000003f0
Event: 36.605 Thread 0x00000268e61da2f0 Uncommon trap: reason=unstable_if action=reinterpret pc=0x0000026890f5b7d0 method=com.android.builder.packaging.PackagingUtils.lambda$getNoCompressPredicateForExtensions$0(Ljava/lang/Iterable;Ljava/lang/String;)Z @ 32 c2
Event: 36.605 Thread 0x00000268e61da2f0 DEOPT PACKING pc=0x0000026890f5b7d0 sp=0x000000c68defecd0
Event: 36.605 Thread 0x00000268e61da2f0 DEOPT UNPACKING pc=0x000002688fcd7da2 sp=0x000000c68defeca0 mode 2
Event: 36.644 Thread 0x00000268eee0dba0 DEOPT PACKING pc=0x000002688adc48e9 sp=0x000000c68d8fecf0
Event: 36.644 Thread 0x00000268eee0dba0 DEOPT UNPACKING pc=0x000002688fcd88e2 sp=0x000000c68d8fe1d8 mode 0
Event: 36.850 Thread 0x00000268e6acdb80 Uncommon trap: trap_request=0xffffff45 fr.pc=0x000002689041f61c relative=0x00000000000001dc
Event: 36.850 Thread 0x00000268e6acdb80 Uncommon trap: reason=unstable_if action=reinterpret pc=0x000002689041f61c method=java.nio.channels.spi.AbstractInterruptibleChannel.end(Z)V @ 34 c2
Event: 36.850 Thread 0x00000268e6acdb80 DEOPT PACKING pc=0x000002689041f61c sp=0x000000c68cdfd8b0
Event: 36.850 Thread 0x00000268e6acdb80 DEOPT UNPACKING pc=0x000002688fcd7da2 sp=0x000000c68cdfd810 mode 2
Event: 36.850 Thread 0x00000268e41357c0 Uncommon trap: trap_request=0xffffff45 fr.pc=0x0000026890446608 relative=0x0000000000000068
Event: 36.850 Thread 0x00000268e41357c0 Uncommon trap: reason=unstable_if action=reinterpret pc=0x0000026890446608 method=com.android.zipflinger.ZipWriter.ensureOpen()V @ 4 c2
Event: 36.850 Thread 0x00000268e41357c0 DEOPT PACKING pc=0x0000026890446608 sp=0x000000c68b7fda90
Event: 36.850 Thread 0x00000268e41357c0 DEOPT UNPACKING pc=0x000002688fcd7da2 sp=0x000000c68b7fda28 mode 2
Event: 36.960 Thread 0x00000268e41357c0 Uncommon trap: trap_request=0xffffff45 fr.pc=0x00000268903e7ffc relative=0x00000000000002bc
Event: 36.960 Thread 0x00000268e41357c0 Uncommon trap: reason=unstable_if action=reinterpret pc=0x00000268903e7ffc method=java.nio.channels.spi.AbstractInterruptibleChannel.end(Z)V @ 34 c2
Event: 36.960 Thread 0x00000268e41357c0 DEOPT PACKING pc=0x00000268903e7ffc sp=0x000000c68b7fd810
Event: 36.960 Thread 0x00000268e41357c0 DEOPT UNPACKING pc=0x000002688fcd7da2 sp=0x000000c68b7fd7e8 mode 2

Classes loaded (20 events):
Event: 36.218 Loading class java/util/stream/ReferencePipeline$15$1
Event: 36.218 Loading class java/util/stream/ReferencePipeline$15$1 done
Event: 36.234 Loading class java/security/SignatureException
Event: 36.234 Loading class java/security/SignatureException done
Event: 36.242 Loading class java/security/cert/CertificateEncodingException
Event: 36.242 Loading class java/security/cert/CertificateEncodingException done
Event: 36.256 Loading class java/util/concurrent/ForkJoinTask$AdaptedCallable
Event: 36.256 Loading class java/util/concurrent/ForkJoinTask$AdaptedCallable done
Event: 36.853 Loading class java/nio/BufferOverflowException
Event: 36.853 Loading class java/nio/BufferOverflowException done
Event: 36.859 Loading class java/security/spec/InvalidKeySpecException
Event: 36.859 Loading class java/security/spec/InvalidKeySpecException done
Event: 36.859 Loading class java/security/DigestException
Event: 36.859 Loading class java/security/DigestException done
Event: 36.860 Loading class java/security/InvalidAlgorithmParameterException
Event: 36.860 Loading class java/security/InvalidAlgorithmParameterException done
Event: 36.866 Loading class java/security/spec/MGF1ParameterSpec
Event: 36.867 Loading class java/security/spec/MGF1ParameterSpec done
Event: 36.871 Loading class java/util/concurrent/ForkJoinTask$AdaptedRunnableAction
Event: 36.871 Loading class java/util/concurrent/ForkJoinTask$AdaptedRunnableAction done

Classes unloaded (20 events):
Event: 36.582 Thread 0x00000268fef580b0 Unloading class 0x000002689e845000 'java/lang/invoke/LambdaForm$DMH+0x000002689e845000'
Event: 36.582 Thread 0x00000268fef580b0 Unloading class 0x000002689e844c00 'java/lang/invoke/LambdaForm$DMH+0x000002689e844c00'
Event: 36.582 Thread 0x00000268fef580b0 Unloading class 0x000002689e844400 'java/lang/invoke/LambdaForm$DMH+0x000002689e844400'
Event: 36.582 Thread 0x00000268fef580b0 Unloading class 0x000002689e844000 'java/lang/invoke/LambdaForm$DMH+0x000002689e844000'
Event: 36.582 Thread 0x00000268fef580b0 Unloading class 0x000002689e81c400 'java/lang/invoke/LambdaForm$DMH+0x000002689e81c400'
Event: 36.582 Thread 0x00000268fef580b0 Unloading class 0x000002689e81c800 'java/lang/invoke/LambdaForm$DMH+0x000002689e81c800'
Event: 36.582 Thread 0x00000268fef580b0 Unloading class 0x000002689e764400 'java/lang/invoke/LambdaForm$DMH+0x000002689e764400'
Event: 36.582 Thread 0x00000268fef580b0 Unloading class 0x000002689e758c00 'java/lang/invoke/LambdaForm$DMH+0x000002689e758c00'
Event: 36.582 Thread 0x00000268fef580b0 Unloading class 0x000002689e758400 'java/lang/invoke/LambdaForm$DMH+0x000002689e758400'
Event: 36.582 Thread 0x00000268fef580b0 Unloading class 0x000002689e6fc800 'java/lang/invoke/LambdaForm$DMH+0x000002689e6fc800'
Event: 36.582 Thread 0x00000268fef580b0 Unloading class 0x000002689e6fc400 'java/lang/invoke/LambdaForm$DMH+0x000002689e6fc400'
Event: 36.582 Thread 0x00000268fef580b0 Unloading class 0x000002689e684400 'java/lang/invoke/LambdaForm$DMH+0x000002689e684400'
Event: 36.582 Thread 0x00000268fef580b0 Unloading class 0x000002689e684000 'java/lang/invoke/LambdaForm$DMH+0x000002689e684000'
Event: 36.582 Thread 0x00000268fef580b0 Unloading class 0x000002689e655400 'java/lang/invoke/LambdaForm$DMH+0x000002689e655400'
Event: 36.582 Thread 0x00000268fef580b0 Unloading class 0x000002689e655000 'java/lang/invoke/LambdaForm$DMH+0x000002689e655000'
Event: 36.582 Thread 0x00000268fef580b0 Unloading class 0x000002689e654800 'java/lang/invoke/LambdaForm$DMH+0x000002689e654800'
Event: 36.582 Thread 0x00000268fef580b0 Unloading class 0x000002689e654400 'java/lang/invoke/LambdaForm$DMH+0x000002689e654400'
Event: 36.582 Thread 0x00000268fef580b0 Unloading class 0x000002689e5f4400 'java/lang/invoke/LambdaForm$DMH+0x000002689e5f4400'
Event: 36.582 Thread 0x00000268fef580b0 Unloading class 0x000002689e5a4800 'java/lang/invoke/LambdaForm$DMH+0x000002689e5a4800'
Event: 36.582 Thread 0x00000268fef580b0 Unloading class 0x000002689e5a4400 'java/lang/invoke/LambdaForm$DMH+0x000002689e5a4400'

Classes redefined (0 events):
No events

Internal exceptions (20 events):
Event: 36.174 Thread 0x00000268e41357c0 Exception <a 'java/lang/NoSuchMethodError'{0x0000000723aab6d8}: 'java.lang.Object java.lang.invoke.Invokers$Holder.linkToTargetMethod(java.lang.Object, java.lang.Object, java.lang.Object, java.lang.Object, java.lang.Object, java.lang.Object, int, java.lang.Object)'> (0x0000000723aab6d8) 
thrown [s\src\hotspot\share\interpreter\linkResolver.cpp, line 773]
Event: 36.174 Thread 0x00000268e6acb420 Exception <a 'java/lang/NoSuchMethodError'{0x0000000723aa32a0}: 'java.lang.Object java.lang.invoke.Invokers$Holder.linkToTargetMethod(java.lang.Object, java.lang.Object, java.lang.Object, java.lang.Object, java.lang.Object, java.lang.Object, int, java.lang.Object)'> (0x0000000723aa32a0) 
thrown [s\src\hotspot\share\interpreter\linkResolver.cpp, line 773]
Event: 36.174 Thread 0x00000268e6acdb80 Exception <a 'java/lang/NoSuchMethodError'{0x0000000723a5ac98}: 'java.lang.Object java.lang.invoke.Invokers$Holder.linkToTargetMethod(java.lang.Object, java.lang.Object, java.lang.Object, java.lang.Object, java.lang.Object, java.lang.Object, int, java.lang.Object)'> (0x0000000723a5ac98) 
thrown [s\src\hotspot\share\interpreter\linkResolver.cpp, line 773]
Event: 36.174 Thread 0x00000268ee2321e0 Exception <a 'java/lang/NoSuchMethodError'{0x0000000723a82158}: 'java.lang.Object java.lang.invoke.Invokers$Holder.linkToTargetMethod(java.lang.Object, java.lang.Object, java.lang.Object, java.lang.Object, java.lang.Object, java.lang.Object, int, java.lang.Object)'> (0x0000000723a82158) 
thrown [s\src\hotspot\share\interpreter\linkResolver.cpp, line 773]
Event: 36.237 Thread 0x00000268e41357c0 Exception <a 'sun/nio/fs/WindowsException'{0x00000007215efbc0}> (0x00000007215efbc0) 
thrown [s\src\hotspot\share\prims\jni.cpp, line 520]
Event: 36.238 Thread 0x00000268e6acb420 Exception <a 'sun/nio/fs/WindowsException'{0x00000007215eb798}> (0x00000007215eb798) 
thrown [s\src\hotspot\share\prims\jni.cpp, line 520]
Event: 36.238 Thread 0x00000268ee2342b0 Exception <a 'sun/nio/fs/WindowsException'{0x0000000721568850}> (0x0000000721568850) 
thrown [s\src\hotspot\share\prims\jni.cpp, line 520]
Event: 36.238 Thread 0x00000268e6acdb80 Exception <a 'sun/nio/fs/WindowsException'{0x00000007214b76c0}> (0x00000007214b76c0) 
thrown [s\src\hotspot\share\prims\jni.cpp, line 520]
Event: 36.238 Thread 0x00000268ee2321e0 Exception <a 'sun/nio/fs/WindowsException'{0x000000072154d090}> (0x000000072154d090) 
thrown [s\src\hotspot\share\prims\jni.cpp, line 520]
Event: 36.257 Thread 0x00000268e62c8760 Implicit null exception at 0x0000026890a64f58 to 0x0000026890a6c4f8
Event: 36.259 Thread 0x00000268e4723d80 Implicit null exception at 0x00000268911cea14 to 0x00000268911cfde0
Event: 36.259 Thread 0x00000268efae8a50 Implicit null exception at 0x00000268911cea14 to 0x00000268911cfde0
Event: 36.259 Thread 0x00000268efa2abb0 Implicit null exception at 0x00000268911cea14 to 0x00000268911cfde0
Event: 36.259 Thread 0x00000268f173e5c0 Implicit null exception at 0x00000268911cea14 to 0x00000268911cfde0
Event: 36.259 Thread 0x00000268efae76a0 Implicit null exception at 0x0000026890824a6c to 0x0000026890824c74
Event: 36.259 Thread 0x00000268eee0dba0 Implicit null exception at 0x0000026890824a6c to 0x0000026890824c74
Event: 36.259 Thread 0x00000268e44bfdb0 Implicit null exception at 0x0000026890824a6c to 0x0000026890824c74
Event: 36.259 Thread 0x00000268e61da2f0 Implicit null exception at 0x0000026890824a6c to 0x0000026890824c74
Event: 36.259 Thread 0x00000268e4723060 Implicit null exception at 0x0000026890824a6c to 0x0000026890824c74
Event: 36.259 Thread 0x00000268efae83c0 Implicit null exception at 0x0000026890824a6c to 0x0000026890824c74

ZGC Phase Switch (0 events):
No events

VM Operations (20 events):
Event: 36.423 Executing VM operation: G1TryInitiateConcMark (G1 Humongous Allocation) done
Event: 36.423 Executing VM operation: G1CollectForAllocation (GCLocker Initiated GC)
Event: 36.425 Executing VM operation: G1CollectForAllocation (GCLocker Initiated GC) done
Event: 36.581 Executing VM operation: G1PauseRemark
Event: 36.595 Executing VM operation: G1PauseRemark done
Event: 36.672 Executing VM operation: G1PauseCleanup
Event: 36.673 Executing VM operation: G1PauseCleanup done
Event: 36.820 Executing VM operation: G1CollectForAllocation (G1 Evacuation Pause)
Event: 36.821 Executing VM operation: G1CollectForAllocation (G1 Evacuation Pause) done
Event: 36.821 Executing VM operation: G1CollectForAllocation (GCLocker Initiated GC)
Event: 36.824 Executing VM operation: G1CollectForAllocation (GCLocker Initiated GC) done
Event: 37.233 Executing VM operation: G1CollectForAllocation (G1 Evacuation Pause)
Event: 37.980 Executing VM operation: G1CollectForAllocation (G1 Evacuation Pause) done
Event: 37.980 Executing VM operation: G1TryInitiateConcMark (G1 Humongous Allocation)
Event: 37.980 Executing VM operation: G1TryInitiateConcMark (G1 Humongous Allocation) done
Event: 37.980 Executing VM operation: G1CollectForAllocation (GCLocker Initiated GC)
Event: 37.982 Executing VM operation: G1CollectForAllocation (GCLocker Initiated GC) done
Event: 39.010 Executing VM operation: G1CollectForAllocation (G1 Evacuation Pause)
Event: 41.012 Executing VM operation: G1CollectForAllocation (G1 Evacuation Pause) done
Event: 41.012 Executing VM operation: G1PauseRemark

Memory protections (0 events):
No events

Nmethod flushes (20 events):
Event: 41.017 Thread 0x00000268fef580b0 flushing  nmethod 0x000002688938e190
Event: 41.017 Thread 0x00000268fef580b0 flushing  nmethod 0x0000026889390510
Event: 41.017 Thread 0x00000268fef580b0 flushing  nmethod 0x000002688946da90
Event: 41.017 Thread 0x00000268fef580b0 flushing  nmethod 0x0000026889640a10
Event: 41.017 Thread 0x00000268fef580b0 flushing  nmethod 0x000002688985e210
Event: 41.017 Thread 0x00000268fef580b0 flushing  nmethod 0x000002688ac81f10
Event: 41.017 Thread 0x00000268fef580b0 flushing  nmethod 0x000002688acd3810
Event: 41.017 Thread 0x00000268fef580b0 flushing  nmethod 0x000002688ad2c710
Event: 41.017 Thread 0x00000268fef580b0 flushing  nmethod 0x000002688ad2cd10
Event: 41.017 Thread 0x00000268fef580b0 flushing  nmethod 0x000002688ad2d310
Event: 41.017 Thread 0x00000268fef580b0 flushing  nmethod 0x000002688ad2d890
Event: 41.017 Thread 0x00000268fef580b0 flushing  nmethod 0x000002688ad2eb10
Event: 41.017 Thread 0x00000268fef580b0 flushing  nmethod 0x000002688ad30d90
Event: 41.017 Thread 0x00000268fef580b0 flushing  nmethod 0x000002688ad31190
Event: 41.017 Thread 0x00000268fef580b0 flushing  nmethod 0x000002688ad31c10
Event: 41.017 Thread 0x00000268fef580b0 flushing  nmethod 0x000002688ad32010
Event: 41.017 Thread 0x00000268fef580b0 flushing  nmethod 0x000002688ad63290
Event: 41.017 Thread 0x00000268fef580b0 flushing  nmethod 0x000002688ad64290
Event: 41.017 Thread 0x00000268fef580b0 flushing  nmethod 0x000002688ad64f90
Event: 41.017 Thread 0x00000268fef580b0 flushing  nmethod 0x000002688ad65490

Events (20 events):
Event: 34.900 Thread 0x00000268e1e3c230 Thread exited: 0x00000268e1e3c230
Event: 35.896 Thread 0x00000268fef83e20 Thread added: 0x00000268e1e3b490
Event: 35.898 Thread 0x00000268e1e3b490 Thread added: 0x00000268e1e3a6f0
Event: 36.257 Thread 0x00000268e41357c0 Thread added: 0x00000268e62c8760
Event: 36.257 Thread 0x00000268e6acdb80 Thread added: 0x00000268efae8a50
Event: 36.257 Thread 0x00000268ee2342b0 Thread added: 0x00000268eee0dba0
Event: 36.257 Thread 0x00000268e6acb420 Thread added: 0x00000268e4723d80
Event: 36.257 Thread 0x00000268e62c8760 Thread added: 0x00000268f173e5c0
Event: 36.257 Thread 0x00000268efae8a50 Thread added: 0x00000268efa2abb0
Event: 36.257 Thread 0x00000268e4723d80 Thread added: 0x00000268e44bfdb0
Event: 36.257 Thread 0x00000268f173e5c0 Thread added: 0x00000268efae76a0
Event: 36.257 Thread 0x00000268ee2321e0 Thread added: 0x00000268e61da2f0
Event: 36.257 Thread 0x00000268eee0dba0 Thread added: 0x00000268e4723060
Event: 36.257 Thread 0x00000268e6acb420 Thread added: 0x00000268efae83c0
Event: 36.508 Thread 0x00000268e1e3a6f0 Thread exited: 0x00000268e1e3a6f0
Event: 36.610 Thread 0x00000268e1e3b490 Thread exited: 0x00000268e1e3b490
Event: 36.828 Thread 0x00000268fef81810 Thread added: 0x00000268e1e3b490
Event: 36.941 Thread 0x00000268e1e3b490 Thread added: 0x00000268e1e39280
Event: 37.984 Thread 0x00000268e1e39280 Thread exited: 0x00000268e1e39280
Event: 37.987 Thread 0x00000268e1e3b490 Thread exited: 0x00000268e1e3b490


Dynamic libraries:
0x00007ff612a80000 - 0x00007ff612a8e000 	C:\Program Files\Zulu\zulu-21\bin\java.exe
0x00007ff9a0ce0000 - 0x00007ff9a0f46000 	C:\WINDOWS\SYSTEM32\ntdll.dll
0x00007ff9a0330000 - 0x00007ff9a03f7000 	C:\WINDOWS\System32\KERNEL32.DLL
0x00007ff99e0a0000 - 0x00007ff99e46b000 	C:\WINDOWS\System32\KERNELBASE.dll
0x00007ff99e470000 - 0x00007ff99e5bb000 	C:\WINDOWS\System32\ucrtbase.dll
0x00007ff999390000 - 0x00007ff9993ae000 	C:\Program Files\Zulu\zulu-21\bin\VCRUNTIME140.dll
0x00007ff998e60000 - 0x00007ff998e79000 	C:\Program Files\Zulu\zulu-21\bin\jli.dll
0x00007ff9a0ad0000 - 0x00007ff9a0c9c000 	C:\WINDOWS\System32\USER32.dll
0x00007ff99e5c0000 - 0x00007ff99e5e7000 	C:\WINDOWS\System32\win32u.dll
0x00007ff9877f0000 - 0x00007ff987a87000 	C:\WINDOWS\WinSxS\amd64_microsoft.windows.common-controls_6595b64144ccf1df_6.0.26100.5516_none_3e073f78e335730c\COMCTL32.dll
0x00007ff99ee60000 - 0x00007ff99ee8b000 	C:\WINDOWS\System32\GDI32.dll
0x00007ff99f010000 - 0x00007ff99f0b9000 	C:\WINDOWS\System32\msvcrt.dll
0x00007ff99e980000 - 0x00007ff99eab1000 	C:\WINDOWS\System32\gdi32full.dll
0x00007ff99e6b0000 - 0x00007ff99e753000 	C:\WINDOWS\System32\msvcp_win.dll
0x00007ff9a0270000 - 0x00007ff9a029f000 	C:\WINDOWS\System32\IMM32.DLL
0x00007ff999380000 - 0x00007ff99938c000 	C:\Program Files\Zulu\zulu-21\bin\vcruntime140_1.dll
0x00007ff98ef50000 - 0x00007ff98efdd000 	C:\Program Files\Zulu\zulu-21\bin\msvcp140.dll
0x00007ff8ecfa0000 - 0x00007ff8edd7d000 	C:\Program Files\Zulu\zulu-21\bin\server\jvm.dll
0x00007ff99ef40000 - 0x00007ff99eff2000 	C:\WINDOWS\System32\ADVAPI32.dll
0x00007ff99ee90000 - 0x00007ff99ef36000 	C:\WINDOWS\System32\sechost.dll
0x00007ff99f0e0000 - 0x00007ff99f1f5000 	C:\WINDOWS\System32\RPCRT4.dll
0x00007ff9a02b0000 - 0x00007ff9a0324000 	C:\WINDOWS\System32\WS2_32.dll
0x00007ff99db70000 - 0x00007ff99dbce000 	C:\WINDOWS\SYSTEM32\POWRPROF.dll
0x00007ff993070000 - 0x00007ff99307b000 	C:\WINDOWS\SYSTEM32\VERSION.dll
0x00007ff9938e0000 - 0x00007ff993916000 	C:\WINDOWS\SYSTEM32\WINMM.dll
0x00007ff99db50000 - 0x00007ff99db64000 	C:\WINDOWS\SYSTEM32\UMPDC.dll
0x00007ff99cc90000 - 0x00007ff99ccaa000 	C:\WINDOWS\SYSTEM32\kernel.appcore.dll
0x00007ff998ed0000 - 0x00007ff998eda000 	C:\Program Files\Zulu\zulu-21\bin\jimage.dll
0x00007ff990e50000 - 0x00007ff991091000 	C:\WINDOWS\SYSTEM32\DBGHELP.DLL
0x00007ff9a05e0000 - 0x00007ff9a0963000 	C:\WINDOWS\System32\combase.dll
0x00007ff99ec00000 - 0x00007ff99ecd6000 	C:\WINDOWS\System32\OLEAUT32.dll
0x00007ff984c50000 - 0x00007ff984c89000 	C:\WINDOWS\SYSTEM32\dbgcore.DLL
0x00007ff99e760000 - 0x00007ff99e7f9000 	C:\WINDOWS\System32\bcryptPrimitives.dll
0x00007ff98f350000 - 0x00007ff98f360000 	C:\Program Files\Zulu\zulu-21\bin\instrument.dll
0x00007ff998530000 - 0x00007ff998552000 	C:\Program Files\Zulu\zulu-21\bin\java.dll
0x00007ff99f200000 - 0x00007ff99f92a000 	C:\WINDOWS\System32\SHELL32.dll
0x00007ff99de90000 - 0x00007ff99e004000 	C:\WINDOWS\System32\wintypes.dll
0x00007ff99bb50000 - 0x00007ff99c3a2000 	C:\WINDOWS\SYSTEM32\windows.storage.dll
0x00007ff99ead0000 - 0x00007ff99ebbe000 	C:\WINDOWS\System32\SHCORE.dll
0x00007ff9a0140000 - 0x00007ff9a01a6000 	C:\WINDOWS\System32\shlwapi.dll
0x00007ff99dda0000 - 0x00007ff99ddcf000 	C:\WINDOWS\SYSTEM32\profapi.dll
0x00007ff98ee70000 - 0x00007ff98ef47000 	C:\Program Files\Zulu\zulu-21\bin\jsvml.dll
0x00007ff98f360000 - 0x00007ff98f378000 	C:\Program Files\Zulu\zulu-21\bin\zip.dll
0x00007ff990090000 - 0x00007ff9900a2000 	C:\Program Files\Zulu\zulu-21\bin\net.dll
0x00007ff996c50000 - 0x00007ff996d6e000 	C:\WINDOWS\SYSTEM32\WINHTTP.dll
0x00007ff99d190000 - 0x00007ff99d1fa000 	C:\WINDOWS\system32\mswsock.dll
0x00007ff990070000 - 0x00007ff990086000 	C:\Program Files\Zulu\zulu-21\bin\nio.dll
0x00007ff998ea0000 - 0x00007ff998eb0000 	C:\Program Files\Zulu\zulu-21\bin\verify.dll
0x00007ff973fa0000 - 0x00007ff973fc7000 	C:\Users\Administrator\.gradle\native\1def1411415f61bf3af743bc5b6707747c0891f09f0c88961ee8f79bc544acac\windows-amd64\native-platform.dll
0x00007ff986250000 - 0x00007ff9862c8000 	C:\Users\Administrator\.gradle\native\0.2.7\x86_64-windows-gnu\gradle-fileevents.dll
0x00007ff997410000 - 0x00007ff99741a000 	C:\Program Files\Zulu\zulu-21\bin\management.dll
0x00007ff992f90000 - 0x00007ff992f9c000 	C:\Program Files\Zulu\zulu-21\bin\management_ext.dll
0x00007ff9a0400000 - 0x00007ff9a0408000 	C:\WINDOWS\System32\PSAPI.DLL
0x00007ff99c6a0000 - 0x00007ff99c6d3000 	C:\WINDOWS\SYSTEM32\IPHLPAPI.DLL
0x00007ff9a0260000 - 0x00007ff9a026a000 	C:\WINDOWS\System32\NSI.dll
0x00007ff98fbe0000 - 0x00007ff98fbe9000 	C:\Program Files\Zulu\zulu-21\bin\extnet.dll
0x00007ff99d540000 - 0x00007ff99d55a000 	C:\WINDOWS\SYSTEM32\CRYPTSP.dll
0x00007ff99cbf0000 - 0x00007ff99cc2a000 	C:\WINDOWS\system32\rsaenh.dll
0x00007ff99d230000 - 0x00007ff99d25b000 	C:\WINDOWS\SYSTEM32\USERENV.dll
0x00007ff99d6d0000 - 0x00007ff99d6f6000 	C:\WINDOWS\SYSTEM32\bcrypt.dll
0x00007ff99d3c0000 - 0x00007ff99d3cc000 	C:\WINDOWS\SYSTEM32\CRYPTBASE.dll
0x00007ff98f340000 - 0x00007ff98f34e000 	C:\Program Files\Zulu\zulu-21\bin\sunmscapi.dll
0x00007ff99e800000 - 0x00007ff99e977000 	C:\WINDOWS\System32\CRYPT32.dll
0x00007ff99d690000 - 0x00007ff99d6c0000 	C:\WINDOWS\SYSTEM32\ncrypt.dll
0x00007ff99d640000 - 0x00007ff99d67f000 	C:\WINDOWS\SYSTEM32\NTASN1.dll
0x00007ff97aa20000 - 0x00007ff97aa28000 	C:\WINDOWS\system32\wshunix.dll
0x00007ff97d7a0000 - 0x00007ff97d7b8000 	C:\WINDOWS\system32\napinsp.dll
0x00007ff99c6e0000 - 0x00007ff99c805000 	C:\WINDOWS\SYSTEM32\DNSAPI.dll
0x00007ff97d780000 - 0x00007ff97d792000 	C:\WINDOWS\System32\winrnr.dll
0x00007ff97d740000 - 0x00007ff97d770000 	C:\WINDOWS\system32\nlansp_c.dll
0x00007ff993b10000 - 0x00007ff993b26000 	C:\WINDOWS\system32\wshbth.dll
0x00007ff993a40000 - 0x00007ff993a4b000 	C:\Windows\System32\rasadhlp.dll
0x00007ff993180000 - 0x00007ff993206000 	C:\WINDOWS\System32\fwpuclnt.dll
0x00007ff98ee00000 - 0x00007ff98ee07000 	C:\Program Files\Zulu\zulu-21\bin\rmi.dll

dbghelp: loaded successfully - version: 4.0.5 - missing functions: none
symbol engine: initialized successfully - sym options: 0x614 - pdb path: .;C:\Program Files\Zulu\zulu-21\bin;C:\WINDOWS\SYSTEM32;C:\WINDOWS\WinSxS\amd64_microsoft.windows.common-controls_6595b64144ccf1df_6.0.26100.5516_none_3e073f78e335730c;C:\Program Files\Zulu\zulu-21\bin\server;C:\Users\Administrator\.gradle\native\1def1411415f61bf3af743bc5b6707747c0891f09f0c88961ee8f79bc544acac\windows-amd64;C:\Users\Administrator\.gradle\native\0.2.7\x86_64-windows-gnu

VM Arguments:
jvm_args: --add-opens=java.base/java.lang=ALL-UNNAMED --add-opens=java.base/java.lang.invoke=ALL-UNNAMED --add-opens=java.base/java.util=ALL-UNNAMED --add-opens=java.prefs/java.util.prefs=ALL-UNNAMED --add-exports=jdk.compiler/com.sun.tools.javac.api=ALL-UNNAMED --add-exports=jdk.compiler/com.sun.tools.javac.util=ALL-UNNAMED --add-opens=java.base/java.util=ALL-UNNAMED --add-opens=java.prefs/java.util.prefs=ALL-UNNAMED --add-opens=java.base/java.nio.charset=ALL-UNNAMED --add-opens=java.base/java.net=ALL-UNNAMED --add-opens=java.base/java.util.concurrent.atomic=ALL-UNNAMED --add-opens=java.xml/javax.xml.namespace=ALL-UNNAMED -Xmx4g -Dfile.encoding=UTF-8 -Duser.country=GB -Duser.language=en -Duser.variant -javaagent:C:\Users\Administrator\.gradle\wrapper\dists\gradle-8.14.3-bin\cv11ve7ro1n3o1j4so8xd9n66\gradle-8.14.3\lib\agents\gradle-instrumentation-agent-8.14.3.jar 
java_command: org.gradle.launcher.daemon.bootstrap.GradleDaemon 8.14.3
java_class_path (initial): C:\Users\Administrator\.gradle\wrapper\dists\gradle-8.14.3-bin\cv11ve7ro1n3o1j4so8xd9n66\gradle-8.14.3\lib\gradle-daemon-main-8.14.3.jar
Launcher Type: SUN_STANDARD

[Global flags]
     intx CICompilerCount                          = 4                                         {product} {ergonomic}
     uint ConcGCThreads                            = 3                                         {product} {ergonomic}
     uint G1ConcRefinementThreads                  = 10                                        {product} {ergonomic}
   size_t G1HeapRegionSize                         = 2097152                                   {product} {ergonomic}
    uintx GCDrainStackTargetSize                   = 64                                        {product} {ergonomic}
   size_t InitialHeapSize                          = 524288000                                 {product} {ergonomic}
   size_t MarkStackSize                            = 4194304                                   {product} {ergonomic}
   size_t MaxHeapSize                              = 4294967296                                {product} {command line}
   size_t MaxNewSize                               = 2575302656                                {product} {ergonomic}
   size_t MinHeapDeltaBytes                        = 2097152                                   {product} {ergonomic}
   size_t MinHeapSize                              = 8388608                                   {product} {ergonomic}
    uintx NonNMethodCodeHeapSize                   = 5839372                                {pd product} {ergonomic}
    uintx NonProfiledCodeHeapSize                  = 122909434                              {pd product} {ergonomic}
    uintx ProfiledCodeHeapSize                     = 122909434                              {pd product} {ergonomic}
    uintx ReservedCodeCacheSize                    = 251658240                              {pd product} {ergonomic}
     bool SegmentedCodeCache                       = true                                      {product} {ergonomic}
   size_t SoftMaxHeapSize                          = 4294967296                             {manageable} {ergonomic}
     bool UseCompressedOops                        = true                           {product lp64_product} {ergonomic}
     bool UseG1GC                                  = true                                      {product} {ergonomic}
     bool UseLargePagesIndividualAllocation        = false                                  {pd product} {ergonomic}

Logging:
Log output configuration:
 #0: stdout all=warning uptime,level,tags foldmultilines=false
 #1: stderr all=off uptime,level,tags foldmultilines=false

Environment Variables:
PATH=C:\Program Files\PowerShell\7;C:\Program Files\Zulu\zulu-21\bin\;C:\Program Files (x86)\Common Files\Oracle\Java\java8path;C:\Program Files (x86)\Common Files\Oracle\Java\javapath;C:\Program Files (x86)\Razer Chroma SDK\bin;C:\Program Files\Razer Chroma SDK\bin;C:\Program Files (x86)\Razer\ChromaBroadcast\bin;C:\Program Files\Razer\ChromaBroadcast\bin;C:\Program Files (x86)\Common Files\Intel\Shared Libraries\redist\intel64\compiler;C:\WINDOWS\system32;C:\WINDOWS;C:\WINDOWS\System32\Wbem;C:\WINDOWS\System32\WindowsPowerShell\v1.0\;C:\WINDOWS\System32\OpenSSH\;C:\Program Files\dotnet\;C:\WINDOWS\system32\config\systemprofile\AppData\Local\Microsoft\WindowsApps;C:\Users\Administrator\AppData\Local\Programs\Python\Launcher\;C:\Users\Administrator\AppData\Local\Microsoft\WindowsApps;C:\Users\Administrator\AppData\Roaming\npm;C:\Users\Administrator\AppData\Local\Programs\Microsoft VS Code\bin;C:\WINDOWS\system32;C:\WINDOWS;C:\WINDOWS\System32\Wbem;C:\WINDOWS\System32\WindowsPowerShell\v1.0\;C:\WINDOWS\System32\OpenSSH\;C:\Program Files\Calibre2\;C:\Program Files\Git\cmd;C:\Program Files\PowerShell\7\;C:\Program Files\ffmpeg-8.0.1-essentials_build\ffmpeg-8.0.1-essentials_build\bin;C:\Program Files\nodejs\;C:\ProgramData\chocolatey\bin;C:\Users\Administrator\.local\bin;C:\Users\Administrator\AppData\Local\Programs\Python\Python313\Scripts\;C:\Users\Administrator\AppData\Local\Programs\Python\Python313\;C:\Users\Administrator\AppData\Local\Microsoft\WindowsApps;C:\Users\Administrator\AppData\Local\Programs\Microsoft VS Code\bin;C:\Users\Administrator\AppData\Local\Muse Hub\lib;C:\Users\Administrator\.lmstudio\bin;C:\Users\Administrator\AppData\Local\spicetify;C:\Users\Administrator\AppData\Roaming\npm;C:\Users\Administrator\AppData\Local\Programs\Antigravity\bin;C:\Users\Administrator\AppData\Local\GitHubDesktop\bin
USERNAME=Administrator
LANG=en_US.UTF-8
OS=Windows_NT
PROCESSOR_IDENTIFIER=AMD64 Family 25 Model 97 Stepping 2, AuthenticAMD
TMP=C:\Users\ADMINI~1\AppData\Local\Temp
TEMP=C:\Users\ADMINI~1\AppData\Local\Temp




Periodic native trim disabled

---------------  S Y S T E M  ---------------

OS:
 Windows 11 , 64 bit Build 26100 (10.0.26100.5514)
OS uptime: 0 days 0:44 hours
Hyper-V role detected

CPU: total 12 (initial active 12) (12 cores per cpu, 2 threads per core) family 25 model 97 stepping 2 microcode 0xa60120c, cx8, cmov, fxsr, ht, mmx, 3dnowpref, sse, sse2, sse3, ssse3, sse4a, sse4.1, sse4.2, popcnt, lzcnt, tsc, tscinvbit, avx, avx2, aes, erms, clmul, bmi1, bmi2, adx, avx512f, avx512dq, avx512cd, avx512bw, avx512vl, sha, fma, vzeroupper, avx512_vpopcntdq, avx512_vpclmulqdq, avx512_vaes, avx512_vnni, clflush, clflushopt, avx512_vbmi2, avx512_vbmi, hv, rdtscp, rdpid, fsrm, gfni, avx512_bitalg, f16c, cet_ss, avx512_ifma
Processor Information for the first 12 processors :
  Max Mhz: 4701, Current Mhz: 4701, Mhz Limit: 4701

Memory: 4k page, system-wide physical 31913M (5938M free)
TotalPageFile size 31913M (AvailPageFile size 21M)
current process WorkingSet (physical memory assigned to process): 2413M, peak: 2429M
current process commit charge ("private bytes"): 2542M, peak: 3000M

vm_info: OpenJDK 64-Bit Server VM (21.0.7+6-LTS) for windows-amd64 JRE (21.0.7+6-LTS) (Zulu21.42+19-CA), built on 2025-04-07T10:58:52Z by "zulu_re" with MS VC++ 17.1 (VS2022)

END.
