#
# There is insufficient memory for the Java Runtime Environment to continue.
# Native memory allocation (mmap) failed to map 545259520 bytes. Error detail: G1 virtual space
# Possible reasons:
#   The system is out of physical RAM or swap space
#   This process is running with CompressedOops enabled, and the Java Heap may be blocking the growth of the native heap
# Possible solutions:
#   Reduce memory load on the system
#   Increase physical memory or swap space
#   Check if swap backing store is full
#   Decrease Java heap size (-Xmx/-Xms)
#   Decrease number of Java threads
#   Decrease Java thread stack sizes (-Xss)
#   Set larger code cache with -XX:ReservedCodeCacheSize=
#   JVM is running with Zero Based Compressed Oops mode in which the Java heap is
#     placed in the first 32GB address space. The Java Heap base address is the
#     maximum limit for the native heap growth. Please use -XX:HeapBaseMinAddress
#     to set the Java Heap base and to place the Java Heap above 32GB virtual address.
# This output file may be truncated or incomplete.
#
#  Out of Memory Error (os_windows.cpp:3686), pid=20940, tid=21440
#
# JRE version: OpenJDK Runtime Environment Zulu21.42+19-CA (21.0.7+6) (build 21.0.7+6-LTS)
# Java VM: OpenJDK 64-Bit Server VM Zulu21.42+19-CA (21.0.7+6-LTS, mixed mode, sharing, tiered, compressed oops, compressed class ptrs, g1 gc, windows-amd64)
# No core dump will be written. Minidumps are not enabled by default on client versions of Windows
#

---------------  S U M M A R Y ------------

Command Line: --add-opens=java.base/java.lang=ALL-UNNAMED --add-opens=java.base/java.lang.invoke=ALL-UNNAMED --add-opens=java.base/java.util=ALL-UNNAMED --add-opens=java.prefs/java.util.prefs=ALL-UNNAMED --add-exports=jdk.compiler/com.sun.tools.javac.api=ALL-UNNAMED --add-exports=jdk.compiler/com.sun.tools.javac.util=ALL-UNNAMED --add-opens=java.base/java.util=ALL-UNNAMED --add-opens=java.prefs/java.util.prefs=ALL-UNNAMED --add-opens=java.base/java.nio.charset=ALL-UNNAMED --add-opens=java.base/java.net=ALL-UNNAMED --add-opens=java.base/java.util.concurrent.atomic=ALL-UNNAMED --add-opens=java.xml/javax.xml.namespace=ALL-UNNAMED -Xmx4g -Dfile.encoding=UTF-8 -Duser.country=GB -Duser.language=en -Duser.variant -javaagent:C:\Users\Administrator\.gradle\wrapper\dists\gradle-8.14.3-bin\cv11ve7ro1n3o1j4so8xd9n66\gradle-8.14.3\lib\agents\gradle-instrumentation-agent-8.14.3.jar org.gradle.launcher.daemon.bootstrap.GradleDaemon 8.14.3

Host: AMD Ryzen 5 7600X 6-Core Processor             , 12 cores, 31G,  Windows 11 , 64 bit Build 26100 (10.0.26100.5514)
Time: Thu Feb 26 23:33:18 2026 GMT Standard Time elapsed time: 19.321721 seconds (0d 0h 0m 19s)

---------------  T H R E A D  ---------------

Current thread (0x000001fb7ff6a440):  VMThread "VM Thread"          [id=21440, stack(0x000000b53f100000,0x000000b53f200000) (1024K)]

Stack: [0x000000b53f100000,0x000000b53f200000]
Native frames: (J=compiled Java code, j=interpreted, Vv=VM code, C=native code)
V  [jvm.dll+0x6fb989]
V  [jvm.dll+0x8defdf]
V  [jvm.dll+0x8e13d8]
V  [jvm.dll+0x8e1b43]
V  [jvm.dll+0x299c76]
V  [jvm.dll+0x6f80d5]
V  [jvm.dll+0x6ebfda]
V  [jvm.dll+0x374eca]
V  [jvm.dll+0x37cbd6]
V  [jvm.dll+0x3d1625]
V  [jvm.dll+0x3d18e8]
V  [jvm.dll+0x346c43]
V  [jvm.dll+0x346cd7]
V  [jvm.dll+0x38d57c]
V  [jvm.dll+0x38bd92]
V  [jvm.dll+0x3463e1]
V  [jvm.dll+0x38b44a]
V  [jvm.dll+0x8e7ac6]
V  [jvm.dll+0x8e8ee4]
V  [jvm.dll+0x8e9430]
V  [jvm.dll+0x8e96d3]
V  [jvm.dll+0x886426]
V  [jvm.dll+0x6fa044]
C  [ucrtbase.dll+0x37b0]
C  [KERNEL32.DLL+0x2e8d7]
C  [ntdll.dll+0x9c5dc]

VM_Operation (0x000000b5499fc230): G1CollectForAllocation, mode: safepoint, requested by thread 0x000001fb5cc49420


---------------  P R O C E S S  ---------------

Threads class SMR info:
_java_thread_list=0x000001fb566a7020, length=177, elements={
0x000001fb6f5a4c10, 0x000001fb7ff83980, 0x000001fb7ff85100, 0x000001fb7ff8cd70,
0x000001fb7ff8d900, 0x000001fb7ff8f510, 0x000001fb7ff92ca0, 0x000001fb7ff94880,
0x000001fb7ff9e180, 0x000001fb7ff58060, 0x000001fb503658f0, 0x000001fb5651cfe0,
0x000001fb56566aa0, 0x000001fb56963870, 0x000001fb56403400, 0x000001fb5676c3b0,
0x000001fb567b7300, 0x000001fb567e0270, 0x000001fb567e3060, 0x000001fb567e1620,
0x000001fb567e1cb0, 0x000001fb567e0900, 0x000001fb567e36f0, 0x000001fb567e0f90,
0x000001fb567e29d0, 0x000001fb577aa3c0, 0x000001fb577aaa50, 0x000001fb577a8980,
0x000001fb577ab770, 0x000001fb577a9010, 0x000001fb577abe00, 0x000001fb577ac490,
0x000001fb577a96a0, 0x000001fb577acb20, 0x000001fb577af910, 0x000001fb577ad1b0,
0x000001fb577ad840, 0x000001fb577aded0, 0x000001fb5ac73890, 0x000001fb5ac73200,
0x000001fb5ac724e0, 0x000001fb5ac73f20, 0x000001fb5ac752d0, 0x000001fb5ac745b0,
0x000001fb5ac75960, 0x000001fb5ac72b70, 0x000001fb5ac773a0, 0x000001fb5ac75ff0,
0x000001fb5ac76680, 0x000001fb5ac76d10, 0x000001fb5ac77a30, 0x000001fb5ac780c0,
0x000001fb5ac74c40, 0x000001fb5ac78750, 0x000001fb5ac78de0, 0x000001fb5ac79470,
0x000001fb5ac79b00, 0x000001fb5a9208b0, 0x000001fb5a920220, 0x000001fb5a920f40,
0x000001fb5a9222f0, 0x000001fb5a9215d0, 0x000001fb5a91ee70, 0x000001fb5a921c60,
0x000001fb5a91f500, 0x000001fb5a91fb90, 0x000001fb5be01040, 0x000001fb5be03e30,
0x000001fb5be016d0, 0x000001fb5cb07c60, 0x000001fb5cb082f0, 0x000001fb5cb0b770,
0x000001fb5cb0be00, 0x000001fb5cb09d30, 0x000001fb5cb0a3c0, 0x000001fb5cb0c490,
0x000001fb5cb0aa50, 0x000001fb5cb09010, 0x000001fb5cb096a0, 0x000001fb5cb0cb20,
0x000001fb5cb0ebf0, 0x000001fb5cb0d1b0, 0x000001fb5cb0d840, 0x000001fb5cb0ded0,
0x000001fb5cb0e560, 0x000001fb5cb0f280, 0x000001fb580be390, 0x000001fb580c0460,
0x000001fb580bfdd0, 0x000001fb580bea20, 0x000001fb580bdd00, 0x000001fb580c2530,
0x000001fb580bf0b0, 0x000001fb580bf740, 0x000001fb580c2bc0, 0x000001fb580c1ea0,
0x000001fb580c3250, 0x000001fb580c3f70, 0x000001fb580c0af0, 0x000001fb580c38e0,
0x000001fb580c4600, 0x000001fb580c1180, 0x000001fb580c4c90, 0x000001fb580c1810,
0x000001fb580c5320, 0x000001fb588bd4f0, 0x000001fb588bdb80, 0x000001fb588bc140,
0x000001fb588bb420, 0x000001fb588bc7d0, 0x000001fb588be210, 0x000001fb588bbab0,
0x000001fb588bad90, 0x000001fb588be8a0, 0x000001fb588c23b0, 0x000001fb588c0970,
0x000001fb588bfc50, 0x000001fb588c02e0, 0x000001fb588c1000, 0x000001fb588c1690,
0x000001fb588c1d20, 0x000001fb588bef30, 0x000001fb588bf5c0, 0x000001fb5be05f00,
0x000001fb5be02a80, 0x000001fb5c0f7ff0, 0x000001fb5b206d60, 0x000001fb5b2066d0,
0x000001fb5b208e30, 0x000001fb5b208110, 0x000001fb5b2073f0, 0x000001fb5b207a80,
0x000001fb5b2087a0, 0x000001fb5b2094c0, 0x000001fb5c36d9d0, 0x000001fb5c370130,
0x000001fb5c3707c0, 0x000001fb5c36e6f0, 0x000001fb5c3714e0, 0x000001fb5c36faa0,
0x000001fb5c370e50, 0x000001fb5c36e060, 0x000001fb5c371b70, 0x000001fb5c372200,
0x000001fb5c36ed80, 0x000001fb5c372890, 0x000001fb5c36f410, 0x000001fb5c374ff0,
0x000001fb5cc45fa0, 0x000001fb5cc48070, 0x000001fb5cc48700, 0x000001fb5cc46cc0,
0x000001fb5cc45910, 0x000001fb5cc479e0, 0x000001fb5cc45280, 0x000001fb5cc48d90,
0x000001fb5cc49420, 0x000001fb5cc47350, 0x000001fb5cc49ab0, 0x000001fb5cc46630,
0x000001fb5cc4c8a0, 0x000001fb5cc4b4f0, 0x000001fb5cc4d5c0, 0x000001fb5cc4a140,
0x000001fb5cc4dc50, 0x000001fb5cc4c210, 0x000001fb5cc4cf30, 0x000001fb5cc4a7d0,
0x000001fb5cc4e2e0, 0x000001fb5cc4ae60, 0x000001fb5cc51760, 0x000001fb5cc503b0,
0x000001fb5bdc1bd0, 0x000001fb5bdc0190, 0x000001fb5bdbfb00, 0x000001fb5a42f8e0,
0x000001fb5dc476d0
}

Java Threads: ( => current thread )
  0x000001fb6f5a4c10 JavaThread "main"                              [_thread_blocked, id=14636, stack(0x000000b53ea00000,0x000000b53eb00000) (1024K)]
  0x000001fb7ff83980 JavaThread "Reference Handler"          daemon [_thread_blocked, id=9544, stack(0x000000b53f200000,0x000000b53f300000) (1024K)]
  0x000001fb7ff85100 JavaThread "Finalizer"                  daemon [_thread_blocked, id=22468, stack(0x000000b53f300000,0x000000b53f400000) (1024K)]
  0x000001fb7ff8cd70 JavaThread "Signal Dispatcher"          daemon [_thread_blocked, id=25904, stack(0x000000b53f400000,0x000000b53f500000) (1024K)]
  0x000001fb7ff8d900 JavaThread "Attach Listener"            daemon [_thread_blocked, id=28424, stack(0x000000b53f500000,0x000000b53f600000) (1024K)]
  0x000001fb7ff8f510 JavaThread "Service Thread"             daemon [_thread_blocked, id=29564, stack(0x000000b53f600000,0x000000b53f700000) (1024K)]
  0x000001fb7ff92ca0 JavaThread "Monitor Deflation Thread"   daemon [_thread_blocked, id=13996, stack(0x000000b53f700000,0x000000b53f800000) (1024K)]
  0x000001fb7ff94880 JavaThread "C2 CompilerThread0"         daemon [_thread_blocked, id=29376, stack(0x000000b53f800000,0x000000b53f900000) (1024K)]
  0x000001fb7ff9e180 JavaThread "C1 CompilerThread0"         daemon [_thread_blocked, id=13964, stack(0x000000b53f900000,0x000000b53fa00000) (1024K)]
  0x000001fb7ff58060 JavaThread "Common-Cleaner"             daemon [_thread_blocked, id=6528, stack(0x000000b53fa00000,0x000000b53fb00000) (1024K)]
  0x000001fb503658f0 JavaThread "Notification Thread"        daemon [_thread_blocked, id=30580, stack(0x000000b53fb00000,0x000000b53fc00000) (1024K)]
  0x000001fb5651cfe0 JavaThread "Daemon health stats"               [_thread_blocked, id=24356, stack(0x000000b540700000,0x000000b540800000) (1024K)]
  0x000001fb56566aa0 JavaThread "Incoming local TCP Connector on port 58010"        [_thread_in_native, id=8472, stack(0x000000b540800000,0x000000b540900000) (1024K)]
  0x000001fb56963870 JavaThread "Daemon periodic checks"            [_thread_blocked, id=25624, stack(0x000000b540900000,0x000000b540a00000) (1024K)]
  0x000001fb56403400 JavaThread "Daemon"                            [_thread_blocked, id=26740, stack(0x000000b540a00000,0x000000b540b00000) (1024K)]
  0x000001fb5676c3b0 JavaThread "Handler for socket connection from /127.0.0.1:58010 to /127.0.0.1:58011"        [_thread_in_native, id=15332, stack(0x000000b540b00000,0x000000b540c00000) (1024K)]
  0x000001fb567b7300 JavaThread "Cancel handler"                    [_thread_blocked, id=5868, stack(0x000000b540c00000,0x000000b540d00000) (1024K)]
  0x000001fb567e0270 JavaThread "Daemon worker"                     [_thread_blocked, id=24256, stack(0x000000b540d00000,0x000000b540e00000) (1024K)]
  0x000001fb567e3060 JavaThread "Asynchronous log dispatcher for DefaultDaemonConnection: socket connection from /127.0.0.1:58010 to /127.0.0.1:58011"        [_thread_blocked, id=3632, stack(0x000000b540e00000,0x000000b540f00000) (1024K)]
  0x000001fb567e1620 JavaThread "Stdin handler"                     [_thread_blocked, id=8348, stack(0x000000b540f00000,0x000000b541000000) (1024K)]
  0x000001fb567e1cb0 JavaThread "Daemon client event forwarder"        [_thread_blocked, id=10220, stack(0x000000b541000000,0x000000b541100000) (1024K)]
  0x000001fb567e0900 JavaThread "Cache worker for journal cache (C:\Users\Administrator\.gradle\caches\journal-1)"        [_thread_blocked, id=24428, stack(0x000000b541100000,0x000000b541200000) (1024K)]
  0x000001fb567e36f0 JavaThread "File lock request listener"        [_thread_in_native, id=14204, stack(0x000000b541200000,0x000000b541300000) (1024K)]
  0x000001fb567e0f90 JavaThread "Cache worker for file hash cache (C:\Users\Administrator\.gradle\caches\8.14.3\fileHashes)"        [_thread_blocked, id=20532, stack(0x000000b541300000,0x000000b541400000) (1024K)]
  0x000001fb567e29d0 JavaThread "Cache worker for file hash cache (C:\Users\Administrator\Desktop\Android Studio\Antigravity\Anikku\anikku\.gradle\8.14.3\fileHashes)"        [_thread_blocked, id=10772, stack(0x000000b541600000,0x000000b541700000) (1024K)]
  0x000001fb577aa3c0 JavaThread "Cache worker for Build Output Cleanup Cache (C:\Users\Administrator\Desktop\Android Studio\Antigravity\Anikku\anikku\.gradle\buildOutputCleanup)"        [_thread_blocked, id=29036, stack(0x000000b541700000,0x000000b541800000) (1024K)]
  0x000001fb577aaa50 JavaThread "Cache worker for Build Output Cleanup Cache (C:\Users\Administrator\Desktop\Android Studio\Antigravity\Anikku\anikku\buildSrc\.gradle\buildOutputCleanup)"        [_thread_blocked, id=24020, stack(0x000000b541800000,0x000000b541900000) (1024K)]
  0x000001fb577a8980 JavaThread "File watcher server"        daemon [_thread_blocked, id=15376, stack(0x000000b541900000,0x000000b541a00000) (1024K)]
  0x000001fb577ab770 JavaThread "File watcher consumer"      daemon [_thread_blocked, id=27644, stack(0x000000b541a00000,0x000000b541b00000) (1024K)]
  0x000001fb577a9010 JavaThread "Cache worker for checksums cache (C:\Users\Administrator\Desktop\Android Studio\Antigravity\Anikku\anikku\.gradle\8.14.3\checksums)"        [_thread_blocked, id=7136, stack(0x000000b541b00000,0x000000b541c00000) (1024K)]
  0x000001fb577abe00 JavaThread "Cache worker for file content cache (C:\Users\Administrator\.gradle\caches\8.14.3\fileContent)"        [_thread_blocked, id=11696, stack(0x000000b541c00000,0x000000b541d00000) (1024K)]
  0x000001fb577ac490 JavaThread "Cache worker for cache directory md-supplier (C:\Users\Administrator\.gradle\caches\8.14.3\md-supplier)"        [_thread_blocked, id=23540, stack(0x000000b541d00000,0x000000b541e00000) (1024K)]
  0x000001fb577a96a0 JavaThread "Cache worker for cache directory md-rule (C:\Users\Administrator\.gradle\caches\8.14.3\md-rule)"        [_thread_blocked, id=10840, stack(0x000000b541e00000,0x000000b541f00000) (1024K)]
  0x000001fb577acb20 JavaThread "Problems report writer"            [_thread_blocked, id=23868, stack(0x000000b541f00000,0x000000b542000000) (1024K)]
  0x000001fb577af910 JavaThread "Memory manager"                    [_thread_blocked, id=30700, stack(0x000000b542000000,0x000000b542100000) (1024K)]
  0x000001fb577ad1b0 JavaThread "Unconstrained build operations"        [_thread_blocked, id=29788, stack(0x000000b542100000,0x000000b542200000) (1024K)]
  0x000001fb577ad840 JavaThread "Unconstrained build operations Thread 2"        [_thread_blocked, id=22412, stack(0x000000b542200000,0x000000b542300000) (1024K)]
  0x000001fb577aded0 JavaThread "Unconstrained build operations Thread 3"        [_thread_blocked, id=20256, stack(0x000000b542300000,0x000000b542400000) (1024K)]
  0x000001fb5ac73890 JavaThread "Unconstrained build operations Thread 4"        [_thread_blocked, id=12492, stack(0x000000b542400000,0x000000b542500000) (1024K)]
  0x000001fb5ac73200 JavaThread "Unconstrained build operations Thread 5"        [_thread_blocked, id=28440, stack(0x000000b542500000,0x000000b542600000) (1024K)]
  0x000001fb5ac724e0 JavaThread "Unconstrained build operations Thread 6"        [_thread_blocked, id=29712, stack(0x000000b542600000,0x000000b542700000) (1024K)]
  0x000001fb5ac73f20 JavaThread "Unconstrained build operations Thread 7"        [_thread_blocked, id=9636, stack(0x000000b542700000,0x000000b542800000) (1024K)]
  0x000001fb5ac752d0 JavaThread "Unconstrained build operations Thread 8"        [_thread_blocked, id=18992, stack(0x000000b542800000,0x000000b542900000) (1024K)]
  0x000001fb5ac745b0 JavaThread "Unconstrained build operations Thread 9"        [_thread_blocked, id=10388, stack(0x000000b542900000,0x000000b542a00000) (1024K)]
  0x000001fb5ac75960 JavaThread "Unconstrained build operations Thread 10"        [_thread_blocked, id=3208, stack(0x000000b542a00000,0x000000b542b00000) (1024K)]
  0x000001fb5ac72b70 JavaThread "Unconstrained build operations Thread 11"        [_thread_blocked, id=8912, stack(0x000000b542b00000,0x000000b542c00000) (1024K)]
  0x000001fb5ac773a0 JavaThread "Unconstrained build operations Thread 12"        [_thread_blocked, id=9876, stack(0x000000b542c00000,0x000000b542d00000) (1024K)]
  0x000001fb5ac75ff0 JavaThread "Unconstrained build operations Thread 13"        [_thread_blocked, id=14368, stack(0x000000b542d00000,0x000000b542e00000) (1024K)]
  0x000001fb5ac76680 JavaThread "Unconstrained build operations Thread 14"        [_thread_blocked, id=6332, stack(0x000000b542e00000,0x000000b542f00000) (1024K)]
  0x000001fb5ac76d10 JavaThread "Unconstrained build operations Thread 15"        [_thread_blocked, id=22264, stack(0x000000b542f00000,0x000000b543000000) (1024K)]
  0x000001fb5ac77a30 JavaThread "Unconstrained build operations Thread 16"        [_thread_blocked, id=25916, stack(0x000000b543000000,0x000000b543100000) (1024K)]
  0x000001fb5ac780c0 JavaThread "Unconstrained build operations Thread 17"        [_thread_blocked, id=28664, stack(0x000000b543100000,0x000000b543200000) (1024K)]
  0x000001fb5ac74c40 JavaThread "Unconstrained build operations Thread 18"        [_thread_blocked, id=28308, stack(0x000000b543200000,0x000000b543300000) (1024K)]
  0x000001fb5ac78750 JavaThread "Unconstrained build operations Thread 19"        [_thread_blocked, id=29168, stack(0x000000b543300000,0x000000b543400000) (1024K)]
  0x000001fb5ac78de0 JavaThread "Unconstrained build operations Thread 20"        [_thread_blocked, id=26096, stack(0x000000b543400000,0x000000b543500000) (1024K)]
  0x000001fb5ac79470 JavaThread "Unconstrained build operations Thread 21"        [_thread_blocked, id=26436, stack(0x000000b543500000,0x000000b543600000) (1024K)]
  0x000001fb5ac79b00 JavaThread "Unconstrained build operations Thread 22"        [_thread_blocked, id=15132, stack(0x000000b543600000,0x000000b543700000) (1024K)]
  0x000001fb5a9208b0 JavaThread "Unconstrained build operations Thread 23"        [_thread_blocked, id=22548, stack(0x000000b543700000,0x000000b543800000) (1024K)]
  0x000001fb5a920220 JavaThread "Unconstrained build operations Thread 24"        [_thread_blocked, id=7264, stack(0x000000b543800000,0x000000b543900000) (1024K)]
  0x000001fb5a920f40 JavaThread "Unconstrained build operations Thread 25"        [_thread_blocked, id=8360, stack(0x000000b543900000,0x000000b543a00000) (1024K)]
  0x000001fb5a9222f0 JavaThread "Unconstrained build operations Thread 26"        [_thread_blocked, id=13280, stack(0x000000b543a00000,0x000000b543b00000) (1024K)]
  0x000001fb5a9215d0 JavaThread "Unconstrained build operations Thread 27"        [_thread_blocked, id=14920, stack(0x000000b543b00000,0x000000b543c00000) (1024K)]
  0x000001fb5a91ee70 JavaThread "Unconstrained build operations Thread 28"        [_thread_blocked, id=18104, stack(0x000000b543c00000,0x000000b543d00000) (1024K)]
  0x000001fb5a921c60 JavaThread "Unconstrained build operations Thread 29"        [_thread_blocked, id=13232, stack(0x000000b543d00000,0x000000b543e00000) (1024K)]
  0x000001fb5a91f500 JavaThread "Unconstrained build operations Thread 30"        [_thread_blocked, id=25708, stack(0x000000b543e00000,0x000000b543f00000) (1024K)]
  0x000001fb5a91fb90 JavaThread "Unconstrained build operations Thread 31"        [_thread_blocked, id=14672, stack(0x000000b543f00000,0x000000b544000000) (1024K)]
  0x000001fb5be01040 JavaThread "Unconstrained build operations Thread 32"        [_thread_blocked, id=24068, stack(0x000000b544000000,0x000000b544100000) (1024K)]
  0x000001fb5be03e30 JavaThread "Unconstrained build operations Thread 33"        [_thread_blocked, id=4760, stack(0x000000b544100000,0x000000b544200000) (1024K)]
  0x000001fb5be016d0 JavaThread "build event listener"              [_thread_blocked, id=29592, stack(0x000000b544200000,0x000000b544300000) (1024K)]
  0x000001fb5cb07c60 JavaThread "included builds"                   [_thread_blocked, id=23588, stack(0x000000b544300000,0x000000b544400000) (1024K)]
  0x000001fb5cb082f0 JavaThread "Execution worker"                  [_thread_blocked, id=15264, stack(0x000000b544400000,0x000000b544500000) (1024K)]
  0x000001fb5cb0b770 JavaThread "Execution worker Thread 2"         [_thread_blocked, id=14384, stack(0x000000b544500000,0x000000b544600000) (1024K)]
  0x000001fb5cb0be00 JavaThread "Execution worker Thread 3"         [_thread_blocked, id=16044, stack(0x000000b544600000,0x000000b544700000) (1024K)]
  0x000001fb5cb09d30 JavaThread "Execution worker Thread 4"         [_thread_blocked, id=30036, stack(0x000000b544700000,0x000000b544800000) (1024K)]
  0x000001fb5cb0a3c0 JavaThread "Execution worker Thread 5"         [_thread_blocked, id=23792, stack(0x000000b544800000,0x000000b544900000) (1024K)]
  0x000001fb5cb0c490 JavaThread "Execution worker Thread 6"         [_thread_blocked, id=14756, stack(0x000000b544900000,0x000000b544a00000) (1024K)]
  0x000001fb5cb0aa50 JavaThread "Execution worker Thread 7"         [_thread_blocked, id=19172, stack(0x000000b544a00000,0x000000b544b00000) (1024K)]
  0x000001fb5cb09010 JavaThread "Execution worker Thread 8"         [_thread_blocked, id=26768, stack(0x000000b544b00000,0x000000b544c00000) (1024K)]
  0x000001fb5cb096a0 JavaThread "Execution worker Thread 9"         [_thread_blocked, id=8304, stack(0x000000b544c00000,0x000000b544d00000) (1024K)]
  0x000001fb5cb0cb20 JavaThread "Execution worker Thread 10"        [_thread_blocked, id=22692, stack(0x000000b544d00000,0x000000b544e00000) (1024K)]
  0x000001fb5cb0ebf0 JavaThread "Execution worker Thread 11"        [_thread_blocked, id=20704, stack(0x000000b544e00000,0x000000b544f00000) (1024K)]
  0x000001fb5cb0d1b0 JavaThread "Cache worker for execution history cache (C:\Users\Administrator\Desktop\Android Studio\Antigravity\Anikku\anikku\buildSrc\.gradle\8.14.3\executionHistory)"        [_thread_blocked, id=13436, stack(0x000000b544f00000,0x000000b545000000) (1024K)]
  0x000001fb5cb0d840 JavaThread "Unconstrained build operations Thread 34"        [_thread_blocked, id=22860, stack(0x000000b545000000,0x000000b545100000) (1024K)]
  0x000001fb5cb0ded0 JavaThread "Unconstrained build operations Thread 35"        [_thread_blocked, id=5136, stack(0x000000b545100000,0x000000b545200000) (1024K)]
  0x000001fb5cb0e560 JavaThread "Unconstrained build operations Thread 36"        [_thread_blocked, id=25764, stack(0x000000b545200000,0x000000b545300000) (1024K)]
  0x000001fb5cb0f280 JavaThread "Unconstrained build operations Thread 37"        [_thread_blocked, id=24644, stack(0x000000b545300000,0x000000b545400000) (1024K)]
  0x000001fb580be390 JavaThread "Unconstrained build operations Thread 38"        [_thread_blocked, id=3724, stack(0x000000b545400000,0x000000b545500000) (1024K)]
  0x000001fb580c0460 JavaThread "Unconstrained build operations Thread 39"        [_thread_blocked, id=15236, stack(0x000000b545500000,0x000000b545600000) (1024K)]
  0x000001fb580bfdd0 JavaThread "Unconstrained build operations Thread 40"        [_thread_blocked, id=13952, stack(0x000000b545600000,0x000000b545700000) (1024K)]
  0x000001fb580bea20 JavaThread "Unconstrained build operations Thread 41"        [_thread_blocked, id=20684, stack(0x000000b545700000,0x000000b545800000) (1024K)]
  0x000001fb580bdd00 JavaThread "Unconstrained build operations Thread 42"        [_thread_blocked, id=4276, stack(0x000000b545800000,0x000000b545900000) (1024K)]
  0x000001fb580c2530 JavaThread "Unconstrained build operations Thread 43"        [_thread_blocked, id=25128, stack(0x000000b545900000,0x000000b545a00000) (1024K)]
  0x000001fb580bf0b0 JavaThread "Unconstrained build operations Thread 44"        [_thread_blocked, id=16004, stack(0x000000b545a00000,0x000000b545b00000) (1024K)]
  0x000001fb580bf740 JavaThread "Unconstrained build operations Thread 45"        [_thread_blocked, id=24284, stack(0x000000b545b00000,0x000000b545c00000) (1024K)]
  0x000001fb580c2bc0 JavaThread "Unconstrained build operations Thread 46"        [_thread_blocked, id=17908, stack(0x000000b545c00000,0x000000b545d00000) (1024K)]
  0x000001fb580c1ea0 JavaThread "Unconstrained build operations Thread 47"        [_thread_blocked, id=18052, stack(0x000000b545d00000,0x000000b545e00000) (1024K)]
  0x000001fb580c3250 JavaThread "Unconstrained build operations Thread 48"        [_thread_blocked, id=18968, stack(0x000000b545e00000,0x000000b545f00000) (1024K)]
  0x000001fb580c3f70 JavaThread "Unconstrained build operations Thread 49"        [_thread_blocked, id=2856, stack(0x000000b545f00000,0x000000b546000000) (1024K)]
  0x000001fb580c0af0 JavaThread "Unconstrained build operations Thread 50"        [_thread_blocked, id=30128, stack(0x000000b546000000,0x000000b546100000) (1024K)]
  0x000001fb580c38e0 JavaThread "Unconstrained build operations Thread 51"        [_thread_blocked, id=4916, stack(0x000000b546100000,0x000000b546200000) (1024K)]
  0x000001fb580c4600 JavaThread "Unconstrained build operations Thread 52"        [_thread_blocked, id=15624, stack(0x000000b546200000,0x000000b546300000) (1024K)]
  0x000001fb580c1180 JavaThread "Unconstrained build operations Thread 53"        [_thread_blocked, id=19212, stack(0x000000b546300000,0x000000b546400000) (1024K)]
  0x000001fb580c4c90 JavaThread "Unconstrained build operations Thread 54"        [_thread_blocked, id=21880, stack(0x000000b546400000,0x000000b546500000) (1024K)]
  0x000001fb580c1810 JavaThread "Unconstrained build operations Thread 55"        [_thread_blocked, id=27904, stack(0x000000b546500000,0x000000b546600000) (1024K)]
  0x000001fb580c5320 JavaThread "Unconstrained build operations Thread 56"        [_thread_blocked, id=27472, stack(0x000000b546600000,0x000000b546700000) (1024K)]
  0x000001fb588bd4f0 JavaThread "Unconstrained build operations Thread 57"        [_thread_blocked, id=29576, stack(0x000000b546700000,0x000000b546800000) (1024K)]
  0x000001fb588bdb80 JavaThread "Unconstrained build operations Thread 58"        [_thread_blocked, id=20496, stack(0x000000b546800000,0x000000b546900000) (1024K)]
  0x000001fb588bc140 JavaThread "Unconstrained build operations Thread 59"        [_thread_blocked, id=21804, stack(0x000000b546900000,0x000000b546a00000) (1024K)]
  0x000001fb588bb420 JavaThread "Unconstrained build operations Thread 60"        [_thread_blocked, id=24344, stack(0x000000b546a00000,0x000000b546b00000) (1024K)]
  0x000001fb588bc7d0 JavaThread "Unconstrained build operations Thread 61"        [_thread_blocked, id=17728, stack(0x000000b546b00000,0x000000b546c00000) (1024K)]
  0x000001fb588be210 JavaThread "Unconstrained build operations Thread 62"        [_thread_blocked, id=11332, stack(0x000000b546c00000,0x000000b546d00000) (1024K)]
  0x000001fb588bbab0 JavaThread "Unconstrained build operations Thread 63"        [_thread_blocked, id=14448, stack(0x000000b546d00000,0x000000b546e00000) (1024K)]
  0x000001fb588bad90 JavaThread "Unconstrained build operations Thread 64"        [_thread_blocked, id=7148, stack(0x000000b53fd00000,0x000000b53fe00000) (1024K)]
  0x000001fb588be8a0 JavaThread "Unconstrained build operations Thread 65"        [_thread_blocked, id=21752, stack(0x000000b546e00000,0x000000b546f00000) (1024K)]
  0x000001fb588c23b0 JavaThread "Unconstrained build operations Thread 66"        [_thread_blocked, id=21900, stack(0x000000b546f00000,0x000000b547000000) (1024K)]
  0x000001fb588c0970 JavaThread "Unconstrained build operations Thread 67"        [_thread_blocked, id=9312, stack(0x000000b547000000,0x000000b547100000) (1024K)]
  0x000001fb588bfc50 JavaThread "Unconstrained build operations Thread 68"        [_thread_blocked, id=28704, stack(0x000000b547100000,0x000000b547200000) (1024K)]
  0x000001fb588c02e0 JavaThread "Unconstrained build operations Thread 69"        [_thread_blocked, id=14048, stack(0x000000b547200000,0x000000b547300000) (1024K)]
  0x000001fb588c1000 JavaThread "Unconstrained build operations Thread 70"        [_thread_blocked, id=23808, stack(0x000000b547300000,0x000000b547400000) (1024K)]
  0x000001fb588c1690 JavaThread "Unconstrained build operations Thread 71"        [_thread_blocked, id=9652, stack(0x000000b547400000,0x000000b547500000) (1024K)]
  0x000001fb588c1d20 JavaThread "Unconstrained build operations Thread 72"        [_thread_blocked, id=15292, stack(0x000000b547500000,0x000000b547600000) (1024K)]
  0x000001fb588bef30 JavaThread "Unconstrained build operations Thread 73"        [_thread_blocked, id=9396, stack(0x000000b547600000,0x000000b547700000) (1024K)]
  0x000001fb588bf5c0 JavaThread "Unconstrained build operations Thread 74"        [_thread_blocked, id=24740, stack(0x000000b547700000,0x000000b547800000) (1024K)]
  0x000001fb5be05f00 JavaThread "Unconstrained build operations Thread 75"        [_thread_blocked, id=26828, stack(0x000000b547900000,0x000000b547a00000) (1024K)]
  0x000001fb5be02a80 JavaThread "Unconstrained build operations Thread 76"        [_thread_blocked, id=23652, stack(0x000000b547a00000,0x000000b547b00000) (1024K)]
  0x000001fb5c0f7ff0 JavaThread "C2 CompilerThread1"         daemon [_thread_blocked, id=27916, stack(0x000000b53fc00000,0x000000b53fd00000) (1024K)]
  0x000001fb5b206d60 JavaThread "Unconstrained build operations Thread 77"        [_thread_blocked, id=2492, stack(0x000000b547b00000,0x000000b547c00000) (1024K)]
  0x000001fb5b2066d0 JavaThread "Unconstrained build operations Thread 78"        [_thread_blocked, id=24616, stack(0x000000b547c00000,0x000000b547d00000) (1024K)]
  0x000001fb5b208e30 JavaThread "Unconstrained build operations Thread 79"        [_thread_blocked, id=22056, stack(0x000000b547d00000,0x000000b547e00000) (1024K)]
  0x000001fb5b208110 JavaThread "Unconstrained build operations Thread 80"        [_thread_blocked, id=22068, stack(0x000000b547e00000,0x000000b547f00000) (1024K)]
  0x000001fb5b2073f0 JavaThread "Unconstrained build operations Thread 81"        [_thread_blocked, id=2696, stack(0x000000b547f00000,0x000000b548000000) (1024K)]
  0x000001fb5b207a80 JavaThread "Unconstrained build operations Thread 82"        [_thread_blocked, id=15072, stack(0x000000b548000000,0x000000b548100000) (1024K)]
  0x000001fb5b2087a0 JavaThread "Unconstrained build operations Thread 83"        [_thread_blocked, id=16168, stack(0x000000b548100000,0x000000b548200000) (1024K)]
  0x000001fb5b2094c0 JavaThread "Unconstrained build operations Thread 84"        [_thread_blocked, id=21660, stack(0x000000b548200000,0x000000b548300000) (1024K)]
  0x000001fb5c36d9d0 JavaThread "Unconstrained build operations Thread 85"        [_thread_blocked, id=26800, stack(0x000000b548300000,0x000000b548400000) (1024K)]
  0x000001fb5c370130 JavaThread "Unconstrained build operations Thread 86"        [_thread_blocked, id=22504, stack(0x000000b548400000,0x000000b548500000) (1024K)]
  0x000001fb5c3707c0 JavaThread "Unconstrained build operations Thread 87"        [_thread_blocked, id=30380, stack(0x000000b548500000,0x000000b548600000) (1024K)]
  0x000001fb5c36e6f0 JavaThread "Unconstrained build operations Thread 88"        [_thread_blocked, id=14392, stack(0x000000b548600000,0x000000b548700000) (1024K)]
  0x000001fb5c3714e0 JavaThread "Unconstrained build operations Thread 89"        [_thread_blocked, id=29212, stack(0x000000b548700000,0x000000b548800000) (1024K)]
  0x000001fb5c36faa0 JavaThread "Unconstrained build operations Thread 90"        [_thread_blocked, id=19168, stack(0x000000b548800000,0x000000b548900000) (1024K)]
  0x000001fb5c370e50 JavaThread "Unconstrained build operations Thread 91"        [_thread_blocked, id=7616, stack(0x000000b548900000,0x000000b548a00000) (1024K)]
  0x000001fb5c36e060 JavaThread "Unconstrained build operations Thread 92"        [_thread_blocked, id=26104, stack(0x000000b548a00000,0x000000b548b00000) (1024K)]
  0x000001fb5c371b70 JavaThread "Unconstrained build operations Thread 93"        [_thread_blocked, id=29812, stack(0x000000b548b00000,0x000000b548c00000) (1024K)]
  0x000001fb5c372200 JavaThread "Unconstrained build operations Thread 94"        [_thread_blocked, id=23888, stack(0x000000b548c00000,0x000000b548d00000) (1024K)]
  0x000001fb5c36ed80 JavaThread "Unconstrained build operations Thread 95"        [_thread_blocked, id=28924, stack(0x000000b548d00000,0x000000b548e00000) (1024K)]
  0x000001fb5c372890 JavaThread "Unconstrained build operations Thread 96"        [_thread_blocked, id=23972, stack(0x000000b548e00000,0x000000b548f00000) (1024K)]
  0x000001fb5c36f410 JavaThread "Unconstrained build operations Thread 97"        [_thread_blocked, id=30532, stack(0x000000b548f00000,0x000000b549000000) (1024K)]
  0x000001fb5c374ff0 JavaThread "Unconstrained build operations Thread 98"        [_thread_blocked, id=27336, stack(0x000000b549000000,0x000000b549100000) (1024K)]
  0x000001fb5cc45fa0 JavaThread "Unconstrained build operations Thread 99"        [_thread_blocked, id=5464, stack(0x000000b549100000,0x000000b549200000) (1024K)]
  0x000001fb5cc48070 JavaThread "Unconstrained build operations Thread 100"        [_thread_blocked, id=21264, stack(0x000000b549200000,0x000000b549300000) (1024K)]
  0x000001fb5cc48700 JavaThread "Unconstrained build operations Thread 101"        [_thread_blocked, id=21248, stack(0x000000b549300000,0x000000b549400000) (1024K)]
  0x000001fb5cc46cc0 JavaThread "Unconstrained build operations Thread 102"        [_thread_blocked, id=14296, stack(0x000000b549400000,0x000000b549500000) (1024K)]
  0x000001fb5cc45910 JavaThread "Unconstrained build operations Thread 103"        [_thread_blocked, id=13056, stack(0x000000b549500000,0x000000b549600000) (1024K)]
  0x000001fb5cc479e0 JavaThread "Unconstrained build operations Thread 104"        [_thread_blocked, id=27800, stack(0x000000b549600000,0x000000b549700000) (1024K)]
  0x000001fb5cc45280 JavaThread "Unconstrained build operations Thread 105"        [_thread_blocked, id=28492, stack(0x000000b549700000,0x000000b549800000) (1024K)]
  0x000001fb5cc48d90 JavaThread "Unconstrained build operations Thread 106"        [_thread_blocked, id=8452, stack(0x000000b549800000,0x000000b549900000) (1024K)]
  0x000001fb5cc49420 JavaThread "Unconstrained build operations Thread 107"        [_thread_blocked, id=27464, stack(0x000000b549900000,0x000000b549a00000) (1024K)]
  0x000001fb5cc47350 JavaThread "Unconstrained build operations Thread 108"        [_thread_blocked, id=13440, stack(0x000000b549a00000,0x000000b549b00000) (1024K)]
  0x000001fb5cc49ab0 JavaThread "Unconstrained build operations Thread 109"        [_thread_blocked, id=30692, stack(0x000000b549b00000,0x000000b549c00000) (1024K)]
  0x000001fb5cc46630 JavaThread "Unconstrained build operations Thread 110"        [_thread_blocked, id=2912, stack(0x000000b549c00000,0x000000b549d00000) (1024K)]
  0x000001fb5cc4c8a0 JavaThread "Unconstrained build operations Thread 111"        [_thread_blocked, id=23800, stack(0x000000b549d00000,0x000000b549e00000) (1024K)]
  0x000001fb5cc4b4f0 JavaThread "Unconstrained build operations Thread 112"        [_thread_blocked, id=13884, stack(0x000000b549e00000,0x000000b549f00000) (1024K)]
  0x000001fb5cc4d5c0 JavaThread "Unconstrained build operations Thread 113"        [_thread_blocked, id=15652, stack(0x000000b549f00000,0x000000b54a000000) (1024K)]
  0x000001fb5cc4a140 JavaThread "Unconstrained build operations Thread 114"        [_thread_blocked, id=10332, stack(0x000000b54a000000,0x000000b54a100000) (1024K)]
  0x000001fb5cc4dc50 JavaThread "Unconstrained build operations Thread 115"        [_thread_blocked, id=27236, stack(0x000000b54a100000,0x000000b54a200000) (1024K)]
  0x000001fb5cc4c210 JavaThread "Unconstrained build operations Thread 116"        [_thread_blocked, id=2828, stack(0x000000b54a200000,0x000000b54a300000) (1024K)]
  0x000001fb5cc4cf30 JavaThread "Unconstrained build operations Thread 117"        [_thread_blocked, id=26036, stack(0x000000b54a300000,0x000000b54a400000) (1024K)]
  0x000001fb5cc4a7d0 JavaThread "Unconstrained build operations Thread 118"        [_thread_blocked, id=29544, stack(0x000000b54a400000,0x000000b54a500000) (1024K)]
  0x000001fb5cc4e2e0 JavaThread "Unconstrained build operations Thread 119"        [_thread_blocked, id=23968, stack(0x000000b54a500000,0x000000b54a600000) (1024K)]
  0x000001fb5cc4ae60 JavaThread "Unconstrained build operations Thread 120"        [_thread_blocked, id=24320, stack(0x000000b54a600000,0x000000b54a700000) (1024K)]
  0x000001fb5cc51760 JavaThread "build event listener"              [_thread_blocked, id=15764, stack(0x000000b54a700000,0x000000b54a800000) (1024K)]
  0x000001fb5cc503b0 JavaThread "build event listener"              [_thread_blocked, id=25288, stack(0x000000b54a800000,0x000000b54a900000) (1024K)]
  0x000001fb5bdc1bd0 JavaThread "Exec process"                      [_thread_blocked, id=5092, stack(0x000000b54a900000,0x000000b54aa00000) (1024K)]
  0x000001fb5bdc0190 JavaThread "Exec process Thread 2"             [_thread_blocked, id=29876, stack(0x000000b54aa00000,0x000000b54ab00000) (1024K)]
  0x000001fb5bdbfb00 JavaThread "Exec process Thread 3"             [_thread_blocked, id=14464, stack(0x000000b54ab00000,0x000000b54ac00000) (1024K)]
  0x000001fb5a42f8e0 JavaThread "C2 CompilerThread2"         daemon [_thread_blocked, id=20280, stack(0x000000b547800000,0x000000b547900000) (1024K)]
  0x000001fb5dc476d0 JavaThread "Cache worker for execution history cache (C:\Users\Administrator\Desktop\Android Studio\Antigravity\Anikku\anikku\.gradle\8.14.3\executionHistory)"        [_thread_blocked, id=27544, stack(0x000000b54ac00000,0x000000b54ad00000) (1024K)]
Total: 177

Other Threads:
=>0x000001fb7ff6a440 VMThread "VM Thread"                           [id=21440, stack(0x000000b53f100000,0x000000b53f200000) (1024K)]
  0x000001fb50081640 WatcherThread "VM Periodic Task Thread"        [id=21796, stack(0x000000b53f000000,0x000000b53f100000) (1024K)]
  0x000001fb6f60e6a0 WorkerThread "GC Thread#0"                     [id=9324, stack(0x000000b53eb00000,0x000000b53ec00000) (1024K)]
  0x000001fb503f9aa0 WorkerThread "GC Thread#1"                     [id=21904, stack(0x000000b53fe00000,0x000000b53ff00000) (1024K)]
  0x000001fb50397be0 WorkerThread "GC Thread#2"                     [id=2520, stack(0x000000b53ff00000,0x000000b540000000) (1024K)]
  0x000001fb504bd1d0 WorkerThread "GC Thread#3"                     [id=29252, stack(0x000000b540000000,0x000000b540100000) (1024K)]
  0x000001fb50533840 WorkerThread "GC Thread#4"                     [id=18168, stack(0x000000b540100000,0x000000b540200000) (1024K)]
  0x000001fb50533bf0 WorkerThread "GC Thread#5"                     [id=13896, stack(0x000000b540200000,0x000000b540300000) (1024K)]
  0x000001fb505686c0 WorkerThread "GC Thread#6"                     [id=18320, stack(0x000000b540300000,0x000000b540400000) (1024K)]
  0x000001fb50568a70 WorkerThread "GC Thread#7"                     [id=2608, stack(0x000000b540400000,0x000000b540500000) (1024K)]
  0x000001fb50568e20 WorkerThread "GC Thread#8"                     [id=17524, stack(0x000000b540500000,0x000000b540600000) (1024K)]
  0x000001fb505691d0 WorkerThread "GC Thread#9"                     [id=14544, stack(0x000000b540600000,0x000000b540700000) (1024K)]
  0x000001fb6cffdfe0 ConcurrentGCThread "G1 Main Marker"            [id=28748, stack(0x000000b53ec00000,0x000000b53ed00000) (1024K)]
  0x000001fb6cffea00 WorkerThread "G1 Conc#0"                       [id=15768, stack(0x000000b53ed00000,0x000000b53ee00000) (1024K)]
  0x000001fb57b431b0 WorkerThread "G1 Conc#1"                       [id=22508, stack(0x000000b541400000,0x000000b541500000) (1024K)]
  0x000001fb57b43cc0 WorkerThread "G1 Conc#2"                       [id=29304, stack(0x000000b541500000,0x000000b541600000) (1024K)]
  0x000001fb7fea9750 ConcurrentGCThread "G1 Refine#0"               [id=2936, stack(0x000000b53ee00000,0x000000b53ef00000) (1024K)]
  0x000001fb7feaaf90 ConcurrentGCThread "G1 Service"                [id=5720, stack(0x000000b53ef00000,0x000000b53f000000) (1024K)]
Total: 18

Threads with active compile tasks:
C2 CompilerThread0  19346 21543       4       java.util.Collections::binarySearch (43 bytes)
C1 CompilerThread0  19346 21601       2       org.gradle.api.internal.provider.ValueSupplier$ExecutionTimeValue::value (32 bytes)
C2 CompilerThread1  19346 21496       4       org.gradle.api.internal.artifacts.ivyservice.resolveengine.graph.builder.DependencyGraphBuilder::resolveEdges (47 bytes)
C2 CompilerThread2  19346 21465       4       org.gradle.api.internal.artifacts.ivyservice.modulecache.InMemoryModuleMetadataCache::get (52 bytes)
Total: 4

VM state: at safepoint (normal execution)

VM Mutex/Monitor currently owned by a thread:  ([mutex/lock_event])
[0x00007ff815309b28] Threads_lock - owner thread: 0x000001fb7ff6a440
[0x00007ff815309c28] Heap_lock - owner thread: 0x000001fb5cc49420

Heap address: 0x0000000700000000, size: 4096 MB, Compressed Oops mode: Zero based, Oop shift amount: 3

CDS archive(s) mapped at: [0x000001fb0f000000-0x000001fb0fcd0000-0x000001fb0fcd0000), size 13434880, SharedBaseAddress: 0x000001fb0f000000, ArchiveRelocationMode: 1.
Compressed class space mapped at: 0x000001fb10000000-0x000001fb50000000, reserved size: 1073741824
Narrow klass base: 0x000001fb0f000000, Narrow klass shift: 0, Narrow klass range: 0x100000000

GC Precious Log:
 CardTable entry size: 512
 Card Set container configuration: InlinePtr #cards 4 size 8 Array Of Cards #cards 16 size 48 Howl #buckets 8 coarsen threshold 3686 Howl Bitmap #cards 512 size 80 coarsen threshold 460 Card regions per heap region 1 cards per card region 4096
 CPUs: 12 total, 12 available
 Memory: 31913M
 Large Page Support: Disabled
 NUMA Support: Disabled
 Compressed Oops: Enabled (Zero based)
 Heap Region Size: 2M
 Heap Min Capacity: 8M
 Heap Initial Capacity: 500M
 Heap Max Capacity: 4G
 Pre-touch: Disabled
 Parallel Workers: 10
 Concurrent Workers: 3
 Concurrent Refinement Workers: 10
 Periodic GC: Disabled

Heap:
 garbage-first heap   total 512000K, used 261119K [0x0000000700000000, 0x0000000800000000)
  region size 2048K, 6 young (12288K), 6 survivors (12288K)
 Metaspace       used 134106K, committed 136832K, reserved 1179648K
  class space    used 18445K, committed 19840K, reserved 1048576K

Heap Regions: E=young(eden), S=young(survivor), O=old, HS=humongous(starts), HC=humongous(continues), CS=collection set, F=free, TAMS=top-at-mark-start, PB=parsable bottom
|   0|0x0000000700000000, 0x0000000700200000, 0x0000000700200000|100%|HS|  |TAMS 0x0000000700000000| PB 0x0000000700000000| Complete 
|   1|0x0000000700200000, 0x0000000700400000, 0x0000000700400000|100%|HC|  |TAMS 0x0000000700200000| PB 0x0000000700200000| Complete 
|   2|0x0000000700400000, 0x0000000700600000, 0x0000000700600000|100%| O|  |TAMS 0x0000000700400000| PB 0x0000000700400000| Untracked 
|   3|0x0000000700600000, 0x0000000700800000, 0x0000000700800000|100%| O|  |TAMS 0x0000000700600000| PB 0x0000000700600000| Untracked 
|   4|0x0000000700800000, 0x0000000700a00000, 0x0000000700a00000|100%| O|  |TAMS 0x0000000700800000| PB 0x0000000700800000| Untracked 
|   5|0x0000000700a00000, 0x0000000700c00000, 0x0000000700c00000|100%| O|  |TAMS 0x0000000700a00000| PB 0x0000000700a00000| Untracked 
|   6|0x0000000700c00000, 0x0000000700e00000, 0x0000000700e00000|100%| O|  |TAMS 0x0000000700c00000| PB 0x0000000700c00000| Untracked 
|   7|0x0000000700e00000, 0x0000000701000000, 0x0000000701000000|100%| O|  |TAMS 0x0000000700e00000| PB 0x0000000700e00000| Untracked 
|   8|0x0000000701000000, 0x0000000701200000, 0x0000000701200000|100%| O|  |TAMS 0x0000000701000000| PB 0x0000000701000000| Untracked 
|   9|0x0000000701200000, 0x0000000701400000, 0x0000000701400000|100%| O|  |TAMS 0x0000000701200000| PB 0x0000000701200000| Untracked 
|  10|0x0000000701400000, 0x0000000701600000, 0x0000000701600000|100%| O|  |TAMS 0x0000000701400000| PB 0x0000000701400000| Untracked 
|  11|0x0000000701600000, 0x0000000701800000, 0x0000000701800000|100%| O|  |TAMS 0x0000000701600000| PB 0x0000000701600000| Untracked 
|  12|0x0000000701800000, 0x0000000701a00000, 0x0000000701a00000|100%| O|  |TAMS 0x0000000701800000| PB 0x0000000701800000| Untracked 
|  13|0x0000000701a00000, 0x0000000701c00000, 0x0000000701c00000|100%| O|  |TAMS 0x0000000701a00000| PB 0x0000000701a00000| Untracked 
|  14|0x0000000701c00000, 0x0000000701e00000, 0x0000000701e00000|100%| O|  |TAMS 0x0000000701c00000| PB 0x0000000701c00000| Untracked 
|  15|0x0000000701e00000, 0x0000000702000000, 0x0000000702000000|100%| O|  |TAMS 0x0000000701e00000| PB 0x0000000701e00000| Untracked 
|  16|0x0000000702000000, 0x0000000702200000, 0x0000000702200000|100%| O|  |TAMS 0x0000000702000000| PB 0x0000000702000000| Untracked 
|  17|0x0000000702200000, 0x0000000702400000, 0x0000000702400000|100%|HS|  |TAMS 0x0000000702200000| PB 0x0000000702200000| Complete 
|  18|0x0000000702400000, 0x0000000702600000, 0x0000000702600000|100%|HS|  |TAMS 0x0000000702400000| PB 0x0000000702400000| Complete 
|  19|0x0000000702600000, 0x0000000702800000, 0x0000000702800000|100%|HS|  |TAMS 0x0000000702600000| PB 0x0000000702600000| Complete 
|  20|0x0000000702800000, 0x0000000702a00000, 0x0000000702a00000|100%|HC|  |TAMS 0x0000000702800000| PB 0x0000000702800000| Complete 
|  21|0x0000000702a00000, 0x0000000702c00000, 0x0000000702c00000|100%| O|  |TAMS 0x0000000702a00000| PB 0x0000000702a00000| Untracked 
|  22|0x0000000702c00000, 0x0000000702e00000, 0x0000000702e00000|100%| O|  |TAMS 0x0000000702c00000| PB 0x0000000702c00000| Untracked 
|  23|0x0000000702e00000, 0x0000000703000000, 0x0000000703000000|100%| O|  |TAMS 0x0000000702e00000| PB 0x0000000702e00000| Untracked 
|  24|0x0000000703000000, 0x0000000703200000, 0x0000000703200000|100%| O|  |TAMS 0x0000000703000000| PB 0x0000000703000000| Untracked 
|  25|0x0000000703200000, 0x0000000703400000, 0x0000000703400000|100%|HS|  |TAMS 0x0000000703200000| PB 0x0000000703200000| Complete 
|  26|0x0000000703400000, 0x0000000703600000, 0x0000000703600000|100%| O|  |TAMS 0x0000000703400000| PB 0x0000000703400000| Untracked 
|  27|0x0000000703600000, 0x0000000703800000, 0x0000000703800000|100%| O|  |TAMS 0x0000000703600000| PB 0x0000000703600000| Untracked 
|  28|0x0000000703800000, 0x0000000703a00000, 0x0000000703a00000|100%| O|  |TAMS 0x0000000703800000| PB 0x0000000703800000| Untracked 
|  29|0x0000000703a00000, 0x0000000703c00000, 0x0000000703c00000|100%| O|  |TAMS 0x0000000703a00000| PB 0x0000000703a00000| Untracked 
|  30|0x0000000703c00000, 0x0000000703e00000, 0x0000000703e00000|100%| O|  |TAMS 0x0000000703c00000| PB 0x0000000703c00000| Untracked 
|  31|0x0000000703e00000, 0x0000000704000000, 0x0000000704000000|100%| O|  |TAMS 0x0000000703e00000| PB 0x0000000703e00000| Untracked 
|  32|0x0000000704000000, 0x0000000704200000, 0x0000000704200000|100%|HS|  |TAMS 0x0000000704000000| PB 0x0000000704000000| Complete 
|  33|0x0000000704200000, 0x0000000704400000, 0x0000000704400000|100%|HC|  |TAMS 0x0000000704200000| PB 0x0000000704200000| Complete 
|  34|0x0000000704400000, 0x0000000704600000, 0x0000000704600000|100%| O|  |TAMS 0x0000000704400000| PB 0x0000000704400000| Untracked 
|  35|0x0000000704600000, 0x0000000704800000, 0x0000000704800000|100%| O|  |TAMS 0x0000000704600000| PB 0x0000000704600000| Untracked 
|  36|0x0000000704800000, 0x0000000704a00000, 0x0000000704a00000|100%| O|  |TAMS 0x0000000704800000| PB 0x0000000704800000| Untracked 
|  37|0x0000000704a00000, 0x0000000704c00000, 0x0000000704c00000|100%| O|  |TAMS 0x0000000704a00000| PB 0x0000000704a00000| Untracked 
|  38|0x0000000704c00000, 0x0000000704e00000, 0x0000000704e00000|100%| O|  |TAMS 0x0000000704c00000| PB 0x0000000704c00000| Untracked 
|  39|0x0000000704e00000, 0x0000000705000000, 0x0000000705000000|100%| O|  |TAMS 0x0000000704e00000| PB 0x0000000704e00000| Untracked 
|  40|0x0000000705000000, 0x0000000705200000, 0x0000000705200000|100%| O|  |TAMS 0x0000000705000000| PB 0x0000000705000000| Untracked 
|  41|0x0000000705200000, 0x0000000705400000, 0x0000000705400000|100%| O|  |TAMS 0x0000000705200000| PB 0x0000000705200000| Untracked 
|  42|0x0000000705400000, 0x0000000705600000, 0x0000000705600000|100%| O|  |TAMS 0x0000000705400000| PB 0x0000000705400000| Untracked 
|  43|0x0000000705600000, 0x0000000705800000, 0x0000000705800000|100%| O|  |TAMS 0x0000000705600000| PB 0x0000000705600000| Untracked 
|  44|0x0000000705800000, 0x0000000705a00000, 0x0000000705a00000|100%| O|  |TAMS 0x0000000705800000| PB 0x0000000705800000| Untracked 
|  45|0x0000000705a00000, 0x0000000705c00000, 0x0000000705c00000|100%| O|  |TAMS 0x0000000705a00000| PB 0x0000000705a00000| Untracked 
|  46|0x0000000705c00000, 0x0000000705e00000, 0x0000000705e00000|100%| O|  |TAMS 0x0000000705c00000| PB 0x0000000705c00000| Untracked 
|  47|0x0000000705e00000, 0x0000000706000000, 0x0000000706000000|100%| O|  |TAMS 0x0000000705e00000| PB 0x0000000705e00000| Untracked 
|  48|0x0000000706000000, 0x0000000706200000, 0x0000000706200000|100%|HS|  |TAMS 0x0000000706000000| PB 0x0000000706000000| Complete 
|  49|0x0000000706200000, 0x0000000706400000, 0x0000000706400000|100%| O|  |TAMS 0x0000000706200000| PB 0x0000000706200000| Untracked 
|  50|0x0000000706400000, 0x0000000706600000, 0x0000000706600000|100%| O|  |TAMS 0x0000000706400000| PB 0x0000000706400000| Untracked 
|  51|0x0000000706600000, 0x0000000706800000, 0x0000000706800000|100%| O|  |TAMS 0x0000000706600000| PB 0x0000000706600000| Untracked 
|  52|0x0000000706800000, 0x0000000706a00000, 0x0000000706a00000|100%| O|  |TAMS 0x0000000706800000| PB 0x0000000706800000| Untracked 
|  53|0x0000000706a00000, 0x0000000706c00000, 0x0000000706c00000|100%| O|  |TAMS 0x0000000706a00000| PB 0x0000000706a00000| Untracked 
|  54|0x0000000706c00000, 0x0000000706e00000, 0x0000000706e00000|100%| O|  |TAMS 0x0000000706c00000| PB 0x0000000706c00000| Untracked 
|  55|0x0000000706e00000, 0x0000000707000000, 0x0000000707000000|100%| O|  |TAMS 0x0000000706e00000| PB 0x0000000706e00000| Untracked 
|  56|0x0000000707000000, 0x0000000707200000, 0x0000000707200000|100%| O|  |TAMS 0x0000000707000000| PB 0x0000000707000000| Untracked 
|  57|0x0000000707200000, 0x0000000707400000, 0x0000000707400000|100%| O|  |TAMS 0x0000000707200000| PB 0x0000000707200000| Untracked 
|  58|0x0000000707400000, 0x0000000707600000, 0x0000000707600000|100%| O|  |TAMS 0x0000000707400000| PB 0x0000000707400000| Untracked 
|  59|0x0000000707600000, 0x0000000707800000, 0x0000000707800000|100%| O|  |TAMS 0x0000000707600000| PB 0x0000000707600000| Untracked 
|  60|0x0000000707800000, 0x0000000707a00000, 0x0000000707a00000|100%| O|  |TAMS 0x0000000707800000| PB 0x0000000707800000| Untracked 
|  61|0x0000000707a00000, 0x0000000707c00000, 0x0000000707c00000|100%| O|  |TAMS 0x0000000707a00000| PB 0x0000000707a00000| Untracked 
|  62|0x0000000707c00000, 0x0000000707e00000, 0x0000000707e00000|100%| O|  |TAMS 0x0000000707c00000| PB 0x0000000707c00000| Untracked 
|  63|0x0000000707e00000, 0x0000000708000000, 0x0000000708000000|100%| O|  |TAMS 0x0000000707e00000| PB 0x0000000707e00000| Untracked 
|  64|0x0000000708000000, 0x0000000708200000, 0x0000000708200000|100%| O|  |TAMS 0x0000000708000000| PB 0x0000000708000000| Untracked 
|  65|0x0000000708200000, 0x0000000708400000, 0x0000000708400000|100%| O|  |TAMS 0x0000000708200000| PB 0x0000000708200000| Untracked 
|  66|0x0000000708400000, 0x0000000708600000, 0x0000000708600000|100%| O|  |TAMS 0x0000000708400000| PB 0x0000000708400000| Untracked 
|  67|0x0000000708600000, 0x0000000708800000, 0x0000000708800000|100%| O|  |TAMS 0x0000000708600000| PB 0x0000000708600000| Untracked 
|  68|0x0000000708800000, 0x0000000708a00000, 0x0000000708a00000|100%| O|  |TAMS 0x0000000708800000| PB 0x0000000708800000| Untracked 
|  69|0x0000000708a00000, 0x0000000708c00000, 0x0000000708c00000|100%| O|  |TAMS 0x0000000708a00000| PB 0x0000000708a00000| Untracked 
|  70|0x0000000708c00000, 0x0000000708e00000, 0x0000000708e00000|100%| O|  |TAMS 0x0000000708c00000| PB 0x0000000708c00000| Untracked 
|  71|0x0000000708e00000, 0x0000000709000000, 0x0000000709000000|100%| O|  |TAMS 0x0000000708e00000| PB 0x0000000708e00000| Untracked 
|  72|0x0000000709000000, 0x0000000709200000, 0x0000000709200000|100%| O|  |TAMS 0x0000000709000000| PB 0x0000000709000000| Untracked 
|  73|0x0000000709200000, 0x0000000709400000, 0x0000000709400000|100%| O|  |TAMS 0x0000000709200000| PB 0x0000000709200000| Untracked 
|  74|0x0000000709400000, 0x0000000709600000, 0x0000000709600000|100%| O|  |TAMS 0x0000000709400000| PB 0x0000000709400000| Untracked 
|  75|0x0000000709600000, 0x0000000709800000, 0x0000000709800000|100%| O|  |TAMS 0x0000000709600000| PB 0x0000000709600000| Untracked 
|  76|0x0000000709800000, 0x0000000709a00000, 0x0000000709a00000|100%| O|  |TAMS 0x0000000709800000| PB 0x0000000709800000| Untracked 
|  77|0x0000000709a00000, 0x0000000709c00000, 0x0000000709c00000|100%| O|  |TAMS 0x0000000709a00000| PB 0x0000000709a00000| Untracked 
|  78|0x0000000709c00000, 0x0000000709e00000, 0x0000000709e00000|100%| O|  |TAMS 0x0000000709c00000| PB 0x0000000709c00000| Untracked 
|  79|0x0000000709e00000, 0x000000070a000000, 0x000000070a000000|100%| O|  |TAMS 0x0000000709e00000| PB 0x0000000709e00000| Untracked 
|  80|0x000000070a000000, 0x000000070a200000, 0x000000070a200000|100%| O|  |TAMS 0x000000070a000000| PB 0x000000070a000000| Untracked 
|  81|0x000000070a200000, 0x000000070a400000, 0x000000070a400000|100%| O|  |TAMS 0x000000070a200000| PB 0x000000070a200000| Untracked 
|  82|0x000000070a400000, 0x000000070a600000, 0x000000070a600000|100%| O|  |TAMS 0x000000070a400000| PB 0x000000070a400000| Untracked 
|  83|0x000000070a600000, 0x000000070a800000, 0x000000070a800000|100%| O|  |TAMS 0x000000070a600000| PB 0x000000070a600000| Untracked 
|  84|0x000000070a800000, 0x000000070aa00000, 0x000000070aa00000|100%| O|  |TAMS 0x000000070a800000| PB 0x000000070a800000| Untracked 
|  85|0x000000070aa00000, 0x000000070ac00000, 0x000000070ac00000|100%| O|  |TAMS 0x000000070aa00000| PB 0x000000070aa00000| Untracked 
|  86|0x000000070ac00000, 0x000000070ae00000, 0x000000070ae00000|100%| O|  |TAMS 0x000000070ac00000| PB 0x000000070ac00000| Untracked 
|  87|0x000000070ae00000, 0x000000070b000000, 0x000000070b000000|100%| O|  |TAMS 0x000000070ae00000| PB 0x000000070ae00000| Untracked 
|  88|0x000000070b000000, 0x000000070b200000, 0x000000070b200000|100%| O|  |TAMS 0x000000070b000000| PB 0x000000070b000000| Untracked 
|  89|0x000000070b200000, 0x000000070b400000, 0x000000070b400000|100%| O|  |TAMS 0x000000070b200000| PB 0x000000070b200000| Untracked 
|  90|0x000000070b400000, 0x000000070b600000, 0x000000070b600000|100%| O|  |TAMS 0x000000070b400000| PB 0x000000070b400000| Untracked 
|  91|0x000000070b600000, 0x000000070b800000, 0x000000070b800000|100%| O|  |TAMS 0x000000070b600000| PB 0x000000070b600000| Untracked 
|  92|0x000000070b800000, 0x000000070ba00000, 0x000000070ba00000|100%| O|  |TAMS 0x000000070b800000| PB 0x000000070b800000| Untracked 
|  93|0x000000070ba00000, 0x000000070bc00000, 0x000000070bc00000|100%| O|  |TAMS 0x000000070ba00000| PB 0x000000070ba00000| Untracked 
|  94|0x000000070bc00000, 0x000000070be00000, 0x000000070be00000|100%| O|  |TAMS 0x000000070bc00000| PB 0x000000070bc00000| Untracked 
|  95|0x000000070be00000, 0x000000070c000000, 0x000000070c000000|100%| O|  |TAMS 0x000000070be00000| PB 0x000000070be00000| Untracked 
|  96|0x000000070c000000, 0x000000070c200000, 0x000000070c200000|100%| O|  |TAMS 0x000000070c000000| PB 0x000000070c000000| Untracked 
|  97|0x000000070c200000, 0x000000070c200000, 0x000000070c400000|  0%| F|  |TAMS 0x000000070c200000| PB 0x000000070c200000| Untracked 
|  98|0x000000070c400000, 0x000000070c600000, 0x000000070c600000|100%| O|  |TAMS 0x000000070c400000| PB 0x000000070c400000| Untracked 
|  99|0x000000070c600000, 0x000000070c800000, 0x000000070c800000|100%| O|  |TAMS 0x000000070c600000| PB 0x000000070c600000| Untracked 
| 100|0x000000070c800000, 0x000000070ca00000, 0x000000070ca00000|100%| O|  |TAMS 0x000000070c800000| PB 0x000000070c800000| Untracked 
| 101|0x000000070ca00000, 0x000000070cc00000, 0x000000070cc00000|100%| O|  |TAMS 0x000000070ca00000| PB 0x000000070ca00000| Untracked 
| 102|0x000000070cc00000, 0x000000070ce00000, 0x000000070ce00000|100%| O|  |TAMS 0x000000070cc00000| PB 0x000000070cc00000| Untracked 
| 103|0x000000070ce00000, 0x000000070d000000, 0x000000070d000000|100%| O|  |TAMS 0x000000070ce00000| PB 0x000000070ce00000| Untracked 
| 104|0x000000070d000000, 0x000000070d200000, 0x000000070d200000|100%| O|  |TAMS 0x000000070d000000| PB 0x000000070d000000| Untracked 
| 105|0x000000070d200000, 0x000000070d400000, 0x000000070d400000|100%| O|  |TAMS 0x000000070d200000| PB 0x000000070d200000| Untracked 
| 106|0x000000070d400000, 0x000000070d600000, 0x000000070d600000|100%| O|  |TAMS 0x000000070d400000| PB 0x000000070d400000| Untracked 
| 107|0x000000070d600000, 0x000000070d800000, 0x000000070d800000|100%| O|  |TAMS 0x000000070d600000| PB 0x000000070d600000| Untracked 
| 108|0x000000070d800000, 0x000000070d800000, 0x000000070da00000|  0%| F|  |TAMS 0x000000070d800000| PB 0x000000070d800000| Untracked 
| 109|0x000000070da00000, 0x000000070dc00000, 0x000000070dc00000|100%| O|  |TAMS 0x000000070da00000| PB 0x000000070da00000| Untracked 
| 110|0x000000070dc00000, 0x000000070de00000, 0x000000070de00000|100%| O|  |TAMS 0x000000070dc00000| PB 0x000000070dc00000| Untracked 
| 111|0x000000070de00000, 0x000000070de00000, 0x000000070e000000|  0%| F|  |TAMS 0x000000070de00000| PB 0x000000070de00000| Untracked 
| 112|0x000000070e000000, 0x000000070e200000, 0x000000070e200000|100%| O|  |TAMS 0x000000070e000000| PB 0x000000070e000000| Untracked 
| 113|0x000000070e200000, 0x000000070e400000, 0x000000070e400000|100%| O|  |TAMS 0x000000070e200000| PB 0x000000070e200000| Untracked 
| 114|0x000000070e400000, 0x000000070e600000, 0x000000070e600000|100%| O|  |TAMS 0x000000070e400000| PB 0x000000070e400000| Untracked 
| 115|0x000000070e600000, 0x000000070e800000, 0x000000070e800000|100%| O|  |TAMS 0x000000070e600000| PB 0x000000070e600000| Untracked 
| 116|0x000000070e800000, 0x000000070ea00000, 0x000000070ea00000|100%| O|  |TAMS 0x000000070e800000| PB 0x000000070e800000| Untracked 
| 117|0x000000070ea00000, 0x000000070ec00000, 0x000000070ec00000|100%| O|  |TAMS 0x000000070ea00000| PB 0x000000070ea00000| Untracked 
| 118|0x000000070ec00000, 0x000000070ee00000, 0x000000070ee00000|100%| O|  |TAMS 0x000000070ec00000| PB 0x000000070ec00000| Untracked 
| 119|0x000000070ee00000, 0x000000070f000000, 0x000000070f000000|100%| O|  |TAMS 0x000000070ee00000| PB 0x000000070ee00000| Untracked 
| 120|0x000000070f000000, 0x000000070f200000, 0x000000070f200000|100%| O|  |TAMS 0x000000070f000000| PB 0x000000070f000000| Untracked 
| 121|0x000000070f200000, 0x000000070f400000, 0x000000070f400000|100%| O|  |TAMS 0x000000070f200000| PB 0x000000070f200000| Untracked 
| 122|0x000000070f400000, 0x000000070f400000, 0x000000070f600000|  0%| F|  |TAMS 0x000000070f400000| PB 0x000000070f400000| Untracked 
| 123|0x000000070f600000, 0x000000070f800000, 0x000000070f800000|100%| O|  |TAMS 0x000000070f600000| PB 0x000000070f600000| Untracked 
| 124|0x000000070f800000, 0x000000070fa00000, 0x000000070fa00000|100%| O|  |TAMS 0x000000070f800000| PB 0x000000070f800000| Untracked 
| 125|0x000000070fa00000, 0x000000070fb29290, 0x000000070fc00000| 58%| O|  |TAMS 0x000000070fa00000| PB 0x000000070fa00000| Untracked 
| 126|0x000000070fc00000, 0x000000070fc00000, 0x000000070fe00000|  0%| F|  |TAMS 0x000000070fc00000| PB 0x000000070fc00000| Untracked 
| 127|0x000000070fe00000, 0x000000070fe00000, 0x0000000710000000|  0%| F|  |TAMS 0x000000070fe00000| PB 0x000000070fe00000| Untracked 
| 128|0x0000000710000000, 0x0000000710000000, 0x0000000710200000|  0%| F|  |TAMS 0x0000000710000000| PB 0x0000000710000000| Untracked 
| 129|0x0000000710200000, 0x0000000710200000, 0x0000000710400000|  0%| F|  |TAMS 0x0000000710200000| PB 0x0000000710200000| Untracked 
| 130|0x0000000710400000, 0x0000000710400000, 0x0000000710600000|  0%| F|  |TAMS 0x0000000710400000| PB 0x0000000710400000| Untracked 
| 131|0x0000000710600000, 0x0000000710600000, 0x0000000710800000|  0%| F|  |TAMS 0x0000000710600000| PB 0x0000000710600000| Untracked 
| 132|0x0000000710800000, 0x0000000710800000, 0x0000000710a00000|  0%| F|  |TAMS 0x0000000710800000| PB 0x0000000710800000| Untracked 
| 133|0x0000000710a00000, 0x0000000710a00000, 0x0000000710c00000|  0%| F|  |TAMS 0x0000000710a00000| PB 0x0000000710a00000| Untracked 
| 134|0x0000000710c00000, 0x0000000710c00000, 0x0000000710e00000|  0%| F|  |TAMS 0x0000000710c00000| PB 0x0000000710c00000| Untracked 
| 135|0x0000000710e00000, 0x0000000710fd6c10, 0x0000000711000000| 91%| S|CS|TAMS 0x0000000710e00000| PB 0x0000000710e00000| Complete 
| 136|0x0000000711000000, 0x0000000711200000, 0x0000000711200000|100%| S|CS|TAMS 0x0000000711000000| PB 0x0000000711000000| Complete 
| 137|0x0000000711200000, 0x0000000711400000, 0x0000000711400000|100%| S|CS|TAMS 0x0000000711200000| PB 0x0000000711200000| Complete 
| 138|0x0000000711400000, 0x0000000711600000, 0x0000000711600000|100%| S|CS|TAMS 0x0000000711400000| PB 0x0000000711400000| Complete 
| 139|0x0000000711600000, 0x0000000711800000, 0x0000000711800000|100%| S|CS|TAMS 0x0000000711600000| PB 0x0000000711600000| Complete 
| 140|0x0000000711800000, 0x0000000711a00000, 0x0000000711a00000|100%| S|CS|TAMS 0x0000000711800000| PB 0x0000000711800000| Complete 
| 141|0x0000000711a00000, 0x0000000711a00000, 0x0000000711c00000|  0%| F|  |TAMS 0x0000000711a00000| PB 0x0000000711a00000| Untracked 
| 142|0x0000000711c00000, 0x0000000711c00000, 0x0000000711e00000|  0%| F|  |TAMS 0x0000000711c00000| PB 0x0000000711c00000| Untracked 
| 143|0x0000000711e00000, 0x0000000711e00000, 0x0000000712000000|  0%| F|  |TAMS 0x0000000711e00000| PB 0x0000000711e00000| Untracked 
| 144|0x0000000712000000, 0x0000000712000000, 0x0000000712200000|  0%| F|  |TAMS 0x0000000712000000| PB 0x0000000712000000| Untracked 
| 145|0x0000000712200000, 0x0000000712200000, 0x0000000712400000|  0%| F|  |TAMS 0x0000000712200000| PB 0x0000000712200000| Untracked 
| 146|0x0000000712400000, 0x0000000712400000, 0x0000000712600000|  0%| F|  |TAMS 0x0000000712400000| PB 0x0000000712400000| Untracked 
| 147|0x0000000712600000, 0x0000000712600000, 0x0000000712800000|  0%| F|  |TAMS 0x0000000712600000| PB 0x0000000712600000| Untracked 
| 148|0x0000000712800000, 0x0000000712800000, 0x0000000712a00000|  0%| F|  |TAMS 0x0000000712800000| PB 0x0000000712800000| Untracked 
| 149|0x0000000712a00000, 0x0000000712a00000, 0x0000000712c00000|  0%| F|  |TAMS 0x0000000712a00000| PB 0x0000000712a00000| Untracked 
| 150|0x0000000712c00000, 0x0000000712c00000, 0x0000000712e00000|  0%| F|  |TAMS 0x0000000712c00000| PB 0x0000000712c00000| Untracked 
| 151|0x0000000712e00000, 0x0000000712e00000, 0x0000000713000000|  0%| F|  |TAMS 0x0000000712e00000| PB 0x0000000712e00000| Untracked 
| 152|0x0000000713000000, 0x0000000713000000, 0x0000000713200000|  0%| F|  |TAMS 0x0000000713000000| PB 0x0000000713000000| Untracked 
| 153|0x0000000713200000, 0x0000000713200000, 0x0000000713400000|  0%| F|  |TAMS 0x0000000713200000| PB 0x0000000713200000| Untracked 
| 154|0x0000000713400000, 0x0000000713400000, 0x0000000713600000|  0%| F|  |TAMS 0x0000000713400000| PB 0x0000000713400000| Untracked 
| 155|0x0000000713600000, 0x0000000713600000, 0x0000000713800000|  0%| F|  |TAMS 0x0000000713600000| PB 0x0000000713600000| Untracked 
| 156|0x0000000713800000, 0x0000000713800000, 0x0000000713a00000|  0%| F|  |TAMS 0x0000000713800000| PB 0x0000000713800000| Untracked 
| 157|0x0000000713a00000, 0x0000000713a00000, 0x0000000713c00000|  0%| F|  |TAMS 0x0000000713a00000| PB 0x0000000713a00000| Untracked 
| 158|0x0000000713c00000, 0x0000000713c00000, 0x0000000713e00000|  0%| F|  |TAMS 0x0000000713c00000| PB 0x0000000713c00000| Untracked 
| 159|0x0000000713e00000, 0x0000000713e00000, 0x0000000714000000|  0%| F|  |TAMS 0x0000000713e00000| PB 0x0000000713e00000| Untracked 
| 160|0x0000000714000000, 0x0000000714000000, 0x0000000714200000|  0%| F|  |TAMS 0x0000000714000000| PB 0x0000000714000000| Untracked 
| 161|0x0000000714200000, 0x0000000714200000, 0x0000000714400000|  0%| F|  |TAMS 0x0000000714200000| PB 0x0000000714200000| Untracked 
| 162|0x0000000714400000, 0x0000000714400000, 0x0000000714600000|  0%| F|  |TAMS 0x0000000714400000| PB 0x0000000714400000| Untracked 
| 163|0x0000000714600000, 0x0000000714600000, 0x0000000714800000|  0%| F|  |TAMS 0x0000000714600000| PB 0x0000000714600000| Untracked 
| 164|0x0000000714800000, 0x0000000714800000, 0x0000000714a00000|  0%| F|  |TAMS 0x0000000714800000| PB 0x0000000714800000| Untracked 
| 165|0x0000000714a00000, 0x0000000714a00000, 0x0000000714c00000|  0%| F|  |TAMS 0x0000000714a00000| PB 0x0000000714a00000| Untracked 
| 166|0x0000000714c00000, 0x0000000714c00000, 0x0000000714e00000|  0%| F|  |TAMS 0x0000000714c00000| PB 0x0000000714c00000| Untracked 
| 167|0x0000000714e00000, 0x0000000714e00000, 0x0000000715000000|  0%| F|  |TAMS 0x0000000714e00000| PB 0x0000000714e00000| Untracked 
| 168|0x0000000715000000, 0x0000000715000000, 0x0000000715200000|  0%| F|  |TAMS 0x0000000715000000| PB 0x0000000715000000| Untracked 
| 169|0x0000000715200000, 0x0000000715200000, 0x0000000715400000|  0%| F|  |TAMS 0x0000000715200000| PB 0x0000000715200000| Untracked 
| 170|0x0000000715400000, 0x0000000715400000, 0x0000000715600000|  0%| F|  |TAMS 0x0000000715400000| PB 0x0000000715400000| Untracked 
| 171|0x0000000715600000, 0x0000000715600000, 0x0000000715800000|  0%| F|  |TAMS 0x0000000715600000| PB 0x0000000715600000| Untracked 
| 172|0x0000000715800000, 0x0000000715800000, 0x0000000715a00000|  0%| F|  |TAMS 0x0000000715800000| PB 0x0000000715800000| Untracked 
| 173|0x0000000715a00000, 0x0000000715a00000, 0x0000000715c00000|  0%| F|  |TAMS 0x0000000715a00000| PB 0x0000000715a00000| Untracked 
| 174|0x0000000715c00000, 0x0000000715c00000, 0x0000000715e00000|  0%| F|  |TAMS 0x0000000715c00000| PB 0x0000000715c00000| Untracked 
| 175|0x0000000715e00000, 0x0000000715e00000, 0x0000000716000000|  0%| F|  |TAMS 0x0000000715e00000| PB 0x0000000715e00000| Untracked 
| 176|0x0000000716000000, 0x0000000716000000, 0x0000000716200000|  0%| F|  |TAMS 0x0000000716000000| PB 0x0000000716000000| Untracked 
| 177|0x0000000716200000, 0x0000000716200000, 0x0000000716400000|  0%| F|  |TAMS 0x0000000716200000| PB 0x0000000716200000| Untracked 
| 178|0x0000000716400000, 0x0000000716400000, 0x0000000716600000|  0%| F|  |TAMS 0x0000000716400000| PB 0x0000000716400000| Untracked 
| 179|0x0000000716600000, 0x0000000716600000, 0x0000000716800000|  0%| F|  |TAMS 0x0000000716600000| PB 0x0000000716600000| Untracked 
| 180|0x0000000716800000, 0x0000000716800000, 0x0000000716a00000|  0%| F|  |TAMS 0x0000000716800000| PB 0x0000000716800000| Untracked 
| 181|0x0000000716a00000, 0x0000000716a00000, 0x0000000716c00000|  0%| F|  |TAMS 0x0000000716a00000| PB 0x0000000716a00000| Untracked 
| 182|0x0000000716c00000, 0x0000000716c00000, 0x0000000716e00000|  0%| F|  |TAMS 0x0000000716c00000| PB 0x0000000716c00000| Untracked 
| 183|0x0000000716e00000, 0x0000000716e00000, 0x0000000717000000|  0%| F|  |TAMS 0x0000000716e00000| PB 0x0000000716e00000| Untracked 
| 184|0x0000000717000000, 0x0000000717000000, 0x0000000717200000|  0%| F|  |TAMS 0x0000000717000000| PB 0x0000000717000000| Untracked 
| 185|0x0000000717200000, 0x0000000717200000, 0x0000000717400000|  0%| F|  |TAMS 0x0000000717200000| PB 0x0000000717200000| Untracked 
| 186|0x0000000717400000, 0x0000000717400000, 0x0000000717600000|  0%| F|  |TAMS 0x0000000717400000| PB 0x0000000717400000| Untracked 
| 187|0x0000000717600000, 0x0000000717600000, 0x0000000717800000|  0%| F|  |TAMS 0x0000000717600000| PB 0x0000000717600000| Untracked 
| 188|0x0000000717800000, 0x0000000717800000, 0x0000000717a00000|  0%| F|  |TAMS 0x0000000717800000| PB 0x0000000717800000| Untracked 
| 189|0x0000000717a00000, 0x0000000717a00000, 0x0000000717c00000|  0%| F|  |TAMS 0x0000000717a00000| PB 0x0000000717a00000| Untracked 
| 190|0x0000000717c00000, 0x0000000717c00000, 0x0000000717e00000|  0%| F|  |TAMS 0x0000000717c00000| PB 0x0000000717c00000| Untracked 
| 191|0x0000000717e00000, 0x0000000717e00000, 0x0000000718000000|  0%| F|  |TAMS 0x0000000717e00000| PB 0x0000000717e00000| Untracked 
| 192|0x0000000718000000, 0x0000000718000000, 0x0000000718200000|  0%| F|  |TAMS 0x0000000718000000| PB 0x0000000718000000| Untracked 
| 193|0x0000000718200000, 0x0000000718200000, 0x0000000718400000|  0%| F|  |TAMS 0x0000000718200000| PB 0x0000000718200000| Untracked 
| 194|0x0000000718400000, 0x0000000718400000, 0x0000000718600000|  0%| F|  |TAMS 0x0000000718400000| PB 0x0000000718400000| Untracked 
| 195|0x0000000718600000, 0x0000000718600000, 0x0000000718800000|  0%| F|  |TAMS 0x0000000718600000| PB 0x0000000718600000| Untracked 
| 196|0x0000000718800000, 0x0000000718800000, 0x0000000718a00000|  0%| F|  |TAMS 0x0000000718800000| PB 0x0000000718800000| Untracked 
| 197|0x0000000718a00000, 0x0000000718a00000, 0x0000000718c00000|  0%| F|  |TAMS 0x0000000718a00000| PB 0x0000000718a00000| Untracked 
| 198|0x0000000718c00000, 0x0000000718c00000, 0x0000000718e00000|  0%| F|  |TAMS 0x0000000718c00000| PB 0x0000000718c00000| Untracked 
| 199|0x0000000718e00000, 0x0000000718e00000, 0x0000000719000000|  0%| F|  |TAMS 0x0000000718e00000| PB 0x0000000718e00000| Untracked 
| 200|0x0000000719000000, 0x0000000719000000, 0x0000000719200000|  0%| F|  |TAMS 0x0000000719000000| PB 0x0000000719000000| Untracked 
| 201|0x0000000719200000, 0x0000000719200000, 0x0000000719400000|  0%| F|  |TAMS 0x0000000719200000| PB 0x0000000719200000| Untracked 
| 202|0x0000000719400000, 0x0000000719400000, 0x0000000719600000|  0%| F|  |TAMS 0x0000000719400000| PB 0x0000000719400000| Untracked 
| 203|0x0000000719600000, 0x0000000719600000, 0x0000000719800000|  0%| F|  |TAMS 0x0000000719600000| PB 0x0000000719600000| Untracked 
| 204|0x0000000719800000, 0x0000000719800000, 0x0000000719a00000|  0%| F|  |TAMS 0x0000000719800000| PB 0x0000000719800000| Untracked 
| 205|0x0000000719a00000, 0x0000000719a00000, 0x0000000719c00000|  0%| F|  |TAMS 0x0000000719a00000| PB 0x0000000719a00000| Untracked 
| 206|0x0000000719c00000, 0x0000000719c00000, 0x0000000719e00000|  0%| F|  |TAMS 0x0000000719c00000| PB 0x0000000719c00000| Untracked 
| 207|0x0000000719e00000, 0x0000000719e00000, 0x000000071a000000|  0%| F|  |TAMS 0x0000000719e00000| PB 0x0000000719e00000| Untracked 
| 208|0x000000071a000000, 0x000000071a000000, 0x000000071a200000|  0%| F|  |TAMS 0x000000071a000000| PB 0x000000071a000000| Untracked 
| 209|0x000000071a200000, 0x000000071a200000, 0x000000071a400000|  0%| F|  |TAMS 0x000000071a200000| PB 0x000000071a200000| Untracked 
| 210|0x000000071a400000, 0x000000071a400000, 0x000000071a600000|  0%| F|  |TAMS 0x000000071a400000| PB 0x000000071a400000| Untracked 
| 211|0x000000071a600000, 0x000000071a600000, 0x000000071a800000|  0%| F|  |TAMS 0x000000071a600000| PB 0x000000071a600000| Untracked 
| 212|0x000000071a800000, 0x000000071a800000, 0x000000071aa00000|  0%| F|  |TAMS 0x000000071a800000| PB 0x000000071a800000| Untracked 
| 213|0x000000071aa00000, 0x000000071aa00000, 0x000000071ac00000|  0%| F|  |TAMS 0x000000071aa00000| PB 0x000000071aa00000| Untracked 
| 214|0x000000071ac00000, 0x000000071ac00000, 0x000000071ae00000|  0%| F|  |TAMS 0x000000071ac00000| PB 0x000000071ac00000| Untracked 
| 215|0x000000071ae00000, 0x000000071ae00000, 0x000000071b000000|  0%| F|  |TAMS 0x000000071ae00000| PB 0x000000071ae00000| Untracked 
| 216|0x000000071b000000, 0x000000071b000000, 0x000000071b200000|  0%| F|  |TAMS 0x000000071b000000| PB 0x000000071b000000| Untracked 
| 217|0x000000071b200000, 0x000000071b200000, 0x000000071b400000|  0%| F|  |TAMS 0x000000071b200000| PB 0x000000071b200000| Untracked 
| 218|0x000000071b400000, 0x000000071b400000, 0x000000071b600000|  0%| F|  |TAMS 0x000000071b400000| PB 0x000000071b400000| Untracked 
| 219|0x000000071b600000, 0x000000071b600000, 0x000000071b800000|  0%| F|  |TAMS 0x000000071b600000| PB 0x000000071b600000| Untracked 
| 220|0x000000071b800000, 0x000000071b800000, 0x000000071ba00000|  0%| F|  |TAMS 0x000000071b800000| PB 0x000000071b800000| Untracked 
| 221|0x000000071ba00000, 0x000000071ba00000, 0x000000071bc00000|  0%| F|  |TAMS 0x000000071ba00000| PB 0x000000071ba00000| Untracked 
| 222|0x000000071bc00000, 0x000000071bc00000, 0x000000071be00000|  0%| F|  |TAMS 0x000000071bc00000| PB 0x000000071bc00000| Untracked 
| 223|0x000000071be00000, 0x000000071be00000, 0x000000071c000000|  0%| F|  |TAMS 0x000000071be00000| PB 0x000000071be00000| Untracked 
| 224|0x000000071c000000, 0x000000071c000000, 0x000000071c200000|  0%| F|  |TAMS 0x000000071c000000| PB 0x000000071c000000| Untracked 
| 225|0x000000071c200000, 0x000000071c200000, 0x000000071c400000|  0%| F|  |TAMS 0x000000071c200000| PB 0x000000071c200000| Untracked 
| 226|0x000000071c400000, 0x000000071c400000, 0x000000071c600000|  0%| F|  |TAMS 0x000000071c400000| PB 0x000000071c400000| Untracked 
| 227|0x000000071c600000, 0x000000071c600000, 0x000000071c800000|  0%| F|  |TAMS 0x000000071c600000| PB 0x000000071c600000| Untracked 
| 228|0x000000071c800000, 0x000000071c800000, 0x000000071ca00000|  0%| F|  |TAMS 0x000000071c800000| PB 0x000000071c800000| Untracked 
| 229|0x000000071ca00000, 0x000000071ca00000, 0x000000071cc00000|  0%| F|  |TAMS 0x000000071ca00000| PB 0x000000071ca00000| Untracked 
| 230|0x000000071cc00000, 0x000000071cc00000, 0x000000071ce00000|  0%| F|  |TAMS 0x000000071cc00000| PB 0x000000071cc00000| Untracked 
| 231|0x000000071ce00000, 0x000000071ce00000, 0x000000071d000000|  0%| F|  |TAMS 0x000000071ce00000| PB 0x000000071ce00000| Untracked 
| 232|0x000000071d000000, 0x000000071d000000, 0x000000071d200000|  0%| F|  |TAMS 0x000000071d000000| PB 0x000000071d000000| Untracked 
| 233|0x000000071d200000, 0x000000071d200000, 0x000000071d400000|  0%| F|  |TAMS 0x000000071d200000| PB 0x000000071d200000| Untracked 
| 234|0x000000071d400000, 0x000000071d400000, 0x000000071d600000|  0%| F|  |TAMS 0x000000071d400000| PB 0x000000071d400000| Untracked 
| 235|0x000000071d600000, 0x000000071d600000, 0x000000071d800000|  0%| F|  |TAMS 0x000000071d600000| PB 0x000000071d600000| Untracked 
| 236|0x000000071d800000, 0x000000071d800000, 0x000000071da00000|  0%| F|  |TAMS 0x000000071d800000| PB 0x000000071d800000| Untracked 
| 237|0x000000071da00000, 0x000000071da00000, 0x000000071dc00000|  0%| F|  |TAMS 0x000000071da00000| PB 0x000000071da00000| Untracked 
| 238|0x000000071dc00000, 0x000000071dc00000, 0x000000071de00000|  0%| F|  |TAMS 0x000000071dc00000| PB 0x000000071dc00000| Untracked 
| 239|0x000000071de00000, 0x000000071de00000, 0x000000071e000000|  0%| F|  |TAMS 0x000000071de00000| PB 0x000000071de00000| Untracked 
| 240|0x000000071e000000, 0x000000071e000000, 0x000000071e200000|  0%| F|  |TAMS 0x000000071e000000| PB 0x000000071e000000| Untracked 
| 241|0x000000071e200000, 0x000000071e200000, 0x000000071e400000|  0%| F|  |TAMS 0x000000071e200000| PB 0x000000071e200000| Untracked 
| 242|0x000000071e400000, 0x000000071e400000, 0x000000071e600000|  0%| F|  |TAMS 0x000000071e400000| PB 0x000000071e400000| Untracked 
| 243|0x000000071e600000, 0x000000071e600000, 0x000000071e800000|  0%| F|  |TAMS 0x000000071e600000| PB 0x000000071e600000| Untracked 
| 244|0x000000071e800000, 0x000000071e800000, 0x000000071ea00000|  0%| F|  |TAMS 0x000000071e800000| PB 0x000000071e800000| Untracked 
| 245|0x000000071ea00000, 0x000000071ea00000, 0x000000071ec00000|  0%| F|  |TAMS 0x000000071ea00000| PB 0x000000071ea00000| Untracked 
| 246|0x000000071ec00000, 0x000000071ec00000, 0x000000071ee00000|  0%| F|  |TAMS 0x000000071ec00000| PB 0x000000071ec00000| Untracked 
| 247|0x000000071ee00000, 0x000000071ee00000, 0x000000071f000000|  0%| F|  |TAMS 0x000000071ee00000| PB 0x000000071ee00000| Untracked 
| 248|0x000000071f000000, 0x000000071f000000, 0x000000071f200000|  0%| F|  |TAMS 0x000000071f000000| PB 0x000000071f000000| Untracked 
| 249|0x000000071f200000, 0x000000071f200000, 0x000000071f400000|  0%| F|  |TAMS 0x000000071f200000| PB 0x000000071f200000| Untracked 

Card table byte_map: [0x000001fb78b00000,0x000001fb79300000] _byte_map_base: 0x000001fb75300000

Marking Bits: (CMBitMap*) 0x000001fb6f60ecc0
 Bits: [0x000001fb79300000, 0x000001fb7d300000)

Polling page: 0x000001fb6d2e0000

Metaspace:

Usage:
  Non-class:    112.95 MB used.
      Class:     18.01 MB used.
       Both:    130.96 MB used.

Virtual space:
  Non-class space:      128.00 MB reserved,     114.25 MB ( 89%) committed,  2 nodes.
      Class space:        1.00 GB reserved,      19.38 MB (  2%) committed,  1 nodes.
             Both:        1.12 GB reserved,     133.62 MB ( 12%) committed. 

Chunk freelists:
   Non-Class:  13.19 MB
       Class:  12.66 MB
        Both:  25.84 MB

MaxMetaspaceSize: unlimited
CompressedClassSpaceSize: 1.00 GB
Initial GC threshold: 21.00 MB
Current GC threshold: 222.62 MB
CDS: on
 - commit_granule_bytes: 65536.
 - commit_granule_words: 8192.
 - virtual_space_node_default_size: 8388608.
 - enlarge_chunks_in_place: 1.
 - use_allocation_guard: 0.


Internal statistics:

num_allocs_failed_limit: 9.
num_arena_births: 4764.
num_arena_deaths: 4.
num_vsnodes_births: 3.
num_vsnodes_deaths: 0.
num_space_committed: 2138.
num_space_uncommitted: 0.
num_chunks_returned_to_freelist: 15.
num_chunks_taken_from_freelist: 11171.
num_chunk_merges: 10.
num_chunk_splits: 7269.
num_chunks_enlarged: 4601.
num_inconsistent_stats: 0.

CodeHeap 'non-profiled nmethods': size=120000Kb used=12862Kb max_used=12985Kb free=107138Kb
 bounds [0x000001fb07ad0000, 0x000001fb08780000, 0x000001fb0f000000]
CodeHeap 'profiled nmethods': size=120000Kb used=33761Kb max_used=34452Kb free=86239Kb
 bounds [0x000001fb00000000, 0x000001fb021b0000, 0x000001fb07530000]
CodeHeap 'non-nmethods': size=5760Kb used=3283Kb max_used=3347Kb free=2476Kb
 bounds [0x000001fb07530000, 0x000001fb07880000, 0x000001fb07ad0000]
 total_blobs=18928 nmethods=17873 adapters=958
 compilation: enabled
              stopped_count=0, restarted_count=0
 full_count=0

Compilation events (20 events):
Event: 17.686 Thread 0x000001fb7ff9e180 nmethod 21592 0x000001fb00ab8210 code [0x000001fb00ab83c0, 0x000001fb00ab85f0]
Event: 17.686 Thread 0x000001fb7ff9e180 21593       2       java.util.concurrent.ThreadPoolExecutor::execute (132 bytes)
Event: 17.686 Thread 0x000001fb7ff9e180 nmethod 21593 0x000001fb006bd610 code [0x000001fb006bd860, 0x000001fb006bdd88]
Event: 17.689 Thread 0x000001fb7ff94880 nmethod 21566 0x000001fb07f22b10 code [0x000001fb07f22e60, 0x000001fb07f23810]
Event: 17.689 Thread 0x000001fb7ff94880 21543       4       java.util.Collections::binarySearch (43 bytes)
Event: 17.690 Thread 0x000001fb7ff9e180 21594       2       org.gradle.internal.properties.annotations.AbstractTypeMetadataWalker$InstanceTypeMetadataWalker$$Lambda/0x000001fb10c496a8::<init> (10 bytes)
Event: 17.691 Thread 0x000001fb7ff9e180 nmethod 21594 0x000001fb01e2d690 code [0x000001fb01e2d820, 0x000001fb01e2d978]
Event: 17.691 Thread 0x000001fb7ff9e180 21595       2       org.gradle.internal.properties.annotations.AbstractTypeMetadataWalker$InstanceTypeMetadataWalker::lambda$walkNestedProvider$0 (10 bytes)
Event: 17.691 Thread 0x000001fb7ff9e180 nmethod 21595 0x000001fb00cab290 code [0x000001fb00cab460, 0x000001fb00cab640]
Event: 17.702 Thread 0x000001fb7ff9e180 21596       2       org.gradle.internal.operations.DefaultBuildOperationQueue$WorkerRunnable$$Lambda/0x000001fb10950458::create (12 bytes)
Event: 17.702 Thread 0x000001fb7ff9e180 nmethod 21596 0x000001fb00fbd110 code [0x000001fb00fbd2c0, 0x000001fb00fbd3f8]
Event: 17.702 Thread 0x000001fb7ff9e180 21597       2       org.gradle.internal.operations.DefaultBuildOperationQueue$WorkerRunnable::lambda$runBatch$1 (42 bytes)
Event: 17.702 Thread 0x000001fb7ff9e180 nmethod 21597 0x000001fb00f15210 code [0x000001fb00f15420, 0x000001fb00f158c0]
Event: 17.702 Thread 0x000001fb7ff9e180 21598       2       org.gradle.internal.operations.DefaultBuildOperationQueue$WorkerRunnable$$Lambda/0x000001fb10951f90::<init> (15 bytes)
Event: 17.702 Thread 0x000001fb7ff9e180 nmethod 21598 0x000001fb00fbf890 code [0x000001fb00fbfa40, 0x000001fb00fbfc10]
Event: 17.702 Thread 0x000001fb7ff9e180 21599       2       org.gradle.internal.operations.DefaultBuildOperationQueue$WorkerRunnable$$Lambda/0x000001fb10951f90::create (12 bytes)
Event: 17.702 Thread 0x000001fb7ff9e180 nmethod 21599 0x000001fb01967c90 code [0x000001fb01967e40, 0x000001fb01967f98]
Event: 17.702 Thread 0x000001fb7ff9e180 21600       2       org.gradle.internal.operations.DefaultBuildOperationQueue$WorkerRunnable::lambda$runBatch$0 (9 bytes)
Event: 17.703 Thread 0x000001fb7ff9e180 nmethod 21600 0x000001fb00b48d10 code [0x000001fb00b48ec0, 0x000001fb00b49098]
Event: 17.709 Thread 0x000001fb7ff9e180 21601       2       org.gradle.api.internal.provider.ValueSupplier$ExecutionTimeValue::value (32 bytes)

GC Heap History (20 events):
Event: 14.914 GC heap after
{Heap after GC invocations=49 (full 0):
 garbage-first heap   total 301056K, used 179083K [0x0000000700000000, 0x0000000800000000)
  region size 2048K, 5 young (10240K), 5 survivors (10240K)
 Metaspace       used 124652K, committed 127232K, reserved 1179648K
  class space    used 17360K, committed 18688K, reserved 1048576K
}
Event: 15.233 GC heap before
{Heap before GC invocations=49 (full 0):
 garbage-first heap   total 301056K, used 271243K [0x0000000700000000, 0x0000000800000000)
  region size 2048K, 50 young (102400K), 5 survivors (10240K)
 Metaspace       used 124978K, committed 127616K, reserved 1179648K
  class space    used 17386K, committed 18752K, reserved 1048576K
}
Event: 15.238 GC heap after
{Heap after GC invocations=50 (full 0):
 garbage-first heap   total 301056K, used 184315K [0x0000000700000000, 0x0000000800000000)
  region size 2048K, 6 young (12288K), 6 survivors (12288K)
 Metaspace       used 124978K, committed 127616K, reserved 1179648K
  class space    used 17386K, committed 18752K, reserved 1048576K
}
Event: 15.595 GC heap before
{Heap before GC invocations=50 (full 0):
 garbage-first heap   total 301056K, used 270331K [0x0000000700000000, 0x0000000800000000)
  region size 2048K, 48 young (98304K), 6 survivors (12288K)
 Metaspace       used 125649K, committed 128256K, reserved 1179648K
  class space    used 17486K, committed 18816K, reserved 1048576K
}
Event: 15.600 GC heap after
{Heap after GC invocations=51 (full 0):
 garbage-first heap   total 301056K, used 194997K [0x0000000700000000, 0x0000000800000000)
  region size 2048K, 6 young (12288K), 6 survivors (12288K)
 Metaspace       used 125649K, committed 128256K, reserved 1179648K
  class space    used 17486K, committed 18816K, reserved 1048576K
}
Event: 15.896 GC heap before
{Heap before GC invocations=52 (full 0):
 garbage-first heap   total 327680K, used 270773K [0x0000000700000000, 0x0000000800000000)
  region size 2048K, 43 young (88064K), 6 survivors (12288K)
 Metaspace       used 125852K, committed 128576K, reserved 1179648K
  class space    used 17507K, committed 18880K, reserved 1048576K
}
Event: 15.901 GC heap after
{Heap after GC invocations=53 (full 0):
 garbage-first heap   total 327680K, used 203361K [0x0000000700000000, 0x0000000800000000)
  region size 2048K, 6 young (12288K), 6 survivors (12288K)
 Metaspace       used 125852K, committed 128576K, reserved 1179648K
  class space    used 17507K, committed 18880K, reserved 1048576K
}
Event: 16.312 GC heap before
{Heap before GC invocations=53 (full 0):
 garbage-first heap   total 327680K, used 291425K [0x0000000700000000, 0x0000000800000000)
  region size 2048K, 49 young (100352K), 6 survivors (12288K)
 Metaspace       used 129191K, committed 131840K, reserved 1179648K
  class space    used 17934K, committed 19264K, reserved 1048576K
}
Event: 16.319 GC heap after
{Heap after GC invocations=54 (full 0):
 garbage-first heap   total 393216K, used 214083K [0x0000000700000000, 0x0000000800000000)
  region size 2048K, 7 young (14336K), 7 survivors (14336K)
 Metaspace       used 129191K, committed 131840K, reserved 1179648K
  class space    used 17934K, committed 19264K, reserved 1048576K
}
Event: 16.886 GC heap before
{Heap before GC invocations=54 (full 0):
 garbage-first heap   total 393216K, used 343107K [0x0000000700000000, 0x0000000800000000)
  region size 2048K, 71 young (145408K), 7 survivors (14336K)
 Metaspace       used 132678K, committed 135424K, reserved 1179648K
  class space    used 18360K, committed 19776K, reserved 1048576K
}
Event: 16.892 GC heap after
{Heap after GC invocations=55 (full 0):
 garbage-first heap   total 393216K, used 226090K [0x0000000700000000, 0x0000000800000000)
  region size 2048K, 6 young (12288K), 6 survivors (12288K)
 Metaspace       used 132678K, committed 135424K, reserved 1179648K
  class space    used 18360K, committed 19776K, reserved 1048576K
}
Event: 17.141 GC heap before
{Heap before GC invocations=56 (full 0):
 garbage-first heap   total 393216K, used 348970K [0x0000000700000000, 0x0000000800000000)
  region size 2048K, 66 young (135168K), 6 survivors (12288K)
 Metaspace       used 133693K, committed 136448K, reserved 1179648K
  class space    used 18438K, committed 19840K, reserved 1048576K
}
Event: 17.148 GC heap after
{Heap after GC invocations=57 (full 0):
 garbage-first heap   total 393216K, used 239931K [0x0000000700000000, 0x0000000800000000)
  region size 2048K, 8 young (16384K), 8 survivors (16384K)
 Metaspace       used 133693K, committed 136448K, reserved 1179648K
  class space    used 18438K, committed 19840K, reserved 1048576K
}
Event: 17.286 GC heap before
{Heap before GC invocations=57 (full 0):
 garbage-first heap   total 393216K, used 352571K [0x0000000700000000, 0x0000000800000000)
  region size 2048K, 63 young (129024K), 8 survivors (16384K)
 Metaspace       used 133827K, committed 136576K, reserved 1179648K
  class space    used 18441K, committed 19840K, reserved 1048576K
}
Event: 17.295 GC heap after
{Heap after GC invocations=58 (full 0):
 garbage-first heap   total 393216K, used 249310K [0x0000000700000000, 0x0000000800000000)
  region size 2048K, 7 young (14336K), 7 survivors (14336K)
 Metaspace       used 133827K, committed 136576K, reserved 1179648K
  class space    used 18441K, committed 19840K, reserved 1048576K
}
Event: 17.398 GC heap before
{Heap before GC invocations=58 (full 0):
 garbage-first heap   total 393216K, used 353758K [0x0000000700000000, 0x0000000800000000)
  region size 2048K, 59 young (120832K), 7 survivors (14336K)
 Metaspace       used 133999K, committed 136768K, reserved 1179648K
  class space    used 18444K, committed 19840K, reserved 1048576K
}
Event: 17.403 GC heap after
{Heap after GC invocations=59 (full 0):
 garbage-first heap   total 393216K, used 256247K [0x0000000700000000, 0x0000000800000000)
  region size 2048K, 6 young (12288K), 6 survivors (12288K)
 Metaspace       used 133999K, committed 136768K, reserved 1179648K
  class space    used 18444K, committed 19840K, reserved 1048576K
}
Event: 17.556 GC heap before
{Heap before GC invocations=60 (full 0):
 garbage-first heap   total 430080K, used 356599K [0x0000000700000000, 0x0000000800000000)
  region size 2048K, 55 young (112640K), 6 survivors (12288K)
 Metaspace       used 134027K, committed 136768K, reserved 1179648K
  class space    used 18443K, committed 19840K, reserved 1048576K
}
Event: 17.559 GC heap after
{Heap after GC invocations=61 (full 0):
 garbage-first heap   total 430080K, used 259868K [0x0000000700000000, 0x0000000800000000)
  region size 2048K, 4 young (8192K), 4 survivors (8192K)
 Metaspace       used 134027K, committed 136768K, reserved 1179648K
  class space    used 18443K, committed 19840K, reserved 1048576K
}
Event: 17.709 GC heap before
{Heap before GC invocations=61 (full 0):
 garbage-first heap   total 430080K, used 390940K [0x0000000700000000, 0x0000000800000000)
  region size 2048K, 69 young (141312K), 4 survivors (8192K)
 Metaspace       used 134106K, committed 136832K, reserved 1179648K
  class space    used 18445K, committed 19840K, reserved 1048576K
}

Dll operation events (15 events):
Event: 0.006 Loaded shared library C:\Program Files\Zulu\zulu-21\bin\java.dll
Event: 0.021 Loaded shared library C:\Program Files\Zulu\zulu-21\bin\jsvml.dll
Event: 0.041 Loaded shared library C:\Program Files\Zulu\zulu-21\bin\zip.dll
Event: 0.043 Loaded shared library C:\Program Files\Zulu\zulu-21\bin\instrument.dll
Event: 0.046 Loaded shared library C:\Program Files\Zulu\zulu-21\bin\net.dll
Event: 0.047 Loaded shared library C:\Program Files\Zulu\zulu-21\bin\nio.dll
Event: 0.048 Loaded shared library C:\Program Files\Zulu\zulu-21\bin\zip.dll
Event: 0.232 Loaded shared library C:\Program Files\Zulu\zulu-21\bin\jimage.dll
Event: 0.318 Loaded shared library C:\Program Files\Zulu\zulu-21\bin\verify.dll
Event: 0.367 Loaded shared library C:\Users\Administrator\.gradle\native\1def1411415f61bf3af743bc5b6707747c0891f09f0c88961ee8f79bc544acac\windows-amd64\native-platform.dll
Event: 0.373 Loaded shared library C:\Users\Administrator\.gradle\native\0.2.7\x86_64-windows-gnu\gradle-fileevents.dll
Event: 0.903 Loaded shared library C:\Program Files\Zulu\zulu-21\bin\management.dll
Event: 0.905 Loaded shared library C:\Program Files\Zulu\zulu-21\bin\management_ext.dll
Event: 0.961 Loaded shared library C:\Program Files\Zulu\zulu-21\bin\extnet.dll
Event: 1.064 Loaded shared library C:\Program Files\Zulu\zulu-21\bin\sunmscapi.dll

Deoptimization events (20 events):
Event: 17.356 Thread 0x000001fb5cb0aa50 Uncommon trap: trap_request=0xffffff45 fr.pc=0x000001fb0873813c relative=0x00000000000000fc
Event: 17.356 Thread 0x000001fb5cb0aa50 Uncommon trap: reason=unstable_if action=reinterpret pc=0x000001fb0873813c method=com.google.common.collect.ImmutableSet.equals(Ljava/lang/Object;)Z @ 11 c2
Event: 17.356 Thread 0x000001fb5cb0aa50 DEOPT PACKING pc=0x000001fb0873813c sp=0x000000b544af9b40
Event: 17.356 Thread 0x000001fb5cb0aa50 DEOPT UNPACKING pc=0x000001fb07587da2 sp=0x000000b544af9ae0 mode 2
Event: 17.383 Thread 0x000001fb5cb0be00 Uncommon trap: trap_request=0xffffffde fr.pc=0x000001fb0870de64 relative=0x0000000000000584
Event: 17.383 Thread 0x000001fb5cb0be00 Uncommon trap: reason=class_check action=maybe_recompile pc=0x000001fb0870de64 method=org.gradle.internal.snapshot.impl.AbstractValueProcessor.processValue(Ljava/lang/Object;Lorg/gradle/internal/snapshot/impl/AbstractValueProcessor$ValueVisitor;)Ljava/lan
Event: 17.383 Thread 0x000001fb5cb0be00 DEOPT PACKING pc=0x000001fb0870de64 sp=0x000000b5446f9780
Event: 17.383 Thread 0x000001fb5cb0be00 DEOPT UNPACKING pc=0x000001fb07587da2 sp=0x000000b5446f9700 mode 2
Event: 17.592 Thread 0x000001fb580c0460 Uncommon trap: trap_request=0xffffff45 fr.pc=0x000001fb08779ae4 relative=0x00000000000015c4
Event: 17.592 Thread 0x000001fb580c0460 Uncommon trap: reason=unstable_if action=reinterpret pc=0x000001fb08779ae4 method=java.util.concurrent.locks.AbstractQueuedSynchronizer.acquire(Ljava/util/concurrent/locks/AbstractQueuedSynchronizer$Node;IZZZJ)I @ 83 c2
Event: 17.592 Thread 0x000001fb580c0460 DEOPT PACKING pc=0x000001fb08779ae4 sp=0x000000b5455fcca0
Event: 17.592 Thread 0x000001fb580c0460 DEOPT UNPACKING pc=0x000001fb07587da2 sp=0x000000b5455fcc38 mode 2
Event: 17.621 Thread 0x000001fb5cb096a0 Uncommon trap: trap_request=0xffffff45 fr.pc=0x000001fb08750f08 relative=0x00000000000000c8
Event: 17.622 Thread 0x000001fb5cb096a0 Uncommon trap: reason=unstable_if action=reinterpret pc=0x000001fb08750f08 method=org.gradle.api.internal.artifacts.ivyservice.resolveengine.graph.builder.EdgeState.attachToTargetNodes()V @ 33 c2
Event: 17.622 Thread 0x000001fb5cb096a0 DEOPT PACKING pc=0x000001fb08750f08 sp=0x000000b544cfa890
Event: 17.622 Thread 0x000001fb5cb096a0 DEOPT UNPACKING pc=0x000001fb07587da2 sp=0x000000b544cfa890 mode 2
Event: 17.663 Thread 0x000001fb5cb0b770 Uncommon trap: trap_request=0xffffff45 fr.pc=0x000001fb08597ea8 relative=0x00000000000002e8
Event: 17.663 Thread 0x000001fb5cb0b770 Uncommon trap: reason=unstable_if action=reinterpret pc=0x000001fb08597ea8 method=java.lang.StringLatin1.lastIndexOf([BI[BII)I @ 111 c2
Event: 17.663 Thread 0x000001fb5cb0b770 DEOPT PACKING pc=0x000001fb08597ea8 sp=0x000000b5445fbec0
Event: 17.663 Thread 0x000001fb5cb0b770 DEOPT UNPACKING pc=0x000001fb07587da2 sp=0x000000b5445fbd78 mode 2

Classes loaded (20 events):
Event: 16.460 Loading class jdk/internal/reflect/MethodHandleBooleanFieldAccessorImpl
Event: 16.460 Loading class jdk/internal/reflect/MethodHandleBooleanFieldAccessorImpl done
Event: 16.462 Loading class com/sun/org/apache/xerces/internal/impl/io/MalformedByteSequenceException
Event: 16.462 Loading class java/io/CharConversionException
Event: 16.462 Loading class java/io/CharConversionException done
Event: 16.462 Loading class com/sun/org/apache/xerces/internal/impl/io/MalformedByteSequenceException done
Event: 16.869 Loading class java/security/cert/PolicyQualifierInfo
Event: 16.869 Loading class java/security/cert/PolicyQualifierInfo done
Event: 16.917 Loading class java/nio/charset/IllegalCharsetNameException
Event: 16.918 Loading class java/nio/charset/IllegalCharsetNameException done
Event: 16.923 Loading class java/util/function/IntUnaryOperator
Event: 16.924 Loading class java/util/function/IntUnaryOperator done
Event: 16.926 Loading class sun/nio/cs/US_ASCII$Encoder
Event: 16.926 Loading class sun/nio/cs/US_ASCII$Encoder done
Event: 16.927 Loading class sun/nio/cs/Surrogate$Parser
Event: 16.927 Loading class sun/nio/cs/Surrogate$Parser done
Event: 16.927 Loading class sun/nio/cs/Surrogate
Event: 16.928 Loading class sun/nio/cs/Surrogate done
Event: 17.011 Loading class java/lang/invoke/WrongMethodTypeException
Event: 17.011 Loading class java/lang/invoke/WrongMethodTypeException done

Classes unloaded (2 events):
Event: 17.502 Thread 0x000001fb7ff6a440 Unloading class 0x000001fb11352400 'jdk/internal/reflect/GeneratedSerializationConstructorAccessor96'
Event: 17.502 Thread 0x000001fb7ff6a440 Unloading class 0x000001fb11352000 'jdk/internal/reflect/GeneratedSerializationConstructorAccessor95'

Classes redefined (0 events):
No events

Internal exceptions (20 events):
Event: 17.111 Thread 0x000001fb5cb082f0 Exception <a 'sun/nio/fs/WindowsException'{0x0000000710e61cc8}> (0x0000000710e61cc8) 
thrown [s\src\hotspot\share\prims\jni.cpp, line 520]
Event: 17.112 Thread 0x000001fb5cb082f0 Exception <a 'sun/nio/fs/WindowsException'{0x0000000710e7b358}> (0x0000000710e7b358) 
thrown [s\src\hotspot\share\prims\jni.cpp, line 520]
Event: 17.113 Thread 0x000001fb5cb096a0 Exception <a 'sun/nio/fs/WindowsException'{0x0000000710f67d78}> (0x0000000710f67d78) 
thrown [s\src\hotspot\share\prims\jni.cpp, line 520]
Event: 17.113 Thread 0x000001fb5cb0a3c0 Exception <a 'sun/nio/fs/WindowsException'{0x0000000710f76a38}> (0x0000000710f76a38) 
thrown [s\src\hotspot\share\prims\jni.cpp, line 520]
Event: 17.113 Thread 0x000001fb5cb096a0 Exception <a 'sun/nio/fs/WindowsException'{0x0000000710f78b70}> (0x0000000710f78b70) 
thrown [s\src\hotspot\share\prims\jni.cpp, line 520]
Event: 17.113 Thread 0x000001fb5cb0a3c0 Exception <a 'sun/nio/fs/WindowsException'{0x0000000710f83d58}> (0x0000000710f83d58) 
thrown [s\src\hotspot\share\prims\jni.cpp, line 520]
Event: 17.113 Thread 0x000001fb5cb096a0 Exception <a 'sun/nio/fs/WindowsException'{0x0000000710f825a8}> (0x0000000710f825a8) 
thrown [s\src\hotspot\share\prims\jni.cpp, line 520]
Event: 17.114 Thread 0x000001fb5cb0a3c0 Exception <a 'sun/nio/fs/WindowsException'{0x0000000710f93a80}> (0x0000000710f93a80) 
thrown [s\src\hotspot\share\prims\jni.cpp, line 520]
Event: 17.357 Thread 0x000001fb5cb0c490 Exception <a 'sun/nio/fs/WindowsException'{0x00000007149b2260}> (0x00000007149b2260) 
thrown [s\src\hotspot\share\prims\jni.cpp, line 520]
Event: 17.358 Thread 0x000001fb5cb0c490 Exception <a 'sun/nio/fs/WindowsException'{0x00000007149b4820}> (0x00000007149b4820) 
thrown [s\src\hotspot\share\prims\jni.cpp, line 520]
Event: 17.358 Thread 0x000001fb5cb0c490 Exception <a 'sun/nio/fs/WindowsException'{0x00000007149b6b90}> (0x00000007149b6b90) 
thrown [s\src\hotspot\share\prims\jni.cpp, line 520]
Event: 17.462 Thread 0x000001fb5cb0be00 Exception <a 'sun/nio/fs/WindowsException'{0x0000000714f06f38}> (0x0000000714f06f38) 
thrown [s\src\hotspot\share\prims\jni.cpp, line 520]
Event: 17.462 Thread 0x000001fb5cb0ebf0 Exception <a 'sun/nio/fs/WindowsException'{0x0000000714e87698}> (0x0000000714e87698) 
thrown [s\src\hotspot\share\prims\jni.cpp, line 520]
Event: 17.462 Thread 0x000001fb5cb0be00 Exception <a 'sun/nio/fs/WindowsException'{0x0000000714f09530}> (0x0000000714f09530) 
thrown [s\src\hotspot\share\prims\jni.cpp, line 520]
Event: 17.462 Thread 0x000001fb5cb0ebf0 Exception <a 'sun/nio/fs/WindowsException'{0x0000000714f8c768}> (0x0000000714f8c768) 
thrown [s\src\hotspot\share\prims\jni.cpp, line 520]
Event: 17.463 Thread 0x000001fb5cb0be00 Exception <a 'sun/nio/fs/WindowsException'{0x0000000714f0b8c0}> (0x0000000714f0b8c0) 
thrown [s\src\hotspot\share\prims\jni.cpp, line 520]
Event: 17.463 Thread 0x000001fb5cb0ebf0 Exception <a 'sun/nio/fs/WindowsException'{0x0000000714f8e9b8}> (0x0000000714f8e9b8) 
thrown [s\src\hotspot\share\prims\jni.cpp, line 520]
Event: 17.670 Thread 0x000001fb5cb0c490 Exception <a 'sun/nio/fs/WindowsException'{0x00000007143a9e68}> (0x00000007143a9e68) 
thrown [s\src\hotspot\share\prims\jni.cpp, line 520]
Event: 17.671 Thread 0x000001fb5cb0c490 Exception <a 'sun/nio/fs/WindowsException'{0x00000007143ac320}> (0x00000007143ac320) 
thrown [s\src\hotspot\share\prims\jni.cpp, line 520]
Event: 17.671 Thread 0x000001fb5cb0c490 Exception <a 'sun/nio/fs/WindowsException'{0x00000007143ae580}> (0x00000007143ae580) 
thrown [s\src\hotspot\share\prims\jni.cpp, line 520]

ZGC Phase Switch (0 events):
No events

VM Operations (20 events):
Event: 17.053 Executing VM operation: ICBufferFull done
Event: 17.110 Executing VM operation: ICBufferFull
Event: 17.110 Executing VM operation: ICBufferFull done
Event: 17.141 Executing VM operation: G1CollectForAllocation (G1 Evacuation Pause)
Event: 17.148 Executing VM operation: G1CollectForAllocation (G1 Evacuation Pause) done
Event: 17.262 Executing VM operation: ICBufferFull
Event: 17.262 Executing VM operation: ICBufferFull done
Event: 17.286 Executing VM operation: G1CollectForAllocation (G1 Evacuation Pause)
Event: 17.295 Executing VM operation: G1CollectForAllocation (G1 Evacuation Pause) done
Event: 17.354 Executing VM operation: ICBufferFull
Event: 17.354 Executing VM operation: ICBufferFull done
Event: 17.398 Executing VM operation: G1CollectForAllocation (G1 Evacuation Pause)
Event: 17.403 Executing VM operation: G1CollectForAllocation (G1 Evacuation Pause) done
Event: 17.502 Executing VM operation: G1PauseRemark
Event: 17.512 Executing VM operation: G1PauseRemark done
Event: 17.554 Executing VM operation: G1PauseCleanup
Event: 17.554 Executing VM operation: G1PauseCleanup done
Event: 17.556 Executing VM operation: G1CollectForAllocation (G1 Evacuation Pause)
Event: 17.559 Executing VM operation: G1CollectForAllocation (G1 Evacuation Pause) done
Event: 17.709 Executing VM operation: G1CollectForAllocation (G1 Evacuation Pause)

Memory protections (0 events):
No events

Nmethod flushes (20 events):
Event: 17.512 Thread 0x000001fb7ff6a440 flushing  nmethod 0x000001fb00039b90
Event: 17.512 Thread 0x000001fb7ff6a440 flushing  nmethod 0x000001fb00085d90
Event: 17.512 Thread 0x000001fb7ff6a440 flushing  nmethod 0x000001fb001d5610
Event: 17.512 Thread 0x000001fb7ff6a440 flushing  nmethod 0x000001fb00484010
Event: 17.512 Thread 0x000001fb7ff6a440 flushing  nmethod 0x000001fb00607b10
Event: 17.512 Thread 0x000001fb7ff6a440 flushing  nmethod 0x000001fb00656090
Event: 17.512 Thread 0x000001fb7ff6a440 flushing  nmethod 0x000001fb00657910
Event: 17.512 Thread 0x000001fb7ff6a440 flushing  nmethod 0x000001fb00696410
Event: 17.512 Thread 0x000001fb7ff6a440 flushing  nmethod 0x000001fb009afa10
Event: 17.512 Thread 0x000001fb7ff6a440 flushing  nmethod 0x000001fb00b01110
Event: 17.512 Thread 0x000001fb7ff6a440 flushing  nmethod 0x000001fb00b5ff90
Event: 17.512 Thread 0x000001fb7ff6a440 flushing  nmethod 0x000001fb00bc6490
Event: 17.512 Thread 0x000001fb7ff6a440 flushing  nmethod 0x000001fb00ca6610
Event: 17.512 Thread 0x000001fb7ff6a440 flushing  nmethod 0x000001fb00cab290
Event: 17.512 Thread 0x000001fb7ff6a440 flushing  nmethod 0x000001fb00fa6e90
Event: 17.512 Thread 0x000001fb7ff6a440 flushing  nmethod 0x000001fb010cb490
Event: 17.512 Thread 0x000001fb7ff6a440 flushing  nmethod 0x000001fb01520490
Event: 17.512 Thread 0x000001fb7ff6a440 flushing  nmethod 0x000001fb01521d10
Event: 17.512 Thread 0x000001fb7ff6a440 flushing  nmethod 0x000001fb01566d90
Event: 17.512 Thread 0x000001fb7ff6a440 flushing  nmethod 0x000001fb0170f510

Events (20 events):
Event: 10.185 Thread 0x000001fb567e0270 Thread added: 0x000001fb5cc49ab0
Event: 10.193 Thread 0x000001fb567e0270 Thread added: 0x000001fb5cc46630
Event: 10.193 Thread 0x000001fb567e0270 Thread added: 0x000001fb5cc4c8a0
Event: 10.194 Thread 0x000001fb567e0270 Thread added: 0x000001fb5cc4b4f0
Event: 10.194 Thread 0x000001fb567e0270 Thread added: 0x000001fb5cc4d5c0
Event: 10.195 Thread 0x000001fb567e0270 Thread added: 0x000001fb5cc4a140
Event: 10.195 Thread 0x000001fb567e0270 Thread added: 0x000001fb5cc4dc50
Event: 10.196 Thread 0x000001fb567e0270 Thread added: 0x000001fb5cc4c210
Event: 10.196 Thread 0x000001fb567e0270 Thread added: 0x000001fb5cc4cf30
Event: 10.196 Thread 0x000001fb567e0270 Thread added: 0x000001fb5cc4a7d0
Event: 10.197 Thread 0x000001fb567e0270 Thread added: 0x000001fb5cc4e2e0
Event: 10.197 Thread 0x000001fb567e0270 Thread added: 0x000001fb5cc4ae60
Event: 11.319 Thread 0x000001fb567e0270 Thread added: 0x000001fb5cc51760
Event: 11.694 Thread 0x000001fb567e0270 Thread added: 0x000001fb5cc503b0
Event: 11.956 Thread 0x000001fb567e0270 Thread added: 0x000001fb5bdc1bd0
Event: 11.964 Thread 0x000001fb5bdc1bd0 Thread added: 0x000001fb5bdc0190
Event: 11.964 Thread 0x000001fb5bdc1bd0 Thread added: 0x000001fb5bdbfb00
Event: 12.688 Thread 0x000001fb50187f00 Thread exited: 0x000001fb50187f00
Event: 13.445 Thread 0x000001fb7ff9e180 Thread added: 0x000001fb5a42f8e0
Event: 16.859 Thread 0x000001fb5cb0cb20 Thread added: 0x000001fb5dc476d0


Dynamic libraries:
0x00007ff70d8e0000 - 0x00007ff70d8ee000 	C:\Program Files\Zulu\zulu-21\bin\java.exe
0x00007ff8b2ac0000 - 0x00007ff8b2d26000 	C:\WINDOWS\SYSTEM32\ntdll.dll
0x00007ff8b1530000 - 0x00007ff8b15f7000 	C:\WINDOWS\System32\KERNEL32.DLL
0x00007ff8b01c0000 - 0x00007ff8b058b000 	C:\WINDOWS\System32\KERNELBASE.dll
0x00007ff8aff30000 - 0x00007ff8b007b000 	C:\WINDOWS\System32\ucrtbase.dll
0x00007ff8263b0000 - 0x00007ff8263ce000 	C:\Program Files\Zulu\zulu-21\bin\VCRUNTIME140.dll
0x00007ff890f80000 - 0x00007ff890f99000 	C:\Program Files\Zulu\zulu-21\bin\jli.dll
0x00007ff8b1f60000 - 0x00007ff8b212c000 	C:\WINDOWS\System32\USER32.dll
0x00007ff8b0650000 - 0x00007ff8b0677000 	C:\WINDOWS\System32\win32u.dll
0x00007ff8b1390000 - 0x00007ff8b13bb000 	C:\WINDOWS\System32\GDI32.dll
0x00007ff8972d0000 - 0x00007ff897567000 	C:\WINDOWS\WinSxS\amd64_microsoft.windows.common-controls_6595b64144ccf1df_6.0.26100.5516_none_3e073f78e335730c\COMCTL32.dll
0x00007ff8b1b10000 - 0x00007ff8b1bb9000 	C:\WINDOWS\System32\msvcrt.dll
0x00007ff8b0080000 - 0x00007ff8b01b1000 	C:\WINDOWS\System32\gdi32full.dll
0x00007ff8afc70000 - 0x00007ff8afd13000 	C:\WINDOWS\System32\msvcp_win.dll
0x00007ff8b1400000 - 0x00007ff8b142f000 	C:\WINDOWS\System32\IMM32.DLL
0x00007ff88aaa0000 - 0x00007ff88aaac000 	C:\Program Files\Zulu\zulu-21\bin\vcruntime140_1.dll
0x00007ff825d10000 - 0x00007ff825d9d000 	C:\Program Files\Zulu\zulu-21\bin\msvcp140.dll
0x00007ff814610000 - 0x00007ff8153ed000 	C:\Program Files\Zulu\zulu-21\bin\server\jvm.dll
0x00007ff8b1bc0000 - 0x00007ff8b1c72000 	C:\WINDOWS\System32\ADVAPI32.dll
0x00007ff8b2250000 - 0x00007ff8b22f6000 	C:\WINDOWS\System32\sechost.dll
0x00007ff8b2130000 - 0x00007ff8b2245000 	C:\WINDOWS\System32\RPCRT4.dll
0x00007ff8b1a00000 - 0x00007ff8b1a74000 	C:\WINDOWS\System32\WS2_32.dll
0x00007ff8af950000 - 0x00007ff8af9ae000 	C:\WINDOWS\SYSTEM32\POWRPROF.dll
0x00007ff8a2c40000 - 0x00007ff8a2c4b000 	C:\WINDOWS\SYSTEM32\VERSION.dll
0x00007ff8a56c0000 - 0x00007ff8a56f6000 	C:\WINDOWS\SYSTEM32\WINMM.dll
0x00007ff8af930000 - 0x00007ff8af944000 	C:\WINDOWS\SYSTEM32\UMPDC.dll
0x00007ff8aea70000 - 0x00007ff8aea8a000 	C:\WINDOWS\SYSTEM32\kernel.appcore.dll
0x00007ff85bc40000 - 0x00007ff85bc4a000 	C:\Program Files\Zulu\zulu-21\bin\jimage.dll
0x00007ff8a2df0000 - 0x00007ff8a3031000 	C:\WINDOWS\SYSTEM32\DBGHELP.DLL
0x00007ff8b1600000 - 0x00007ff8b1983000 	C:\WINDOWS\System32\combase.dll
0x00007ff8b0ad0000 - 0x00007ff8b0ba6000 	C:\WINDOWS\System32\OLEAUT32.dll
0x00007ff897250000 - 0x00007ff897289000 	C:\WINDOWS\SYSTEM32\dbgcore.DLL
0x00007ff8b0800000 - 0x00007ff8b0899000 	C:\WINDOWS\System32\bcryptPrimitives.dll
0x00007ff8a91b0000 - 0x00007ff8a91c0000 	C:\Program Files\Zulu\zulu-21\bin\instrument.dll
0x00007ff825ce0000 - 0x00007ff825d02000 	C:\Program Files\Zulu\zulu-21\bin\java.dll
0x00007ff8b0c60000 - 0x00007ff8b138a000 	C:\WINDOWS\System32\SHELL32.dll
0x00007ff8afd20000 - 0x00007ff8afe94000 	C:\WINDOWS\System32\wintypes.dll
0x00007ff8ad930000 - 0x00007ff8ae182000 	C:\WINDOWS\SYSTEM32\windows.storage.dll
0x00007ff8b2300000 - 0x00007ff8b23ee000 	C:\WINDOWS\System32\SHCORE.dll
0x00007ff8b1490000 - 0x00007ff8b14f6000 	C:\WINDOWS\System32\shlwapi.dll
0x00007ff8afb80000 - 0x00007ff8afbaf000 	C:\WINDOWS\SYSTEM32\profapi.dll
0x00007ff815710000 - 0x00007ff8157e7000 	C:\Program Files\Zulu\zulu-21\bin\jsvml.dll
0x00007ff825ca0000 - 0x00007ff825cb8000 	C:\Program Files\Zulu\zulu-21\bin\zip.dll
0x00007ff825cc0000 - 0x00007ff825cd2000 	C:\Program Files\Zulu\zulu-21\bin\net.dll
0x00007ff8a8d20000 - 0x00007ff8a8e3e000 	C:\WINDOWS\SYSTEM32\WINHTTP.dll
0x00007ff8aef70000 - 0x00007ff8aefda000 	C:\WINDOWS\system32\mswsock.dll
0x00007ff825c30000 - 0x00007ff825c46000 	C:\Program Files\Zulu\zulu-21\bin\nio.dll
0x00007ff858320000 - 0x00007ff858330000 	C:\Program Files\Zulu\zulu-21\bin\verify.dll
0x00007ff8999f0000 - 0x00007ff899a17000 	C:\Users\Administrator\.gradle\native\1def1411415f61bf3af743bc5b6707747c0891f09f0c88961ee8f79bc544acac\windows-amd64\native-platform.dll
0x00007ff889f80000 - 0x00007ff889ff8000 	C:\Users\Administrator\.gradle\native\0.2.7\x86_64-windows-gnu\gradle-fileevents.dll
0x00007ff8582b0000 - 0x00007ff8582ba000 	C:\Program Files\Zulu\zulu-21\bin\management.dll
0x00007ff857410000 - 0x00007ff85741c000 	C:\Program Files\Zulu\zulu-21\bin\management_ext.dll
0x00007ff8b13f0000 - 0x00007ff8b13f8000 	C:\WINDOWS\System32\PSAPI.DLL
0x00007ff8ae480000 - 0x00007ff8ae4b3000 	C:\WINDOWS\SYSTEM32\IPHLPAPI.DLL
0x00007ff8b13c0000 - 0x00007ff8b13ca000 	C:\WINDOWS\System32\NSI.dll
0x00007ff82d510000 - 0x00007ff82d519000 	C:\Program Files\Zulu\zulu-21\bin\extnet.dll
0x00007ff8af320000 - 0x00007ff8af33a000 	C:\WINDOWS\SYSTEM32\CRYPTSP.dll
0x00007ff8ae9d0000 - 0x00007ff8aea0a000 	C:\WINDOWS\system32\rsaenh.dll
0x00007ff8af010000 - 0x00007ff8af03b000 	C:\WINDOWS\SYSTEM32\USERENV.dll
0x00007ff8af4b0000 - 0x00007ff8af4d6000 	C:\WINDOWS\SYSTEM32\bcrypt.dll
0x00007ff8af1a0000 - 0x00007ff8af1ac000 	C:\WINDOWS\SYSTEM32\CRYPTBASE.dll
0x00007ff8a13f0000 - 0x00007ff8a13fe000 	C:\Program Files\Zulu\zulu-21\bin\sunmscapi.dll
0x00007ff8b0680000 - 0x00007ff8b07f7000 	C:\WINDOWS\System32\CRYPT32.dll
0x00007ff8af470000 - 0x00007ff8af4a0000 	C:\WINDOWS\SYSTEM32\ncrypt.dll
0x00007ff8af420000 - 0x00007ff8af45f000 	C:\WINDOWS\SYSTEM32\NTASN1.dll
0x00007ff88caf0000 - 0x00007ff88caf8000 	C:\WINDOWS\system32\wshunix.dll
0x00007ff88e9f0000 - 0x00007ff88ea08000 	C:\WINDOWS\system32\napinsp.dll
0x00007ff8ae4c0000 - 0x00007ff8ae5e5000 	C:\WINDOWS\SYSTEM32\DNSAPI.dll
0x00007ff88e9d0000 - 0x00007ff88e9e2000 	C:\WINDOWS\System32\winrnr.dll
0x00007ff88e990000 - 0x00007ff88e9c0000 	C:\WINDOWS\system32\nlansp_c.dll
0x00007ff8a55d0000 - 0x00007ff8a55e6000 	C:\WINDOWS\system32\wshbth.dll
0x00007ff8a5950000 - 0x00007ff8a595b000 	C:\Windows\System32\rasadhlp.dll
0x00007ff8a5540000 - 0x00007ff8a55c6000 	C:\WINDOWS\System32\fwpuclnt.dll

dbghelp: loaded successfully - version: 4.0.5 - missing functions: none
symbol engine: initialized successfully - sym options: 0x614 - pdb path: .;C:\Program Files\Zulu\zulu-21\bin;C:\WINDOWS\SYSTEM32;C:\WINDOWS\WinSxS\amd64_microsoft.windows.common-controls_6595b64144ccf1df_6.0.26100.5516_none_3e073f78e335730c;C:\Program Files\Zulu\zulu-21\bin\server;C:\Users\Administrator\.gradle\native\1def1411415f61bf3af743bc5b6707747c0891f09f0c88961ee8f79bc544acac\windows-amd64;C:\Users\Administrator\.gradle\native\0.2.7\x86_64-windows-gnu

VM Arguments:
jvm_args: --add-opens=java.base/java.lang=ALL-UNNAMED --add-opens=java.base/java.lang.invoke=ALL-UNNAMED --add-opens=java.base/java.util=ALL-UNNAMED --add-opens=java.prefs/java.util.prefs=ALL-UNNAMED --add-exports=jdk.compiler/com.sun.tools.javac.api=ALL-UNNAMED --add-exports=jdk.compiler/com.sun.tools.javac.util=ALL-UNNAMED --add-opens=java.base/java.util=ALL-UNNAMED --add-opens=java.prefs/java.util.prefs=ALL-UNNAMED --add-opens=java.base/java.nio.charset=ALL-UNNAMED --add-opens=java.base/java.net=ALL-UNNAMED --add-opens=java.base/java.util.concurrent.atomic=ALL-UNNAMED --add-opens=java.xml/javax.xml.namespace=ALL-UNNAMED -Xmx4g -Dfile.encoding=UTF-8 -Duser.country=GB -Duser.language=en -Duser.variant -javaagent:C:\Users\Administrator\.gradle\wrapper\dists\gradle-8.14.3-bin\cv11ve7ro1n3o1j4so8xd9n66\gradle-8.14.3\lib\agents\gradle-instrumentation-agent-8.14.3.jar 
java_command: org.gradle.launcher.daemon.bootstrap.GradleDaemon 8.14.3
java_class_path (initial): C:\Users\Administrator\.gradle\wrapper\dists\gradle-8.14.3-bin\cv11ve7ro1n3o1j4so8xd9n66\gradle-8.14.3\lib\gradle-daemon-main-8.14.3.jar
Launcher Type: SUN_STANDARD

[Global flags]
     intx CICompilerCount                          = 4                                         {product} {ergonomic}
     uint ConcGCThreads                            = 3                                         {product} {ergonomic}
     uint G1ConcRefinementThreads                  = 10                                        {product} {ergonomic}
   size_t G1HeapRegionSize                         = 2097152                                   {product} {ergonomic}
    uintx GCDrainStackTargetSize                   = 64                                        {product} {ergonomic}
   size_t InitialHeapSize                          = 524288000                                 {product} {ergonomic}
   size_t MarkStackSize                            = 4194304                                   {product} {ergonomic}
   size_t MaxHeapSize                              = 4294967296                                {product} {command line}
   size_t MaxNewSize                               = 2575302656                                {product} {ergonomic}
   size_t MinHeapDeltaBytes                        = 2097152                                   {product} {ergonomic}
   size_t MinHeapSize                              = 8388608                                   {product} {ergonomic}
    uintx NonNMethodCodeHeapSize                   = 5839372                                {pd product} {ergonomic}
    uintx NonProfiledCodeHeapSize                  = 122909434                              {pd product} {ergonomic}
    uintx ProfiledCodeHeapSize                     = 122909434                              {pd product} {ergonomic}
    uintx ReservedCodeCacheSize                    = 251658240                              {pd product} {ergonomic}
     bool SegmentedCodeCache                       = true                                      {product} {ergonomic}
   size_t SoftMaxHeapSize                          = 4294967296                             {manageable} {ergonomic}
     bool UseCompressedOops                        = true                           {product lp64_product} {ergonomic}
     bool UseG1GC                                  = true                                      {product} {ergonomic}
     bool UseLargePagesIndividualAllocation        = false                                  {pd product} {ergonomic}

Logging:
Log output configuration:
 #0: stdout all=warning uptime,level,tags foldmultilines=false
 #1: stderr all=off uptime,level,tags foldmultilines=false

Environment Variables:
PATH=C:\Program Files\PowerShell\7;C:\Program Files\Zulu\zulu-21\bin\;C:\Program Files (x86)\Common Files\Oracle\Java\java8path;C:\Program Files (x86)\Common Files\Oracle\Java\javapath;C:\Program Files (x86)\Razer Chroma SDK\bin;C:\Program Files\Razer Chroma SDK\bin;C:\Program Files (x86)\Razer\ChromaBroadcast\bin;C:\Program Files\Razer\ChromaBroadcast\bin;C:\Program Files (x86)\Common Files\Intel\Shared Libraries\redist\intel64\compiler;C:\WINDOWS\system32;C:\WINDOWS;C:\WINDOWS\System32\Wbem;C:\WINDOWS\System32\WindowsPowerShell\v1.0\;C:\WINDOWS\System32\OpenSSH\;C:\Program Files\dotnet\;C:\WINDOWS\system32\config\systemprofile\AppData\Local\Microsoft\WindowsApps;C:\Users\Administrator\AppData\Local\Programs\Python\Launcher\;C:\Users\Administrator\AppData\Local\Microsoft\WindowsApps;C:\Users\Administrator\AppData\Roaming\npm;C:\Users\Administrator\AppData\Local\Programs\Microsoft VS Code\bin;C:\WINDOWS\system32;C:\WINDOWS;C:\WINDOWS\System32\Wbem;C:\WINDOWS\System32\WindowsPowerShell\v1.0\;C:\WINDOWS\System32\OpenSSH\;C:\Program Files\Calibre2\;C:\Program Files\Git\cmd;C:\Program Files\PowerShell\7\;C:\Program Files\ffmpeg-8.0.1-essentials_build\ffmpeg-8.0.1-essentials_build\bin;C:\Program Files\nodejs\;C:\ProgramData\chocolatey\bin;C:\Users\Administrator\.local\bin;C:\Users\Administrator\AppData\Local\Programs\Python\Python313\Scripts\;C:\Users\Administrator\AppData\Local\Programs\Python\Python313\;C:\Users\Administrator\AppData\Local\Microsoft\WindowsApps;C:\Users\Administrator\AppData\Local\Programs\Microsoft VS Code\bin;C:\Users\Administrator\AppData\Local\Muse Hub\lib;C:\Users\Administrator\.lmstudio\bin;C:\Users\Administrator\AppData\Local\spicetify;C:\Users\Administrator\AppData\Roaming\npm;C:\Users\Administrator\AppData\Local\Programs\Antigravity\bin;C:\Users\Administrator\AppData\Local\GitHubDesktop\bin
USERNAME=Administrator
LANG=en_US.UTF-8
OS=Windows_NT
PROCESSOR_IDENTIFIER=AMD64 Family 25 Model 97 Stepping 2, AuthenticAMD
TMP=C:\Users\ADMINI~1\AppData\Local\Temp
TEMP=C:\Users\ADMINI~1\AppData\Local\Temp




Periodic native trim disabled

---------------  S Y S T E M  ---------------

OS:
 Windows 11 , 64 bit Build 26100 (10.0.26100.5514)
OS uptime: 0 days 3:45 hours
Hyper-V role detected

CPU: total 12 (initial active 12) (12 cores per cpu, 2 threads per core) family 25 model 97 stepping 2 microcode 0xa60120c, cx8, cmov, fxsr, ht, mmx, 3dnowpref, sse, sse2, sse3, ssse3, sse4a, sse4.1, sse4.2, popcnt, lzcnt, tsc, tscinvbit, avx, avx2, aes, erms, clmul, bmi1, bmi2, adx, avx512f, avx512dq, avx512cd, avx512bw, avx512vl, sha, fma, vzeroupper, avx512_vpopcntdq, avx512_vpclmulqdq, avx512_vaes, avx512_vnni, clflush, clflushopt, avx512_vbmi2, avx512_vbmi, hv, rdtscp, rdpid, fsrm, gfni, avx512_bitalg, f16c, cet_ss, avx512_ifma
Processor Information for the first 12 processors :
  Max Mhz: 4701, Current Mhz: 4701, Mhz Limit: 4701

Memory: 4k page, system-wide physical 31913M (5234M free)
TotalPageFile size 31913M (AvailPageFile size 393M)
current process WorkingSet (physical memory assigned to process): 813M, peak: 816M
current process commit charge ("private bytes"): 943M, peak: 1466M

vm_info: OpenJDK 64-Bit Server VM (21.0.7+6-LTS) for windows-amd64 JRE (21.0.7+6-LTS) (Zulu21.42+19-CA), built on 2025-04-07T10:58:52Z by "zulu_re" with MS VC++ 17.1 (VS2022)

END.
