#
# There is insufficient memory for the Java Runtime Environment to continue.
# Native memory allocation (mmap) failed to map 591396864 bytes. Error detail: G1 virtual space
# Possible reasons:
#   The system is out of physical RAM or swap space
#   This process is running with CompressedOops enabled, and the Java Heap may be blocking the growth of the native heap
# Possible solutions:
#   Reduce memory load on the system
#   Increase physical memory or swap space
#   Check if swap backing store is full
#   Decrease Java heap size (-Xmx/-Xms)
#   Decrease number of Java threads
#   Decrease Java thread stack sizes (-Xss)
#   Set larger code cache with -XX:ReservedCodeCacheSize=
#   JVM is running with Zero Based Compressed Oops mode in which the Java heap is
#     placed in the first 32GB address space. The Java Heap base address is the
#     maximum limit for the native heap growth. Please use -XX:HeapBaseMinAddress
#     to set the Java Heap base and to place the Java Heap above 32GB virtual address.
# This output file may be truncated or incomplete.
#
#  Out of Memory Error (os_windows.cpp:3686), pid=11080, tid=4860
#
# JRE version: OpenJDK Runtime Environment Zulu21.42+19-CA (21.0.7+6) (build 21.0.7+6-LTS)
# Java VM: OpenJDK 64-Bit Server VM Zulu21.42+19-CA (21.0.7+6-LTS, mixed mode, sharing, tiered, compressed oops, compressed class ptrs, g1 gc, windows-amd64)
# No core dump will be written. Minidumps are not enabled by default on client versions of Windows
#

---------------  S U M M A R Y ------------

Command Line: --add-opens=java.base/java.lang=ALL-UNNAMED --add-opens=java.base/java.lang.invoke=ALL-UNNAMED --add-opens=java.base/java.util=ALL-UNNAMED --add-opens=java.prefs/java.util.prefs=ALL-UNNAMED --add-exports=jdk.compiler/com.sun.tools.javac.api=ALL-UNNAMED --add-exports=jdk.compiler/com.sun.tools.javac.util=ALL-UNNAMED --add-opens=java.base/java.util=ALL-UNNAMED --add-opens=java.prefs/java.util.prefs=ALL-UNNAMED --add-opens=java.base/java.nio.charset=ALL-UNNAMED --add-opens=java.base/java.net=ALL-UNNAMED --add-opens=java.base/java.util.concurrent.atomic=ALL-UNNAMED --add-opens=java.xml/javax.xml.namespace=ALL-UNNAMED -Xmx4g -Dfile.encoding=UTF-8 -Duser.country=GB -Duser.language=en -Duser.variant -javaagent:C:\Users\Administrator\.gradle\wrapper\dists\gradle-8.14.3-bin\cv11ve7ro1n3o1j4so8xd9n66\gradle-8.14.3\lib\agents\gradle-instrumentation-agent-8.14.3.jar org.gradle.launcher.daemon.bootstrap.GradleDaemon 8.14.3

Host: AMD Ryzen 5 7600X 6-Core Processor             , 12 cores, 31G,  Windows 11 , 64 bit Build 26100 (10.0.26100.5514)
Time: Thu Feb 26 23:33:42 2026 GMT Standard Time elapsed time: 17.118036 seconds (0d 0h 0m 17s)

---------------  T H R E A D  ---------------

Current thread (0x0000017c02b4b1d0):  VMThread "VM Thread"          [id=4860, stack(0x00000050f7400000,0x00000050f7500000) (1024K)]

Stack: [0x00000050f7400000,0x00000050f7500000]
Native frames: (J=compiled Java code, j=interpreted, Vv=VM code, C=native code)
V  [jvm.dll+0x6fb989]
V  [jvm.dll+0x8defdf]
V  [jvm.dll+0x8e13d8]
V  [jvm.dll+0x8e1b43]
V  [jvm.dll+0x299c76]
V  [jvm.dll+0x6f80d5]
V  [jvm.dll+0x6ebfda]
V  [jvm.dll+0x374eca]
V  [jvm.dll+0x37cbd6]
V  [jvm.dll+0x3d1625]
V  [jvm.dll+0x3d18e8]
V  [jvm.dll+0x346c43]
V  [jvm.dll+0x346cd7]
V  [jvm.dll+0x38d57c]
V  [jvm.dll+0x38bd92]
V  [jvm.dll+0x3463e1]
V  [jvm.dll+0x38b44a]
V  [jvm.dll+0x8e7ac6]
V  [jvm.dll+0x8e8ee4]
V  [jvm.dll+0x8e9430]
V  [jvm.dll+0x8e96d3]
V  [jvm.dll+0x886426]
V  [jvm.dll+0x6fa044]
C  [ucrtbase.dll+0x37b0]
C  [KERNEL32.DLL+0x2e8d7]
C  [ntdll.dll+0x9c5dc]

VM_Operation (0x00000050ff5fc880): G1CollectForAllocation, mode: safepoint, requested by thread 0x0000017c553852e0


---------------  P R O C E S S  ---------------

Threads class SMR info:
_java_thread_list=0x0000017c4d9d5d60, length=177, elements={
0x0000017c630f0800, 0x0000017c02b66000, 0x0000017c02b66e70, 0x0000017c02b6b050,
0x0000017c02b6ca90, 0x0000017c02b6a9c0, 0x0000017c02b6d7b0, 0x0000017c02b815d0,
0x0000017c02b854e0, 0x0000017c02b6b6e0, 0x0000017c02b6bd70, 0x0000017c02b6c400,
0x0000017c02b6d120, 0x0000017c02b6a330, 0x0000017c4a2347a0, 0x0000017c4a233a80,
0x0000017c4a234110, 0x0000017c4a231320, 0x0000017c4a234e30, 0x0000017c4a2319b0,
0x0000017c4a2354c0, 0x0000017c4a232040, 0x0000017c4a235b50, 0x0000017c4a2326d0,
0x0000017c4a232d60, 0x0000017c4a236870, 0x0000017c4a236f00, 0x0000017c4a237590,
0x0000017c4a237c20, 0x0000017c4ca5dbf0, 0x0000017c4ca5d560, 0x0000017c4ca61070,
0x0000017c4ca5e280, 0x0000017c4ca5fcc0, 0x0000017c4ca5e910, 0x0000017c4ca609e0,
0x0000017c4ca62420, 0x0000017c4ca5efa0, 0x0000017c4ca62ab0, 0x0000017c4ca60350,
0x0000017c4ca63140, 0x0000017c4ca644f0, 0x0000017c4ca637d0, 0x0000017c4ca63e60,
0x0000017c4d9f6680, 0x0000017c4d9f8750, 0x0000017c4d9f5ff0, 0x0000017c4d9f8de0,
0x0000017c4d9f5960, 0x0000017c4d9f80c0, 0x0000017c4d9f6d10, 0x0000017c4d9f73a0,
0x0000017c4d9f7a30, 0x0000017c4e081230, 0x0000017c4e081f50, 0x0000017c4e080ba0,
0x0000017c4e084020, 0x0000017c4e0818c0, 0x0000017c4e0825e0, 0x0000017c4e082c70,
0x0000017c4e083300, 0x0000017c4e083990, 0x0000017c4e1c00d0, 0x0000017c4e1c3be0,
0x0000017c4e1c2830, 0x0000017c4e1c0df0, 0x0000017c4e1c2ec0, 0x0000017c4e1c21a0,
0x0000017c4e1c1480, 0x0000017c4e1c4270, 0x0000017c4e1c5620, 0x0000017c4e1c5cb0,
0x0000017c4e1c69d0, 0x0000017c4e1c7060, 0x0000017c4cc8fc70, 0x0000017c4cc90990,
0x0000017c4cc8ef50, 0x0000017c4cc90300, 0x0000017c4cc91020, 0x0000017c4cc8dba0,
0x0000017c4cc916b0, 0x0000017c4cc8e230, 0x0000017c4cc91d40, 0x0000017c4cc8e8c0,
0x0000017c4cc923d0, 0x0000017c4cc8f5e0, 0x0000017c4cc94b30, 0x0000017c4cc93780,
0x0000017c4cc93e10, 0x0000017c4cc951c0, 0x0000017c4cc92a60, 0x0000017c4cc930f0,
0x0000017c4cc944a0, 0x0000017c4e3cf560, 0x0000017c4e3ce840, 0x0000017c4e3cfbf0,
0x0000017c4e3cd490, 0x0000017c4e3d0280, 0x0000017c4e3ce1b0, 0x0000017c4e3ceed0,
0x0000017c4e3cce00, 0x0000017c4e3d3d90, 0x0000017c4e3d29e0, 0x0000017c4e3d3700,
0x0000017c4e3d3070, 0x0000017c4e3d0910, 0x0000017c4e3d2350, 0x0000017c4e3d1cc0,
0x0000017c4e3d4420, 0x0000017c4e3d0fa0, 0x0000017c4e3d1630, 0x0000017c55386000,
0x0000017c55383f30, 0x0000017c553845c0, 0x0000017c55386d20, 0x0000017c55384c50,
0x0000017c553852e0, 0x0000017c55385970, 0x0000017c55386690, 0x0000017c553838a0,
0x0000017c5538a1a0, 0x0000017c55387a40, 0x0000017c5538a830, 0x0000017c55389480,
0x0000017c553873b0, 0x0000017c553880d0, 0x0000017c55388760, 0x0000017c55389b10,
0x0000017c4fe73c90, 0x0000017c4fe71530, 0x0000017c4fe74320, 0x0000017c4fe728e0,
0x0000017c4fe72f70, 0x0000017c4fe71bc0, 0x0000017c4fe70ea0, 0x0000017c4fe73600,
0x0000017c4fe72250, 0x0000017c4fe763f0, 0x0000017c4fe75040, 0x0000017c4fe76a80,
0x0000017c4fe77110, 0x0000017c4fe749b0, 0x0000017c4fe777a0, 0x0000017c4fe75d60,
0x0000017c4fe77e30, 0x0000017c4fe784c0, 0x0000017c4fe756d0, 0x0000017c4e641ba0,
0x0000017c4e6407f0, 0x0000017c4e63e720, 0x0000017c4e6435e0, 0x0000017c4e642230,
0x0000017c4e643c70, 0x0000017c4e644990, 0x0000017c4e645d40, 0x0000017c4e642f50,
0x0000017c4e645020, 0x0000017c4e6456b0, 0x0000017c4e644300, 0x0000017c4e6428c0,
0x0000017c4e6470f0, 0x0000017c4e646a60, 0x0000017c4e6463d0, 0x0000017c4e647780,
0x0000017c55388df0, 0x0000017c4c408c70, 0x0000017c4c409990, 0x0000017c4c407230,
0x0000017c4c4078c0, 0x0000017c4c40a020, 0x0000017c4c40c780, 0x0000017c4c40a6b0,
0x0000017c4c40e1c0, 0x0000017c4c40b3d0, 0x0000017c561986c0, 0x0000017c56197250,
0x0000017c5513f680
}

Java Threads: ( => current thread )
  0x0000017c630f0800 JavaThread "main"                              [_thread_blocked, id=18520, stack(0x00000050f6d00000,0x00000050f6e00000) (1024K)]
  0x0000017c02b66000 JavaThread "Reference Handler"          daemon [_thread_blocked, id=20300, stack(0x00000050f7500000,0x00000050f7600000) (1024K)]
  0x0000017c02b66e70 JavaThread "Finalizer"                  daemon [_thread_blocked, id=24968, stack(0x00000050f7600000,0x00000050f7700000) (1024K)]
  0x0000017c02b6b050 JavaThread "Signal Dispatcher"          daemon [_thread_blocked, id=12068, stack(0x00000050f7700000,0x00000050f7800000) (1024K)]
  0x0000017c02b6ca90 JavaThread "Attach Listener"            daemon [_thread_blocked, id=7524, stack(0x00000050f7800000,0x00000050f7900000) (1024K)]
  0x0000017c02b6a9c0 JavaThread "Service Thread"             daemon [_thread_blocked, id=24688, stack(0x00000050f7900000,0x00000050f7a00000) (1024K)]
  0x0000017c02b6d7b0 JavaThread "Monitor Deflation Thread"   daemon [_thread_blocked, id=25964, stack(0x00000050f7a00000,0x00000050f7b00000) (1024K)]
  0x0000017c02b815d0 JavaThread "C2 CompilerThread0"         daemon [_thread_blocked, id=29452, stack(0x00000050f7b00000,0x00000050f7c00000) (1024K)]
  0x0000017c02b854e0 JavaThread "C1 CompilerThread0"         daemon [_thread_blocked, id=29412, stack(0x00000050f7c00000,0x00000050f7d00000) (1024K)]
  0x0000017c02b6b6e0 JavaThread "Common-Cleaner"             daemon [_thread_blocked, id=27044, stack(0x00000050f7d00000,0x00000050f7e00000) (1024K)]
  0x0000017c02b6bd70 JavaThread "Notification Thread"        daemon [_thread_blocked, id=29916, stack(0x00000050f7f00000,0x00000050f8000000) (1024K)]
  0x0000017c02b6c400 JavaThread "Daemon health stats"               [_thread_blocked, id=22464, stack(0x00000050f8a00000,0x00000050f8b00000) (1024K)]
  0x0000017c02b6d120 JavaThread "Incoming local TCP Connector on port 58036"        [_thread_in_native, id=21352, stack(0x00000050f8b00000,0x00000050f8c00000) (1024K)]
  0x0000017c02b6a330 JavaThread "Daemon periodic checks"            [_thread_blocked, id=26448, stack(0x00000050f8c00000,0x00000050f8d00000) (1024K)]
  0x0000017c4a2347a0 JavaThread "Daemon"                            [_thread_blocked, id=26160, stack(0x00000050f8d00000,0x00000050f8e00000) (1024K)]
  0x0000017c4a233a80 JavaThread "Handler for socket connection from /127.0.0.1:58036 to /127.0.0.1:58037"        [_thread_in_native, id=20212, stack(0x00000050f8e00000,0x00000050f8f00000) (1024K)]
  0x0000017c4a234110 JavaThread "Cancel handler"                    [_thread_blocked, id=30068, stack(0x00000050f8f00000,0x00000050f9000000) (1024K)]
  0x0000017c4a231320 JavaThread "Daemon worker"                     [_thread_blocked, id=26220, stack(0x00000050f9000000,0x00000050f9100000) (1024K)]
  0x0000017c4a234e30 JavaThread "Asynchronous log dispatcher for DefaultDaemonConnection: socket connection from /127.0.0.1:58036 to /127.0.0.1:58037"        [_thread_blocked, id=12224, stack(0x00000050f9100000,0x00000050f9200000) (1024K)]
  0x0000017c4a2319b0 JavaThread "Stdin handler"                     [_thread_blocked, id=26296, stack(0x00000050f9200000,0x00000050f9300000) (1024K)]
  0x0000017c4a2354c0 JavaThread "Daemon client event forwarder"        [_thread_blocked, id=27300, stack(0x00000050f9300000,0x00000050f9400000) (1024K)]
  0x0000017c4a232040 JavaThread "Cache worker for journal cache (C:\Users\Administrator\.gradle\caches\journal-1)"        [_thread_blocked, id=4776, stack(0x00000050f9400000,0x00000050f9500000) (1024K)]
  0x0000017c4a235b50 JavaThread "File lock request listener"        [_thread_in_native, id=4040, stack(0x00000050f9500000,0x00000050f9600000) (1024K)]
  0x0000017c4a2326d0 JavaThread "Cache worker for file hash cache (C:\Users\Administrator\.gradle\caches\8.14.3\fileHashes)"        [_thread_blocked, id=12228, stack(0x00000050f9600000,0x00000050f9700000) (1024K)]
  0x0000017c4a232d60 JavaThread "Cache worker for file hash cache (C:\Users\Administrator\Desktop\Android Studio\Antigravity\Anikku\anikku\.gradle\8.14.3\fileHashes)"        [_thread_blocked, id=23456, stack(0x00000050f9900000,0x00000050f9a00000) (1024K)]
  0x0000017c4a236870 JavaThread "Cache worker for Build Output Cleanup Cache (C:\Users\Administrator\Desktop\Android Studio\Antigravity\Anikku\anikku\.gradle\buildOutputCleanup)"        [_thread_blocked, id=4184, stack(0x00000050f9a00000,0x00000050f9b00000) (1024K)]
  0x0000017c4a236f00 JavaThread "Cache worker for Build Output Cleanup Cache (C:\Users\Administrator\Desktop\Android Studio\Antigravity\Anikku\anikku\buildSrc\.gradle\buildOutputCleanup)"        [_thread_blocked, id=21232, stack(0x00000050f9b00000,0x00000050f9c00000) (1024K)]
  0x0000017c4a237590 JavaThread "File watcher server"        daemon [_thread_blocked, id=23040, stack(0x00000050f9c00000,0x00000050f9d00000) (1024K)]
  0x0000017c4a237c20 JavaThread "File watcher consumer"      daemon [_thread_blocked, id=12764, stack(0x00000050f9d00000,0x00000050f9e00000) (1024K)]
  0x0000017c4ca5dbf0 JavaThread "Cache worker for checksums cache (C:\Users\Administrator\Desktop\Android Studio\Antigravity\Anikku\anikku\.gradle\8.14.3\checksums)"        [_thread_blocked, id=29792, stack(0x00000050f9e00000,0x00000050f9f00000) (1024K)]
  0x0000017c4ca5d560 JavaThread "Cache worker for file content cache (C:\Users\Administrator\.gradle\caches\8.14.3\fileContent)"        [_thread_blocked, id=21700, stack(0x00000050f9f00000,0x00000050fa000000) (1024K)]
  0x0000017c4ca61070 JavaThread "Cache worker for cache directory md-supplier (C:\Users\Administrator\.gradle\caches\8.14.3\md-supplier)"        [_thread_blocked, id=24224, stack(0x00000050fa000000,0x00000050fa100000) (1024K)]
  0x0000017c4ca5e280 JavaThread "Cache worker for cache directory md-rule (C:\Users\Administrator\.gradle\caches\8.14.3\md-rule)"        [_thread_blocked, id=24516, stack(0x00000050fa100000,0x00000050fa200000) (1024K)]
  0x0000017c4ca5fcc0 JavaThread "Problems report writer"            [_thread_blocked, id=14432, stack(0x00000050fa200000,0x00000050fa300000) (1024K)]
  0x0000017c4ca5e910 JavaThread "Memory manager"                    [_thread_blocked, id=25768, stack(0x00000050fa300000,0x00000050fa400000) (1024K)]
  0x0000017c4ca609e0 JavaThread "Unconstrained build operations"        [_thread_blocked, id=20188, stack(0x00000050fa400000,0x00000050fa500000) (1024K)]
  0x0000017c4ca62420 JavaThread "Unconstrained build operations Thread 2"        [_thread_blocked, id=27348, stack(0x00000050fa500000,0x00000050fa600000) (1024K)]
  0x0000017c4ca5efa0 JavaThread "Unconstrained build operations Thread 3"        [_thread_blocked, id=23252, stack(0x00000050fa600000,0x00000050fa700000) (1024K)]
  0x0000017c4ca62ab0 JavaThread "Unconstrained build operations Thread 4"        [_thread_blocked, id=780, stack(0x00000050fa700000,0x00000050fa800000) (1024K)]
  0x0000017c4ca60350 JavaThread "Unconstrained build operations Thread 5"        [_thread_blocked, id=19944, stack(0x00000050fa800000,0x00000050fa900000) (1024K)]
  0x0000017c4ca63140 JavaThread "Unconstrained build operations Thread 6"        [_thread_blocked, id=4188, stack(0x00000050fa900000,0x00000050faa00000) (1024K)]
  0x0000017c4ca644f0 JavaThread "Unconstrained build operations Thread 7"        [_thread_blocked, id=3600, stack(0x00000050faa00000,0x00000050fab00000) (1024K)]
  0x0000017c4ca637d0 JavaThread "Unconstrained build operations Thread 8"        [_thread_blocked, id=14932, stack(0x00000050fab00000,0x00000050fac00000) (1024K)]
  0x0000017c4ca63e60 JavaThread "Unconstrained build operations Thread 9"        [_thread_blocked, id=28620, stack(0x00000050fac00000,0x00000050fad00000) (1024K)]
  0x0000017c4d9f6680 JavaThread "Unconstrained build operations Thread 10"        [_thread_blocked, id=19700, stack(0x00000050fad00000,0x00000050fae00000) (1024K)]
  0x0000017c4d9f8750 JavaThread "Unconstrained build operations Thread 11"        [_thread_blocked, id=16444, stack(0x00000050fae00000,0x00000050faf00000) (1024K)]
  0x0000017c4d9f5ff0 JavaThread "Unconstrained build operations Thread 12"        [_thread_blocked, id=18080, stack(0x00000050faf00000,0x00000050fb000000) (1024K)]
  0x0000017c4d9f8de0 JavaThread "Unconstrained build operations Thread 13"        [_thread_blocked, id=13000, stack(0x00000050fb000000,0x00000050fb100000) (1024K)]
  0x0000017c4d9f5960 JavaThread "Unconstrained build operations Thread 14"        [_thread_blocked, id=17972, stack(0x00000050fb100000,0x00000050fb200000) (1024K)]
  0x0000017c4d9f80c0 JavaThread "Unconstrained build operations Thread 15"        [_thread_blocked, id=20100, stack(0x00000050fb200000,0x00000050fb300000) (1024K)]
  0x0000017c4d9f6d10 JavaThread "Unconstrained build operations Thread 16"        [_thread_blocked, id=9076, stack(0x00000050fb300000,0x00000050fb400000) (1024K)]
  0x0000017c4d9f73a0 JavaThread "Unconstrained build operations Thread 17"        [_thread_blocked, id=21120, stack(0x00000050fb400000,0x00000050fb500000) (1024K)]
  0x0000017c4d9f7a30 JavaThread "Unconstrained build operations Thread 18"        [_thread_blocked, id=13400, stack(0x00000050fb500000,0x00000050fb600000) (1024K)]
  0x0000017c4e081230 JavaThread "Unconstrained build operations Thread 19"        [_thread_blocked, id=20432, stack(0x00000050fb600000,0x00000050fb700000) (1024K)]
  0x0000017c4e081f50 JavaThread "Unconstrained build operations Thread 20"        [_thread_blocked, id=16876, stack(0x00000050fb700000,0x00000050fb800000) (1024K)]
  0x0000017c4e080ba0 JavaThread "Unconstrained build operations Thread 21"        [_thread_blocked, id=17444, stack(0x00000050fb800000,0x00000050fb900000) (1024K)]
  0x0000017c4e084020 JavaThread "Unconstrained build operations Thread 22"        [_thread_blocked, id=25608, stack(0x00000050fb900000,0x00000050fba00000) (1024K)]
  0x0000017c4e0818c0 JavaThread "Unconstrained build operations Thread 23"        [_thread_blocked, id=21456, stack(0x00000050fba00000,0x00000050fbb00000) (1024K)]
  0x0000017c4e0825e0 JavaThread "Unconstrained build operations Thread 24"        [_thread_blocked, id=30364, stack(0x00000050fbb00000,0x00000050fbc00000) (1024K)]
  0x0000017c4e082c70 JavaThread "Unconstrained build operations Thread 25"        [_thread_blocked, id=28772, stack(0x00000050fbc00000,0x00000050fbd00000) (1024K)]
  0x0000017c4e083300 JavaThread "Unconstrained build operations Thread 26"        [_thread_blocked, id=23264, stack(0x00000050fbd00000,0x00000050fbe00000) (1024K)]
  0x0000017c4e083990 JavaThread "Unconstrained build operations Thread 27"        [_thread_blocked, id=11868, stack(0x00000050fbe00000,0x00000050fbf00000) (1024K)]
  0x0000017c4e1c00d0 JavaThread "Unconstrained build operations Thread 28"        [_thread_blocked, id=23336, stack(0x00000050fbf00000,0x00000050fc000000) (1024K)]
  0x0000017c4e1c3be0 JavaThread "Unconstrained build operations Thread 29"        [_thread_blocked, id=13788, stack(0x00000050fc000000,0x00000050fc100000) (1024K)]
  0x0000017c4e1c2830 JavaThread "Unconstrained build operations Thread 30"        [_thread_blocked, id=1600, stack(0x00000050fc100000,0x00000050fc200000) (1024K)]
  0x0000017c4e1c0df0 JavaThread "Unconstrained build operations Thread 31"        [_thread_blocked, id=29616, stack(0x00000050fc200000,0x00000050fc300000) (1024K)]
  0x0000017c4e1c2ec0 JavaThread "Unconstrained build operations Thread 32"        [_thread_blocked, id=24548, stack(0x00000050fc300000,0x00000050fc400000) (1024K)]
  0x0000017c4e1c21a0 JavaThread "Unconstrained build operations Thread 33"        [_thread_blocked, id=14656, stack(0x00000050fc400000,0x00000050fc500000) (1024K)]
  0x0000017c4e1c1480 JavaThread "build event listener"              [_thread_blocked, id=25812, stack(0x00000050fc500000,0x00000050fc600000) (1024K)]
  0x0000017c4e1c4270 JavaThread "included builds"                   [_thread_blocked, id=24604, stack(0x00000050fc600000,0x00000050fc700000) (1024K)]
  0x0000017c4e1c5620 JavaThread "Execution worker"                  [_thread_blocked, id=15472, stack(0x00000050fc700000,0x00000050fc800000) (1024K)]
  0x0000017c4e1c5cb0 JavaThread "Execution worker Thread 2"         [_thread_blocked, id=14900, stack(0x00000050fc800000,0x00000050fc900000) (1024K)]
  0x0000017c4e1c69d0 JavaThread "Execution worker Thread 3"         [_thread_blocked, id=23812, stack(0x00000050fc900000,0x00000050fca00000) (1024K)]
  0x0000017c4e1c7060 JavaThread "Execution worker Thread 4"         [_thread_blocked, id=5168, stack(0x00000050fca00000,0x00000050fcb00000) (1024K)]
  0x0000017c4cc8fc70 JavaThread "Execution worker Thread 5"         [_thread_blocked, id=13576, stack(0x00000050fcb00000,0x00000050fcc00000) (1024K)]
  0x0000017c4cc90990 JavaThread "Execution worker Thread 6"         [_thread_blocked, id=15672, stack(0x00000050fcc00000,0x00000050fcd00000) (1024K)]
  0x0000017c4cc8ef50 JavaThread "Execution worker Thread 7"         [_thread_blocked, id=8648, stack(0x00000050fcd00000,0x00000050fce00000) (1024K)]
  0x0000017c4cc90300 JavaThread "Execution worker Thread 8"         [_thread_blocked, id=4340, stack(0x00000050fce00000,0x00000050fcf00000) (1024K)]
  0x0000017c4cc91020 JavaThread "Execution worker Thread 9"         [_thread_blocked, id=28508, stack(0x00000050fcf00000,0x00000050fd000000) (1024K)]
  0x0000017c4cc8dba0 JavaThread "Execution worker Thread 10"        [_thread_blocked, id=1184, stack(0x00000050fd000000,0x00000050fd100000) (1024K)]
  0x0000017c4cc916b0 JavaThread "Execution worker Thread 11"        [_thread_blocked, id=27052, stack(0x00000050fd100000,0x00000050fd200000) (1024K)]
  0x0000017c4cc8e230 JavaThread "Cache worker for execution history cache (C:\Users\Administrator\Desktop\Android Studio\Antigravity\Anikku\anikku\buildSrc\.gradle\8.14.3\executionHistory)"        [_thread_blocked, id=30152, stack(0x00000050fd200000,0x00000050fd300000) (1024K)]
  0x0000017c4cc91d40 JavaThread "Unconstrained build operations Thread 34"        [_thread_blocked, id=13976, stack(0x00000050fd300000,0x00000050fd400000) (1024K)]
  0x0000017c4cc8e8c0 JavaThread "Unconstrained build operations Thread 35"        [_thread_blocked, id=24064, stack(0x00000050fd400000,0x00000050fd500000) (1024K)]
  0x0000017c4cc923d0 JavaThread "Unconstrained build operations Thread 36"        [_thread_blocked, id=4832, stack(0x00000050fd500000,0x00000050fd600000) (1024K)]
  0x0000017c4cc8f5e0 JavaThread "Unconstrained build operations Thread 37"        [_thread_blocked, id=29000, stack(0x00000050fd600000,0x00000050fd700000) (1024K)]
  0x0000017c4cc94b30 JavaThread "Unconstrained build operations Thread 38"        [_thread_blocked, id=9940, stack(0x00000050fd700000,0x00000050fd800000) (1024K)]
  0x0000017c4cc93780 JavaThread "Unconstrained build operations Thread 39"        [_thread_blocked, id=14684, stack(0x00000050fd800000,0x00000050fd900000) (1024K)]
  0x0000017c4cc93e10 JavaThread "Unconstrained build operations Thread 40"        [_thread_blocked, id=3524, stack(0x00000050fd900000,0x00000050fda00000) (1024K)]
  0x0000017c4cc951c0 JavaThread "Unconstrained build operations Thread 41"        [_thread_blocked, id=13340, stack(0x00000050fda00000,0x00000050fdb00000) (1024K)]
  0x0000017c4cc92a60 JavaThread "Unconstrained build operations Thread 42"        [_thread_blocked, id=12952, stack(0x00000050fdb00000,0x00000050fdc00000) (1024K)]
  0x0000017c4cc930f0 JavaThread "Unconstrained build operations Thread 43"        [_thread_blocked, id=30508, stack(0x00000050fdc00000,0x00000050fdd00000) (1024K)]
  0x0000017c4cc944a0 JavaThread "Unconstrained build operations Thread 44"        [_thread_blocked, id=4076, stack(0x00000050fdd00000,0x00000050fde00000) (1024K)]
  0x0000017c4e3cf560 JavaThread "Unconstrained build operations Thread 45"        [_thread_blocked, id=30460, stack(0x00000050fde00000,0x00000050fdf00000) (1024K)]
  0x0000017c4e3ce840 JavaThread "Unconstrained build operations Thread 46"        [_thread_blocked, id=30132, stack(0x00000050fdf00000,0x00000050fe000000) (1024K)]
  0x0000017c4e3cfbf0 JavaThread "Unconstrained build operations Thread 47"        [_thread_blocked, id=30136, stack(0x00000050fe000000,0x00000050fe100000) (1024K)]
  0x0000017c4e3cd490 JavaThread "Unconstrained build operations Thread 48"        [_thread_blocked, id=25312, stack(0x00000050fe100000,0x00000050fe200000) (1024K)]
  0x0000017c4e3d0280 JavaThread "Unconstrained build operations Thread 49"        [_thread_blocked, id=25804, stack(0x00000050fe200000,0x00000050fe300000) (1024K)]
  0x0000017c4e3ce1b0 JavaThread "Unconstrained build operations Thread 50"        [_thread_blocked, id=22324, stack(0x00000050fe300000,0x00000050fe400000) (1024K)]
  0x0000017c4e3ceed0 JavaThread "Unconstrained build operations Thread 51"        [_thread_blocked, id=4920, stack(0x00000050fe400000,0x00000050fe500000) (1024K)]
  0x0000017c4e3cce00 JavaThread "Unconstrained build operations Thread 52"        [_thread_blocked, id=21680, stack(0x00000050fe500000,0x00000050fe600000) (1024K)]
  0x0000017c4e3d3d90 JavaThread "Unconstrained build operations Thread 53"        [_thread_blocked, id=22600, stack(0x00000050fe600000,0x00000050fe700000) (1024K)]
  0x0000017c4e3d29e0 JavaThread "Unconstrained build operations Thread 54"        [_thread_blocked, id=13748, stack(0x00000050fe700000,0x00000050fe800000) (1024K)]
  0x0000017c4e3d3700 JavaThread "Unconstrained build operations Thread 55"        [_thread_blocked, id=30488, stack(0x00000050fe800000,0x00000050fe900000) (1024K)]
  0x0000017c4e3d3070 JavaThread "Unconstrained build operations Thread 56"        [_thread_blocked, id=29892, stack(0x00000050fe900000,0x00000050fea00000) (1024K)]
  0x0000017c4e3d0910 JavaThread "Unconstrained build operations Thread 57"        [_thread_blocked, id=29728, stack(0x00000050fea00000,0x00000050feb00000) (1024K)]
  0x0000017c4e3d2350 JavaThread "Unconstrained build operations Thread 58"        [_thread_blocked, id=27744, stack(0x00000050feb00000,0x00000050fec00000) (1024K)]
  0x0000017c4e3d1cc0 JavaThread "Unconstrained build operations Thread 59"        [_thread_blocked, id=28452, stack(0x00000050fec00000,0x00000050fed00000) (1024K)]
  0x0000017c4e3d4420 JavaThread "Unconstrained build operations Thread 60"        [_thread_blocked, id=14232, stack(0x00000050fed00000,0x00000050fee00000) (1024K)]
  0x0000017c4e3d0fa0 JavaThread "Unconstrained build operations Thread 61"        [_thread_blocked, id=8400, stack(0x00000050fee00000,0x00000050fef00000) (1024K)]
  0x0000017c4e3d1630 JavaThread "Unconstrained build operations Thread 62"        [_thread_blocked, id=16180, stack(0x00000050fef00000,0x00000050ff000000) (1024K)]
  0x0000017c55386000 JavaThread "Unconstrained build operations Thread 63"        [_thread_blocked, id=27728, stack(0x00000050ff000000,0x00000050ff100000) (1024K)]
  0x0000017c55383f30 JavaThread "Unconstrained build operations Thread 64"        [_thread_blocked, id=24172, stack(0x00000050ff100000,0x00000050ff200000) (1024K)]
  0x0000017c553845c0 JavaThread "Unconstrained build operations Thread 65"        [_thread_blocked, id=30608, stack(0x00000050ff200000,0x00000050ff300000) (1024K)]
  0x0000017c55386d20 JavaThread "Unconstrained build operations Thread 66"        [_thread_blocked, id=29596, stack(0x00000050ff300000,0x00000050ff400000) (1024K)]
  0x0000017c55384c50 JavaThread "Unconstrained build operations Thread 67"        [_thread_blocked, id=28388, stack(0x00000050ff400000,0x00000050ff500000) (1024K)]
  0x0000017c553852e0 JavaThread "Unconstrained build operations Thread 68"        [_thread_blocked, id=20376, stack(0x00000050ff500000,0x00000050ff600000) (1024K)]
  0x0000017c55385970 JavaThread "Unconstrained build operations Thread 69"        [_thread_blocked, id=10492, stack(0x00000050ff600000,0x00000050ff700000) (1024K)]
  0x0000017c55386690 JavaThread "Unconstrained build operations Thread 70"        [_thread_blocked, id=26372, stack(0x00000050ff700000,0x00000050ff800000) (1024K)]
  0x0000017c553838a0 JavaThread "Unconstrained build operations Thread 71"        [_thread_blocked, id=14408, stack(0x00000050ff800000,0x00000050ff900000) (1024K)]
  0x0000017c5538a1a0 JavaThread "Unconstrained build operations Thread 72"        [_thread_blocked, id=19108, stack(0x00000050ff900000,0x00000050ffa00000) (1024K)]
  0x0000017c55387a40 JavaThread "Unconstrained build operations Thread 73"        [_thread_blocked, id=4968, stack(0x00000050ffa00000,0x00000050ffb00000) (1024K)]
  0x0000017c5538a830 JavaThread "Unconstrained build operations Thread 74"        [_thread_blocked, id=12876, stack(0x00000050ffb00000,0x00000050ffc00000) (1024K)]
  0x0000017c55389480 JavaThread "Unconstrained build operations Thread 75"        [_thread_blocked, id=22268, stack(0x00000050f8000000,0x00000050f8100000) (1024K)]
  0x0000017c553873b0 JavaThread "Unconstrained build operations Thread 76"        [_thread_blocked, id=30588, stack(0x00000050ffc00000,0x00000050ffd00000) (1024K)]
  0x0000017c553880d0 JavaThread "Unconstrained build operations Thread 77"        [_thread_blocked, id=12784, stack(0x00000050ffe00000,0x00000050fff00000) (1024K)]
  0x0000017c55388760 JavaThread "Unconstrained build operations Thread 78"        [_thread_blocked, id=14304, stack(0x00000050fff00000,0x0000005100000000) (1024K)]
  0x0000017c55389b10 JavaThread "Unconstrained build operations Thread 79"        [_thread_blocked, id=16012, stack(0x0000005080000000,0x0000005080100000) (1024K)]
  0x0000017c4fe73c90 JavaThread "Unconstrained build operations Thread 80"        [_thread_blocked, id=24820, stack(0x0000005080100000,0x0000005080200000) (1024K)]
  0x0000017c4fe71530 JavaThread "Unconstrained build operations Thread 81"        [_thread_blocked, id=28432, stack(0x0000005080200000,0x0000005080300000) (1024K)]
  0x0000017c4fe74320 JavaThread "Unconstrained build operations Thread 82"        [_thread_blocked, id=27624, stack(0x0000005080300000,0x0000005080400000) (1024K)]
  0x0000017c4fe728e0 JavaThread "Unconstrained build operations Thread 83"        [_thread_blocked, id=29528, stack(0x0000005080400000,0x0000005080500000) (1024K)]
  0x0000017c4fe72f70 JavaThread "Unconstrained build operations Thread 84"        [_thread_blocked, id=8096, stack(0x0000005080500000,0x0000005080600000) (1024K)]
  0x0000017c4fe71bc0 JavaThread "Unconstrained build operations Thread 85"        [_thread_blocked, id=25448, stack(0x0000005080600000,0x0000005080700000) (1024K)]
  0x0000017c4fe70ea0 JavaThread "Unconstrained build operations Thread 86"        [_thread_blocked, id=22080, stack(0x0000005080700000,0x0000005080800000) (1024K)]
  0x0000017c4fe73600 JavaThread "Unconstrained build operations Thread 87"        [_thread_blocked, id=24520, stack(0x0000005080800000,0x0000005080900000) (1024K)]
  0x0000017c4fe72250 JavaThread "Unconstrained build operations Thread 88"        [_thread_blocked, id=24032, stack(0x0000005080900000,0x0000005080a00000) (1024K)]
  0x0000017c4fe763f0 JavaThread "Unconstrained build operations Thread 89"        [_thread_blocked, id=6268, stack(0x0000005080a00000,0x0000005080b00000) (1024K)]
  0x0000017c4fe75040 JavaThread "Unconstrained build operations Thread 90"        [_thread_blocked, id=29520, stack(0x0000005080b00000,0x0000005080c00000) (1024K)]
  0x0000017c4fe76a80 JavaThread "Unconstrained build operations Thread 91"        [_thread_blocked, id=25652, stack(0x0000005080c00000,0x0000005080d00000) (1024K)]
  0x0000017c4fe77110 JavaThread "Unconstrained build operations Thread 92"        [_thread_blocked, id=27448, stack(0x0000005080d00000,0x0000005080e00000) (1024K)]
  0x0000017c4fe749b0 JavaThread "Unconstrained build operations Thread 93"        [_thread_blocked, id=24920, stack(0x0000005080e00000,0x0000005080f00000) (1024K)]
  0x0000017c4fe777a0 JavaThread "Unconstrained build operations Thread 94"        [_thread_blocked, id=9744, stack(0x0000005080f00000,0x0000005081000000) (1024K)]
  0x0000017c4fe75d60 JavaThread "Unconstrained build operations Thread 95"        [_thread_blocked, id=2260, stack(0x0000005081000000,0x0000005081100000) (1024K)]
  0x0000017c4fe77e30 JavaThread "Unconstrained build operations Thread 96"        [_thread_blocked, id=4364, stack(0x0000005081100000,0x0000005081200000) (1024K)]
  0x0000017c4fe784c0 JavaThread "Unconstrained build operations Thread 97"        [_thread_blocked, id=10476, stack(0x0000005081200000,0x0000005081300000) (1024K)]
  0x0000017c4fe756d0 JavaThread "Unconstrained build operations Thread 98"        [_thread_blocked, id=5268, stack(0x0000005081300000,0x0000005081400000) (1024K)]
  0x0000017c4e641ba0 JavaThread "Unconstrained build operations Thread 99"        [_thread_blocked, id=6780, stack(0x0000005081400000,0x0000005081500000) (1024K)]
  0x0000017c4e6407f0 JavaThread "Unconstrained build operations Thread 100"        [_thread_blocked, id=20676, stack(0x0000005081500000,0x0000005081600000) (1024K)]
  0x0000017c4e63e720 JavaThread "Unconstrained build operations Thread 101"        [_thread_blocked, id=30344, stack(0x0000005081600000,0x0000005081700000) (1024K)]
  0x0000017c4e6435e0 JavaThread "Unconstrained build operations Thread 102"        [_thread_blocked, id=26888, stack(0x0000005081700000,0x0000005081800000) (1024K)]
  0x0000017c4e642230 JavaThread "Unconstrained build operations Thread 103"        [_thread_blocked, id=27932, stack(0x0000005081800000,0x0000005081900000) (1024K)]
  0x0000017c4e643c70 JavaThread "Unconstrained build operations Thread 104"        [_thread_blocked, id=7092, stack(0x0000005081900000,0x0000005081a00000) (1024K)]
  0x0000017c4e644990 JavaThread "Unconstrained build operations Thread 105"        [_thread_blocked, id=14916, stack(0x0000005081a00000,0x0000005081b00000) (1024K)]
  0x0000017c4e645d40 JavaThread "Unconstrained build operations Thread 106"        [_thread_blocked, id=8416, stack(0x0000005081b00000,0x0000005081c00000) (1024K)]
  0x0000017c4e642f50 JavaThread "Unconstrained build operations Thread 107"        [_thread_blocked, id=22224, stack(0x0000005081c00000,0x0000005081d00000) (1024K)]
  0x0000017c4e645020 JavaThread "Unconstrained build operations Thread 108"        [_thread_blocked, id=27276, stack(0x0000005081d00000,0x0000005081e00000) (1024K)]
  0x0000017c4e6456b0 JavaThread "Unconstrained build operations Thread 109"        [_thread_blocked, id=7596, stack(0x0000005081e00000,0x0000005081f00000) (1024K)]
  0x0000017c4e644300 JavaThread "Unconstrained build operations Thread 110"        [_thread_blocked, id=8956, stack(0x0000005081f00000,0x0000005082000000) (1024K)]
  0x0000017c4e6428c0 JavaThread "Unconstrained build operations Thread 111"        [_thread_blocked, id=20196, stack(0x0000005082000000,0x0000005082100000) (1024K)]
  0x0000017c4e6470f0 JavaThread "Unconstrained build operations Thread 112"        [_thread_blocked, id=15044, stack(0x0000005082100000,0x0000005082200000) (1024K)]
  0x0000017c4e646a60 JavaThread "Unconstrained build operations Thread 113"        [_thread_blocked, id=13152, stack(0x0000005082200000,0x0000005082300000) (1024K)]
  0x0000017c4e6463d0 JavaThread "Unconstrained build operations Thread 114"        [_thread_blocked, id=15120, stack(0x0000005082300000,0x0000005082400000) (1024K)]
  0x0000017c4e647780 JavaThread "Unconstrained build operations Thread 115"        [_thread_blocked, id=25196, stack(0x0000005082400000,0x0000005082500000) (1024K)]
  0x0000017c55388df0 JavaThread "Unconstrained build operations Thread 116"        [_thread_blocked, id=3700, stack(0x0000005082500000,0x0000005082600000) (1024K)]
  0x0000017c4c408c70 JavaThread "Unconstrained build operations Thread 117"        [_thread_blocked, id=29508, stack(0x0000005082600000,0x0000005082700000) (1024K)]
  0x0000017c4c409990 JavaThread "Unconstrained build operations Thread 118"        [_thread_blocked, id=8904, stack(0x0000005082700000,0x0000005082800000) (1024K)]
  0x0000017c4c407230 JavaThread "Unconstrained build operations Thread 119"        [_thread_blocked, id=26848, stack(0x0000005082800000,0x0000005082900000) (1024K)]
  0x0000017c4c4078c0 JavaThread "Unconstrained build operations Thread 120"        [_thread_blocked, id=1624, stack(0x0000005082900000,0x0000005082a00000) (1024K)]
  0x0000017c4c40a020 JavaThread "build event listener"              [_thread_blocked, id=26304, stack(0x0000005082a00000,0x0000005082b00000) (1024K)]
  0x0000017c4c40c780 JavaThread "build event listener"              [_thread_blocked, id=5180, stack(0x0000005082b00000,0x0000005082c00000) (1024K)]
  0x0000017c4c40a6b0 JavaThread "Exec process"                      [_thread_blocked, id=14904, stack(0x0000005082c00000,0x0000005082d00000) (1024K)]
  0x0000017c4c40e1c0 JavaThread "Exec process Thread 2"             [_thread_blocked, id=19684, stack(0x0000005082d00000,0x0000005082e00000) (1024K)]
  0x0000017c4c40b3d0 JavaThread "Exec process Thread 3"             [_thread_blocked, id=8100, stack(0x0000005082e00000,0x0000005082f00000) (1024K)]
  0x0000017c561986c0 JavaThread "C2 CompilerThread1"         daemon [_thread_blocked, id=24912, stack(0x0000005082f00000,0x0000005083000000) (1024K)]
  0x0000017c56197250 JavaThread "C2 CompilerThread2"         daemon [_thread_blocked, id=21692, stack(0x0000005083000000,0x0000005083100000) (1024K)]
  0x0000017c5513f680 JavaThread "Cache worker for execution history cache (C:\Users\Administrator\Desktop\Android Studio\Antigravity\Anikku\anikku\.gradle\8.14.3\executionHistory)"        [_thread_blocked, id=14032, stack(0x0000005083100000,0x0000005083200000) (1024K)]
Total: 177

Other Threads:
=>0x0000017c02b4b1d0 VMThread "VM Thread"                           [id=4860, stack(0x00000050f7400000,0x00000050f7500000) (1024K)]
  0x0000017c02c111f0 WatcherThread "VM Periodic Task Thread"        [id=23080, stack(0x00000050f7300000,0x00000050f7400000) (1024K)]
  0x0000017c6315a1c0 WorkerThread "GC Thread#0"                     [id=20680, stack(0x00000050f6e00000,0x00000050f6f00000) (1024K)]
  0x0000017c02b4a310 WorkerThread "GC Thread#1"                     [id=21464, stack(0x00000050f8100000,0x00000050f8200000) (1024K)]
  0x0000017c02b4b580 WorkerThread "GC Thread#2"                     [id=8652, stack(0x00000050f8200000,0x00000050f8300000) (1024K)]
  0x0000017c02b49bb0 WorkerThread "GC Thread#3"                     [id=24004, stack(0x00000050f8300000,0x00000050f8400000) (1024K)]
  0x0000017c02b4aa70 WorkerThread "GC Thread#4"                     [id=22628, stack(0x00000050f8400000,0x00000050f8500000) (1024K)]
  0x0000017c02b4a6c0 WorkerThread "GC Thread#5"                     [id=28836, stack(0x00000050f8500000,0x00000050f8600000) (1024K)]
  0x0000017c02b4ae20 WorkerThread "GC Thread#6"                     [id=27572, stack(0x00000050f8600000,0x00000050f8700000) (1024K)]
  0x0000017c480982e0 WorkerThread "GC Thread#7"                     [id=6888, stack(0x00000050f8700000,0x00000050f8800000) (1024K)]
  0x0000017c480961b0 WorkerThread "GC Thread#8"                     [id=3560, stack(0x00000050f8800000,0x00000050f8900000) (1024K)]
  0x0000017c48098a40 WorkerThread "GC Thread#9"                     [id=24676, stack(0x00000050f8900000,0x00000050f8a00000) (1024K)]
  0x0000017c6316b0c0 ConcurrentGCThread "G1 Main Marker"            [id=24408, stack(0x00000050f6f00000,0x00000050f7000000) (1024K)]
  0x0000017c6316ec30 WorkerThread "G1 Conc#0"                       [id=27480, stack(0x00000050f7000000,0x00000050f7100000) (1024K)]
  0x0000017c4b9aa290 WorkerThread "G1 Conc#1"                       [id=24052, stack(0x00000050f9700000,0x00000050f9800000) (1024K)]
  0x0000017c4b9a9780 WorkerThread "G1 Conc#2"                       [id=16768, stack(0x00000050f9800000,0x00000050f9900000) (1024K)]
  0x0000017c02a8e0e0 ConcurrentGCThread "G1 Refine#0"               [id=28316, stack(0x00000050f7100000,0x00000050f7200000) (1024K)]
  0x0000017c02a8e910 ConcurrentGCThread "G1 Service"                [id=22164, stack(0x00000050f7200000,0x00000050f7300000) (1024K)]
Total: 18

Threads with active compile tasks:
C2 CompilerThread0  17138 20911       4       org.gradle.internal.snapshot.MerkleDirectorySnapshotBuilder$Directory::fold (145 bytes)
C1 CompilerThread0  17138 20932       3       org.gradle.internal.resource.cached.AbstractCachedIndex::lookup (55 bytes)
C2 CompilerThread1  17138 20712       4       org.gradle.api.internal.artifacts.ivyservice.resolveengine.graph.builder.DependencyGraphBuilder::resolveEdges (47 bytes)
C2 CompilerThread2  17138 20897       4       org.gradle.api.internal.artifacts.ivyservice.resolveengine.graph.builder.DependencyGraphBuilder::performSelectionSerially (119 bytes)
Total: 4

VM state: at safepoint (normal execution)

VM Mutex/Monitor currently owned by a thread:  ([mutex/lock_event])
[0x00007ff815309b28] Threads_lock - owner thread: 0x0000017c02b4b1d0
[0x00007ff815309c28] Heap_lock - owner thread: 0x0000017c553852e0

Heap address: 0x0000000700000000, size: 4096 MB, Compressed Oops mode: Zero based, Oop shift amount: 3

CDS archive(s) mapped at: [0x0000017c03000000-0x0000017c03cd0000-0x0000017c03cd0000), size 13434880, SharedBaseAddress: 0x0000017c03000000, ArchiveRelocationMode: 1.
Compressed class space mapped at: 0x0000017c04000000-0x0000017c44000000, reserved size: 1073741824
Narrow klass base: 0x0000017c03000000, Narrow klass shift: 0, Narrow klass range: 0x100000000

GC Precious Log:
 CardTable entry size: 512
 Card Set container configuration: InlinePtr #cards 4 size 8 Array Of Cards #cards 16 size 48 Howl #buckets 8 coarsen threshold 3686 Howl Bitmap #cards 512 size 80 coarsen threshold 460 Card regions per heap region 1 cards per card region 4096
 CPUs: 12 total, 12 available
 Memory: 31913M
 Large Page Support: Disabled
 NUMA Support: Disabled
 Compressed Oops: Enabled (Zero based)
 Heap Region Size: 2M
 Heap Min Capacity: 8M
 Heap Initial Capacity: 500M
 Heap Max Capacity: 4G
 Pre-touch: Disabled
 Parallel Workers: 10
 Concurrent Workers: 3
 Concurrent Refinement Workers: 10
 Periodic GC: Disabled

Heap:
 garbage-first heap   total 514048K, used 259885K [0x0000000700000000, 0x0000000800000000)
  region size 2048K, 6 young (12288K), 6 survivors (12288K)
 Metaspace       used 132651K, committed 135360K, reserved 1179648K
  class space    used 18252K, committed 19648K, reserved 1048576K

Heap Regions: E=young(eden), S=young(survivor), O=old, HS=humongous(starts), HC=humongous(continues), CS=collection set, F=free, TAMS=top-at-mark-start, PB=parsable bottom
|   0|0x0000000700000000, 0x0000000700200000, 0x0000000700200000|100%|HS|  |TAMS 0x0000000700000000| PB 0x0000000700000000| Complete 
|   1|0x0000000700200000, 0x0000000700400000, 0x0000000700400000|100%|HC|  |TAMS 0x0000000700200000| PB 0x0000000700200000| Complete 
|   2|0x0000000700400000, 0x0000000700600000, 0x0000000700600000|100%| O|  |TAMS 0x0000000700400000| PB 0x0000000700400000| Untracked 
|   3|0x0000000700600000, 0x0000000700800000, 0x0000000700800000|100%| O|  |TAMS 0x0000000700600000| PB 0x0000000700600000| Untracked 
|   4|0x0000000700800000, 0x0000000700a00000, 0x0000000700a00000|100%| O|  |TAMS 0x0000000700800000| PB 0x0000000700800000| Untracked 
|   5|0x0000000700a00000, 0x0000000700be7890, 0x0000000700c00000| 95%| O|  |TAMS 0x0000000700a00000| PB 0x0000000700a00000| Untracked 
|   6|0x0000000700c00000, 0x0000000700e00000, 0x0000000700e00000|100%| O|  |TAMS 0x0000000700c00000| PB 0x0000000700c00000| Untracked 
|   7|0x0000000700e00000, 0x0000000701000000, 0x0000000701000000|100%| O|  |TAMS 0x0000000700e00000| PB 0x0000000700e00000| Untracked 
|   8|0x0000000701000000, 0x0000000701200000, 0x0000000701200000|100%| O|  |TAMS 0x0000000701000000| PB 0x0000000701000000| Untracked 
|   9|0x0000000701200000, 0x0000000701400000, 0x0000000701400000|100%| O|  |TAMS 0x0000000701200000| PB 0x0000000701200000| Untracked 
|  10|0x0000000701400000, 0x0000000701600000, 0x0000000701600000|100%| O|  |TAMS 0x0000000701400000| PB 0x0000000701400000| Untracked 
|  11|0x0000000701600000, 0x0000000701800000, 0x0000000701800000|100%|HS|  |TAMS 0x0000000701600000| PB 0x0000000701600000| Complete 
|  12|0x0000000701800000, 0x0000000701a00000, 0x0000000701a00000|100%| O|  |TAMS 0x0000000701800000| PB 0x0000000701800000| Untracked 
|  13|0x0000000701a00000, 0x0000000701c00000, 0x0000000701c00000|100%| O|  |TAMS 0x0000000701a00000| PB 0x0000000701a00000| Untracked 
|  14|0x0000000701c00000, 0x0000000701e00000, 0x0000000701e00000|100%| O|  |TAMS 0x0000000701c00000| PB 0x0000000701c00000| Untracked 
|  15|0x0000000701e00000, 0x0000000702000000, 0x0000000702000000|100%| O|  |TAMS 0x0000000701e00000| PB 0x0000000701e00000| Untracked 
|  16|0x0000000702000000, 0x0000000702200000, 0x0000000702200000|100%| O|  |TAMS 0x0000000702000000| PB 0x0000000702000000| Untracked 
|  17|0x0000000702200000, 0x0000000702400000, 0x0000000702400000|100%| O|  |TAMS 0x0000000702200000| PB 0x0000000702200000| Untracked 
|  18|0x0000000702400000, 0x0000000702600000, 0x0000000702600000|100%| O|  |TAMS 0x0000000702400000| PB 0x0000000702400000| Untracked 
|  19|0x0000000702600000, 0x0000000702800000, 0x0000000702800000|100%| O|  |TAMS 0x0000000702600000| PB 0x0000000702600000| Untracked 
|  20|0x0000000702800000, 0x0000000702a00000, 0x0000000702a00000|100%| O|  |TAMS 0x0000000702800000| PB 0x0000000702800000| Untracked 
|  21|0x0000000702a00000, 0x0000000702c00000, 0x0000000702c00000|100%| O|  |TAMS 0x0000000702a00000| PB 0x0000000702a00000| Untracked 
|  22|0x0000000702c00000, 0x0000000702c00000, 0x0000000702e00000|  0%| F|  |TAMS 0x0000000702c00000| PB 0x0000000702c00000| Untracked 
|  23|0x0000000702e00000, 0x0000000703000000, 0x0000000703000000|100%|HS|  |TAMS 0x0000000702e00000| PB 0x0000000702e00000| Complete 
|  24|0x0000000703000000, 0x0000000703200000, 0x0000000703200000|100%| O|  |TAMS 0x0000000703000000| PB 0x0000000703000000| Untracked 
|  25|0x0000000703200000, 0x0000000703400000, 0x0000000703400000|100%|HS|  |TAMS 0x0000000703200000| PB 0x0000000703200000| Complete 
|  26|0x0000000703400000, 0x0000000703600000, 0x0000000703600000|100%|HC|  |TAMS 0x0000000703400000| PB 0x0000000703400000| Complete 
|  27|0x0000000703600000, 0x0000000703800000, 0x0000000703800000|100%| O|  |TAMS 0x0000000703600000| PB 0x0000000703600000| Untracked 
|  28|0x0000000703800000, 0x0000000703a00000, 0x0000000703a00000|100%| O|  |TAMS 0x0000000703800000| PB 0x0000000703800000| Untracked 
|  29|0x0000000703a00000, 0x0000000703c00000, 0x0000000703c00000|100%| O|  |TAMS 0x0000000703a00000| PB 0x0000000703a00000| Untracked 
|  30|0x0000000703c00000, 0x0000000703e00000, 0x0000000703e00000|100%| O|  |TAMS 0x0000000703c00000| PB 0x0000000703c00000| Untracked 
|  31|0x0000000703e00000, 0x0000000704000000, 0x0000000704000000|100%| O|  |TAMS 0x0000000703e00000| PB 0x0000000703e00000| Untracked 
|  32|0x0000000704000000, 0x0000000704200000, 0x0000000704200000|100%| O|  |TAMS 0x0000000704000000| PB 0x0000000704000000| Untracked 
|  33|0x0000000704200000, 0x0000000704400000, 0x0000000704400000|100%| O|  |TAMS 0x0000000704200000| PB 0x0000000704200000| Untracked 
|  34|0x0000000704400000, 0x0000000704600000, 0x0000000704600000|100%|HS|  |TAMS 0x0000000704400000| PB 0x0000000704400000| Complete 
|  35|0x0000000704600000, 0x0000000704800000, 0x0000000704800000|100%|HC|  |TAMS 0x0000000704600000| PB 0x0000000704600000| Complete 
|  36|0x0000000704800000, 0x0000000704a00000, 0x0000000704a00000|100%| O|  |TAMS 0x0000000704800000| PB 0x0000000704800000| Untracked 
|  37|0x0000000704a00000, 0x0000000704c00000, 0x0000000704c00000|100%|HS|  |TAMS 0x0000000704a00000| PB 0x0000000704a00000| Complete 
|  38|0x0000000704c00000, 0x0000000704e00000, 0x0000000704e00000|100%|HS|  |TAMS 0x0000000704c00000| PB 0x0000000704c00000| Complete 
|  39|0x0000000704e00000, 0x0000000705000000, 0x0000000705000000|100%| O|  |TAMS 0x0000000704e00000| PB 0x0000000704e00000| Untracked 
|  40|0x0000000705000000, 0x0000000705200000, 0x0000000705200000|100%| O|  |TAMS 0x0000000705000000| PB 0x0000000705000000| Untracked 
|  41|0x0000000705200000, 0x0000000705400000, 0x0000000705400000|100%| O|  |TAMS 0x0000000705200000| PB 0x0000000705200000| Untracked 
|  42|0x0000000705400000, 0x0000000705600000, 0x0000000705600000|100%| O|  |TAMS 0x0000000705400000| PB 0x0000000705400000| Untracked 
|  43|0x0000000705600000, 0x0000000705800000, 0x0000000705800000|100%| O|  |TAMS 0x0000000705600000| PB 0x0000000705600000| Untracked 
|  44|0x0000000705800000, 0x0000000705a00000, 0x0000000705a00000|100%| O|  |TAMS 0x0000000705800000| PB 0x0000000705800000| Untracked 
|  45|0x0000000705a00000, 0x0000000705c00000, 0x0000000705c00000|100%| O|  |TAMS 0x0000000705a00000| PB 0x0000000705a00000| Untracked 
|  46|0x0000000705c00000, 0x0000000705e00000, 0x0000000705e00000|100%| O|  |TAMS 0x0000000705c00000| PB 0x0000000705c00000| Untracked 
|  47|0x0000000705e00000, 0x0000000706000000, 0x0000000706000000|100%| O|  |TAMS 0x0000000705e00000| PB 0x0000000705e00000| Untracked 
|  48|0x0000000706000000, 0x0000000706200000, 0x0000000706200000|100%| O|  |TAMS 0x0000000706000000| PB 0x0000000706000000| Untracked 
|  49|0x0000000706200000, 0x0000000706400000, 0x0000000706400000|100%| O|  |TAMS 0x0000000706200000| PB 0x0000000706200000| Untracked 
|  50|0x0000000706400000, 0x0000000706600000, 0x0000000706600000|100%| O|  |TAMS 0x0000000706400000| PB 0x0000000706400000| Untracked 
|  51|0x0000000706600000, 0x0000000706800000, 0x0000000706800000|100%| O|  |TAMS 0x0000000706600000| PB 0x0000000706600000| Untracked 
|  52|0x0000000706800000, 0x0000000706a00000, 0x0000000706a00000|100%| O|  |TAMS 0x0000000706800000| PB 0x0000000706800000| Untracked 
|  53|0x0000000706a00000, 0x0000000706c00000, 0x0000000706c00000|100%| O|  |TAMS 0x0000000706a00000| PB 0x0000000706a00000| Untracked 
|  54|0x0000000706c00000, 0x0000000706e00000, 0x0000000706e00000|100%| O|  |TAMS 0x0000000706c00000| PB 0x0000000706c00000| Untracked 
|  55|0x0000000706e00000, 0x0000000707000000, 0x0000000707000000|100%| O|  |TAMS 0x0000000706e00000| PB 0x0000000706e00000| Untracked 
|  56|0x0000000707000000, 0x0000000707200000, 0x0000000707200000|100%| O|  |TAMS 0x0000000707000000| PB 0x0000000707000000| Untracked 
|  57|0x0000000707200000, 0x0000000707400000, 0x0000000707400000|100%| O|  |TAMS 0x0000000707200000| PB 0x0000000707200000| Untracked 
|  58|0x0000000707400000, 0x0000000707600000, 0x0000000707600000|100%| O|  |TAMS 0x0000000707400000| PB 0x0000000707400000| Untracked 
|  59|0x0000000707600000, 0x0000000707800000, 0x0000000707800000|100%| O|  |TAMS 0x0000000707600000| PB 0x0000000707600000| Untracked 
|  60|0x0000000707800000, 0x0000000707a00000, 0x0000000707a00000|100%| O|  |TAMS 0x0000000707800000| PB 0x0000000707800000| Untracked 
|  61|0x0000000707a00000, 0x0000000707c00000, 0x0000000707c00000|100%| O|  |TAMS 0x0000000707a00000| PB 0x0000000707a00000| Untracked 
|  62|0x0000000707c00000, 0x0000000707e00000, 0x0000000707e00000|100%| O|  |TAMS 0x0000000707c00000| PB 0x0000000707c00000| Untracked 
|  63|0x0000000707e00000, 0x0000000708000000, 0x0000000708000000|100%| O|  |TAMS 0x0000000707e00000| PB 0x0000000707e00000| Untracked 
|  64|0x0000000708000000, 0x0000000708200000, 0x0000000708200000|100%| O|  |TAMS 0x0000000708000000| PB 0x0000000708000000| Untracked 
|  65|0x0000000708200000, 0x0000000708400000, 0x0000000708400000|100%| O|  |TAMS 0x0000000708200000| PB 0x0000000708200000| Untracked 
|  66|0x0000000708400000, 0x0000000708600000, 0x0000000708600000|100%| O|  |TAMS 0x0000000708400000| PB 0x0000000708400000| Untracked 
|  67|0x0000000708600000, 0x0000000708800000, 0x0000000708800000|100%| O|  |TAMS 0x0000000708600000| PB 0x0000000708600000| Untracked 
|  68|0x0000000708800000, 0x0000000708a00000, 0x0000000708a00000|100%| O|  |TAMS 0x0000000708800000| PB 0x0000000708800000| Untracked 
|  69|0x0000000708a00000, 0x0000000708c00000, 0x0000000708c00000|100%| O|  |TAMS 0x0000000708a00000| PB 0x0000000708a00000| Untracked 
|  70|0x0000000708c00000, 0x0000000708e00000, 0x0000000708e00000|100%| O|  |TAMS 0x0000000708c00000| PB 0x0000000708c00000| Untracked 
|  71|0x0000000708e00000, 0x0000000709000000, 0x0000000709000000|100%| O|  |TAMS 0x0000000708e00000| PB 0x0000000708e00000| Untracked 
|  72|0x0000000709000000, 0x0000000709200000, 0x0000000709200000|100%| O|  |TAMS 0x0000000709000000| PB 0x0000000709000000| Untracked 
|  73|0x0000000709200000, 0x0000000709400000, 0x0000000709400000|100%| O|  |TAMS 0x0000000709200000| PB 0x0000000709200000| Untracked 
|  74|0x0000000709400000, 0x0000000709600000, 0x0000000709600000|100%| O|  |TAMS 0x0000000709400000| PB 0x0000000709400000| Untracked 
|  75|0x0000000709600000, 0x0000000709800000, 0x0000000709800000|100%| O|  |TAMS 0x0000000709600000| PB 0x0000000709600000| Untracked 
|  76|0x0000000709800000, 0x0000000709a00000, 0x0000000709a00000|100%| O|  |TAMS 0x0000000709800000| PB 0x0000000709800000| Untracked 
|  77|0x0000000709a00000, 0x0000000709c00000, 0x0000000709c00000|100%| O|  |TAMS 0x0000000709a00000| PB 0x0000000709a00000| Untracked 
|  78|0x0000000709c00000, 0x0000000709e00000, 0x0000000709e00000|100%| O|  |TAMS 0x0000000709c00000| PB 0x0000000709c00000| Untracked 
|  79|0x0000000709e00000, 0x000000070a000000, 0x000000070a000000|100%| O|  |TAMS 0x0000000709e00000| PB 0x0000000709e00000| Untracked 
|  80|0x000000070a000000, 0x000000070a200000, 0x000000070a200000|100%| O|  |TAMS 0x000000070a000000| PB 0x000000070a000000| Untracked 
|  81|0x000000070a200000, 0x000000070a400000, 0x000000070a400000|100%| O|  |TAMS 0x000000070a200000| PB 0x000000070a200000| Untracked 
|  82|0x000000070a400000, 0x000000070a600000, 0x000000070a600000|100%| O|  |TAMS 0x000000070a400000| PB 0x000000070a400000| Untracked 
|  83|0x000000070a600000, 0x000000070a600000, 0x000000070a800000|  0%| F|  |TAMS 0x000000070a600000| PB 0x000000070a600000| Untracked 
|  84|0x000000070a800000, 0x000000070aa00000, 0x000000070aa00000|100%| O|  |TAMS 0x000000070a800000| PB 0x000000070a800000| Untracked 
|  85|0x000000070aa00000, 0x000000070ac00000, 0x000000070ac00000|100%| O|  |TAMS 0x000000070aa00000| PB 0x000000070aa00000| Untracked 
|  86|0x000000070ac00000, 0x000000070ae00000, 0x000000070ae00000|100%| O|  |TAMS 0x000000070ac00000| PB 0x000000070ac00000| Untracked 
|  87|0x000000070ae00000, 0x000000070b000000, 0x000000070b000000|100%| O|  |TAMS 0x000000070ae00000| PB 0x000000070ae00000| Untracked 
|  88|0x000000070b000000, 0x000000070b200000, 0x000000070b200000|100%| O|  |TAMS 0x000000070b000000| PB 0x000000070b000000| Untracked 
|  89|0x000000070b200000, 0x000000070b400000, 0x000000070b400000|100%| O|  |TAMS 0x000000070b200000| PB 0x000000070b200000| Untracked 
|  90|0x000000070b400000, 0x000000070b600000, 0x000000070b600000|100%| O|  |TAMS 0x000000070b400000| PB 0x000000070b400000| Untracked 
|  91|0x000000070b600000, 0x000000070b800000, 0x000000070b800000|100%| O|  |TAMS 0x000000070b600000| PB 0x000000070b600000| Untracked 
|  92|0x000000070b800000, 0x000000070ba00000, 0x000000070ba00000|100%| O|  |TAMS 0x000000070b800000| PB 0x000000070b800000| Untracked 
|  93|0x000000070ba00000, 0x000000070bc00000, 0x000000070bc00000|100%| O|  |TAMS 0x000000070ba00000| PB 0x000000070ba00000| Untracked 
|  94|0x000000070bc00000, 0x000000070be00000, 0x000000070be00000|100%| O|  |TAMS 0x000000070bc00000| PB 0x000000070bc00000| Untracked 
|  95|0x000000070be00000, 0x000000070c000000, 0x000000070c000000|100%| O|  |TAMS 0x000000070be00000| PB 0x000000070be00000| Untracked 
|  96|0x000000070c000000, 0x000000070c200000, 0x000000070c200000|100%| O|  |TAMS 0x000000070c000000| PB 0x000000070c000000| Untracked 
|  97|0x000000070c200000, 0x000000070c400000, 0x000000070c400000|100%| O|  |TAMS 0x000000070c200000| PB 0x000000070c200000| Untracked 
|  98|0x000000070c400000, 0x000000070c600000, 0x000000070c600000|100%| O|  |TAMS 0x000000070c400000| PB 0x000000070c400000| Untracked 
|  99|0x000000070c600000, 0x000000070c800000, 0x000000070c800000|100%| O|  |TAMS 0x000000070c600000| PB 0x000000070c600000| Untracked 
| 100|0x000000070c800000, 0x000000070ca00000, 0x000000070ca00000|100%| O|  |TAMS 0x000000070c800000| PB 0x000000070c800000| Untracked 
| 101|0x000000070ca00000, 0x000000070cc00000, 0x000000070cc00000|100%| O|  |TAMS 0x000000070ca00000| PB 0x000000070ca00000| Untracked 
| 102|0x000000070cc00000, 0x000000070ce00000, 0x000000070ce00000|100%| O|  |TAMS 0x000000070cc00000| PB 0x000000070cc00000| Untracked 
| 103|0x000000070ce00000, 0x000000070ce00000, 0x000000070d000000|  0%| F|  |TAMS 0x000000070ce00000| PB 0x000000070ce00000| Untracked 
| 104|0x000000070d000000, 0x000000070d200000, 0x000000070d200000|100%| O|  |TAMS 0x000000070d000000| PB 0x000000070d000000| Untracked 
| 105|0x000000070d200000, 0x000000070d400000, 0x000000070d400000|100%| O|  |TAMS 0x000000070d200000| PB 0x000000070d200000| Untracked 
| 106|0x000000070d400000, 0x000000070d600000, 0x000000070d600000|100%| O|  |TAMS 0x000000070d400000| PB 0x000000070d400000| Untracked 
| 107|0x000000070d600000, 0x000000070d800000, 0x000000070d800000|100%| O|  |TAMS 0x000000070d600000| PB 0x000000070d600000| Untracked 
| 108|0x000000070d800000, 0x000000070da00000, 0x000000070da00000|100%| O|  |TAMS 0x000000070d800000| PB 0x000000070d800000| Untracked 
| 109|0x000000070da00000, 0x000000070dc00000, 0x000000070dc00000|100%| O|  |TAMS 0x000000070da00000| PB 0x000000070da00000| Untracked 
| 110|0x000000070dc00000, 0x000000070de00000, 0x000000070de00000|100%| O|  |TAMS 0x000000070dc00000| PB 0x000000070dc00000| Untracked 
| 111|0x000000070de00000, 0x000000070e000000, 0x000000070e000000|100%| O|  |TAMS 0x000000070de00000| PB 0x000000070de00000| Untracked 
| 112|0x000000070e000000, 0x000000070e200000, 0x000000070e200000|100%| O|  |TAMS 0x000000070e000000| PB 0x000000070e000000| Untracked 
| 113|0x000000070e200000, 0x000000070e400000, 0x000000070e400000|100%| O|  |TAMS 0x000000070e200000| PB 0x000000070e200000| Untracked 
| 114|0x000000070e400000, 0x000000070e600000, 0x000000070e600000|100%| O|  |TAMS 0x000000070e400000| PB 0x000000070e400000| Untracked 
| 115|0x000000070e600000, 0x000000070e800000, 0x000000070e800000|100%| O|  |TAMS 0x000000070e600000| PB 0x000000070e600000| Untracked 
| 116|0x000000070e800000, 0x000000070e800000, 0x000000070ea00000|  0%| F|  |TAMS 0x000000070e800000| PB 0x000000070e800000| Untracked 
| 117|0x000000070ea00000, 0x000000070ea00000, 0x000000070ec00000|  0%| F|  |TAMS 0x000000070ea00000| PB 0x000000070ea00000| Untracked 
| 118|0x000000070ec00000, 0x000000070ee00000, 0x000000070ee00000|100%| O|  |TAMS 0x000000070ec00000| PB 0x000000070ec00000| Untracked 
| 119|0x000000070ee00000, 0x000000070f000000, 0x000000070f000000|100%| O|  |TAMS 0x000000070ee00000| PB 0x000000070ee00000| Untracked 
| 120|0x000000070f000000, 0x000000070f200000, 0x000000070f200000|100%| O|  |TAMS 0x000000070f000000| PB 0x000000070f000000| Untracked 
| 121|0x000000070f200000, 0x000000070f400000, 0x000000070f400000|100%| O|  |TAMS 0x000000070f200000| PB 0x000000070f200000| Untracked 
| 122|0x000000070f400000, 0x000000070f600000, 0x000000070f600000|100%| O|  |TAMS 0x000000070f400000| PB 0x000000070f400000| Untracked 
| 123|0x000000070f600000, 0x000000070f800000, 0x000000070f800000|100%| O|  |TAMS 0x000000070f600000| PB 0x000000070f600000| Untracked 
| 124|0x000000070f800000, 0x000000070fa00000, 0x000000070fa00000|100%| O|  |TAMS 0x000000070f800000| PB 0x000000070f800000| Untracked 
| 125|0x000000070fa00000, 0x000000070fa28c58, 0x000000070fc00000|  7%| O|  |TAMS 0x000000070fa00000| PB 0x000000070fa00000| Untracked 
| 126|0x000000070fc00000, 0x000000070fc00000, 0x000000070fe00000|  0%| F|  |TAMS 0x000000070fc00000| PB 0x000000070fc00000| Untracked 
| 127|0x000000070fe00000, 0x000000070fe00000, 0x0000000710000000|  0%| F|  |TAMS 0x000000070fe00000| PB 0x000000070fe00000| Untracked 
| 128|0x0000000710000000, 0x0000000710000000, 0x0000000710200000|  0%| F|  |TAMS 0x0000000710000000| PB 0x0000000710000000| Untracked 
| 129|0x0000000710200000, 0x0000000710200000, 0x0000000710400000|  0%| F|  |TAMS 0x0000000710200000| PB 0x0000000710200000| Untracked 
| 130|0x0000000710400000, 0x0000000710400000, 0x0000000710600000|  0%| F|  |TAMS 0x0000000710400000| PB 0x0000000710400000| Untracked 
| 131|0x0000000710600000, 0x0000000710600000, 0x0000000710800000|  0%| F|  |TAMS 0x0000000710600000| PB 0x0000000710600000| Untracked 
| 132|0x0000000710800000, 0x0000000710800000, 0x0000000710a00000|  0%| F|  |TAMS 0x0000000710800000| PB 0x0000000710800000| Untracked 
| 133|0x0000000710a00000, 0x0000000710a00000, 0x0000000710c00000|  0%| F|  |TAMS 0x0000000710a00000| PB 0x0000000710a00000| Untracked 
| 134|0x0000000710c00000, 0x0000000710c00000, 0x0000000710e00000|  0%| F|  |TAMS 0x0000000710c00000| PB 0x0000000710c00000| Untracked 
| 135|0x0000000710e00000, 0x0000000710fbb160, 0x0000000711000000| 86%| S|CS|TAMS 0x0000000710e00000| PB 0x0000000710e00000| Complete 
| 136|0x0000000711000000, 0x0000000711200000, 0x0000000711200000|100%| S|CS|TAMS 0x0000000711000000| PB 0x0000000711000000| Complete 
| 137|0x0000000711200000, 0x0000000711400000, 0x0000000711400000|100%| S|CS|TAMS 0x0000000711200000| PB 0x0000000711200000| Complete 
| 138|0x0000000711400000, 0x0000000711600000, 0x0000000711600000|100%| S|CS|TAMS 0x0000000711400000| PB 0x0000000711400000| Complete 
| 139|0x0000000711600000, 0x0000000711800000, 0x0000000711800000|100%| S|CS|TAMS 0x0000000711600000| PB 0x0000000711600000| Complete 
| 140|0x0000000711800000, 0x0000000711a00000, 0x0000000711a00000|100%| S|CS|TAMS 0x0000000711800000| PB 0x0000000711800000| Complete 
| 141|0x0000000711a00000, 0x0000000711a00000, 0x0000000711c00000|  0%| F|  |TAMS 0x0000000711a00000| PB 0x0000000711a00000| Untracked 
| 142|0x0000000711c00000, 0x0000000711c00000, 0x0000000711e00000|  0%| F|  |TAMS 0x0000000711c00000| PB 0x0000000711c00000| Untracked 
| 143|0x0000000711e00000, 0x0000000711e00000, 0x0000000712000000|  0%| F|  |TAMS 0x0000000711e00000| PB 0x0000000711e00000| Untracked 
| 144|0x0000000712000000, 0x0000000712000000, 0x0000000712200000|  0%| F|  |TAMS 0x0000000712000000| PB 0x0000000712000000| Untracked 
| 145|0x0000000712200000, 0x0000000712200000, 0x0000000712400000|  0%| F|  |TAMS 0x0000000712200000| PB 0x0000000712200000| Untracked 
| 146|0x0000000712400000, 0x0000000712400000, 0x0000000712600000|  0%| F|  |TAMS 0x0000000712400000| PB 0x0000000712400000| Untracked 
| 147|0x0000000712600000, 0x0000000712600000, 0x0000000712800000|  0%| F|  |TAMS 0x0000000712600000| PB 0x0000000712600000| Untracked 
| 148|0x0000000712800000, 0x0000000712800000, 0x0000000712a00000|  0%| F|  |TAMS 0x0000000712800000| PB 0x0000000712800000| Untracked 
| 149|0x0000000712a00000, 0x0000000712a00000, 0x0000000712c00000|  0%| F|  |TAMS 0x0000000712a00000| PB 0x0000000712a00000| Untracked 
| 150|0x0000000712c00000, 0x0000000712c00000, 0x0000000712e00000|  0%| F|  |TAMS 0x0000000712c00000| PB 0x0000000712c00000| Untracked 
| 151|0x0000000712e00000, 0x0000000712e00000, 0x0000000713000000|  0%| F|  |TAMS 0x0000000712e00000| PB 0x0000000712e00000| Untracked 
| 152|0x0000000713000000, 0x0000000713000000, 0x0000000713200000|  0%| F|  |TAMS 0x0000000713000000| PB 0x0000000713000000| Untracked 
| 153|0x0000000713200000, 0x0000000713200000, 0x0000000713400000|  0%| F|  |TAMS 0x0000000713200000| PB 0x0000000713200000| Untracked 
| 154|0x0000000713400000, 0x0000000713400000, 0x0000000713600000|  0%| F|  |TAMS 0x0000000713400000| PB 0x0000000713400000| Untracked 
| 155|0x0000000713600000, 0x0000000713600000, 0x0000000713800000|  0%| F|  |TAMS 0x0000000713600000| PB 0x0000000713600000| Untracked 
| 156|0x0000000713800000, 0x0000000713800000, 0x0000000713a00000|  0%| F|  |TAMS 0x0000000713800000| PB 0x0000000713800000| Untracked 
| 157|0x0000000713a00000, 0x0000000713a00000, 0x0000000713c00000|  0%| F|  |TAMS 0x0000000713a00000| PB 0x0000000713a00000| Untracked 
| 158|0x0000000713c00000, 0x0000000713c00000, 0x0000000713e00000|  0%| F|  |TAMS 0x0000000713c00000| PB 0x0000000713c00000| Untracked 
| 159|0x0000000713e00000, 0x0000000713e00000, 0x0000000714000000|  0%| F|  |TAMS 0x0000000713e00000| PB 0x0000000713e00000| Untracked 
| 160|0x0000000714000000, 0x0000000714000000, 0x0000000714200000|  0%| F|  |TAMS 0x0000000714000000| PB 0x0000000714000000| Untracked 
| 161|0x0000000714200000, 0x0000000714200000, 0x0000000714400000|  0%| F|  |TAMS 0x0000000714200000| PB 0x0000000714200000| Untracked 
| 162|0x0000000714400000, 0x0000000714400000, 0x0000000714600000|  0%| F|  |TAMS 0x0000000714400000| PB 0x0000000714400000| Untracked 
| 163|0x0000000714600000, 0x0000000714600000, 0x0000000714800000|  0%| F|  |TAMS 0x0000000714600000| PB 0x0000000714600000| Untracked 
| 164|0x0000000714800000, 0x0000000714800000, 0x0000000714a00000|  0%| F|  |TAMS 0x0000000714800000| PB 0x0000000714800000| Untracked 
| 165|0x0000000714a00000, 0x0000000714a00000, 0x0000000714c00000|  0%| F|  |TAMS 0x0000000714a00000| PB 0x0000000714a00000| Untracked 
| 166|0x0000000714c00000, 0x0000000714c00000, 0x0000000714e00000|  0%| F|  |TAMS 0x0000000714c00000| PB 0x0000000714c00000| Untracked 
| 167|0x0000000714e00000, 0x0000000714e00000, 0x0000000715000000|  0%| F|  |TAMS 0x0000000714e00000| PB 0x0000000714e00000| Untracked 
| 168|0x0000000715000000, 0x0000000715000000, 0x0000000715200000|  0%| F|  |TAMS 0x0000000715000000| PB 0x0000000715000000| Untracked 
| 169|0x0000000715200000, 0x0000000715200000, 0x0000000715400000|  0%| F|  |TAMS 0x0000000715200000| PB 0x0000000715200000| Untracked 
| 170|0x0000000715400000, 0x0000000715400000, 0x0000000715600000|  0%| F|  |TAMS 0x0000000715400000| PB 0x0000000715400000| Untracked 
| 171|0x0000000715600000, 0x0000000715600000, 0x0000000715800000|  0%| F|  |TAMS 0x0000000715600000| PB 0x0000000715600000| Untracked 
| 172|0x0000000715800000, 0x0000000715800000, 0x0000000715a00000|  0%| F|  |TAMS 0x0000000715800000| PB 0x0000000715800000| Untracked 
| 173|0x0000000715a00000, 0x0000000715a00000, 0x0000000715c00000|  0%| F|  |TAMS 0x0000000715a00000| PB 0x0000000715a00000| Untracked 
| 174|0x0000000715c00000, 0x0000000715c00000, 0x0000000715e00000|  0%| F|  |TAMS 0x0000000715c00000| PB 0x0000000715c00000| Untracked 
| 175|0x0000000715e00000, 0x0000000715e00000, 0x0000000716000000|  0%| F|  |TAMS 0x0000000715e00000| PB 0x0000000715e00000| Untracked 
| 176|0x0000000716000000, 0x0000000716000000, 0x0000000716200000|  0%| F|  |TAMS 0x0000000716000000| PB 0x0000000716000000| Untracked 
| 177|0x0000000716200000, 0x0000000716200000, 0x0000000716400000|  0%| F|  |TAMS 0x0000000716200000| PB 0x0000000716200000| Untracked 
| 178|0x0000000716400000, 0x0000000716400000, 0x0000000716600000|  0%| F|  |TAMS 0x0000000716400000| PB 0x0000000716400000| Untracked 
| 179|0x0000000716600000, 0x0000000716600000, 0x0000000716800000|  0%| F|  |TAMS 0x0000000716600000| PB 0x0000000716600000| Untracked 
| 180|0x0000000716800000, 0x0000000716800000, 0x0000000716a00000|  0%| F|  |TAMS 0x0000000716800000| PB 0x0000000716800000| Untracked 
| 181|0x0000000716a00000, 0x0000000716a00000, 0x0000000716c00000|  0%| F|  |TAMS 0x0000000716a00000| PB 0x0000000716a00000| Untracked 
| 182|0x0000000716c00000, 0x0000000716c00000, 0x0000000716e00000|  0%| F|  |TAMS 0x0000000716c00000| PB 0x0000000716c00000| Untracked 
| 183|0x0000000716e00000, 0x0000000716e00000, 0x0000000717000000|  0%| F|  |TAMS 0x0000000716e00000| PB 0x0000000716e00000| Untracked 
| 184|0x0000000717000000, 0x0000000717000000, 0x0000000717200000|  0%| F|  |TAMS 0x0000000717000000| PB 0x0000000717000000| Untracked 
| 185|0x0000000717200000, 0x0000000717200000, 0x0000000717400000|  0%| F|  |TAMS 0x0000000717200000| PB 0x0000000717200000| Untracked 
| 186|0x0000000717400000, 0x0000000717400000, 0x0000000717600000|  0%| F|  |TAMS 0x0000000717400000| PB 0x0000000717400000| Untracked 
| 187|0x0000000717600000, 0x0000000717600000, 0x0000000717800000|  0%| F|  |TAMS 0x0000000717600000| PB 0x0000000717600000| Untracked 
| 188|0x0000000717800000, 0x0000000717800000, 0x0000000717a00000|  0%| F|  |TAMS 0x0000000717800000| PB 0x0000000717800000| Untracked 
| 189|0x0000000717a00000, 0x0000000717a00000, 0x0000000717c00000|  0%| F|  |TAMS 0x0000000717a00000| PB 0x0000000717a00000| Untracked 
| 190|0x0000000717c00000, 0x0000000717c00000, 0x0000000717e00000|  0%| F|  |TAMS 0x0000000717c00000| PB 0x0000000717c00000| Untracked 
| 191|0x0000000717e00000, 0x0000000717e00000, 0x0000000718000000|  0%| F|  |TAMS 0x0000000717e00000| PB 0x0000000717e00000| Untracked 
| 192|0x0000000718000000, 0x0000000718000000, 0x0000000718200000|  0%| F|  |TAMS 0x0000000718000000| PB 0x0000000718000000| Untracked 
| 193|0x0000000718200000, 0x0000000718200000, 0x0000000718400000|  0%| F|  |TAMS 0x0000000718200000| PB 0x0000000718200000| Untracked 
| 194|0x0000000718400000, 0x0000000718400000, 0x0000000718600000|  0%| F|  |TAMS 0x0000000718400000| PB 0x0000000718400000| Untracked 
| 195|0x0000000718600000, 0x0000000718600000, 0x0000000718800000|  0%| F|  |TAMS 0x0000000718600000| PB 0x0000000718600000| Untracked 
| 196|0x0000000718800000, 0x0000000718800000, 0x0000000718a00000|  0%| F|  |TAMS 0x0000000718800000| PB 0x0000000718800000| Untracked 
| 197|0x0000000718a00000, 0x0000000718a00000, 0x0000000718c00000|  0%| F|  |TAMS 0x0000000718a00000| PB 0x0000000718a00000| Untracked 
| 198|0x0000000718c00000, 0x0000000718c00000, 0x0000000718e00000|  0%| F|  |TAMS 0x0000000718c00000| PB 0x0000000718c00000| Untracked 
| 199|0x0000000718e00000, 0x0000000718e00000, 0x0000000719000000|  0%| F|  |TAMS 0x0000000718e00000| PB 0x0000000718e00000| Untracked 
| 200|0x0000000719000000, 0x0000000719000000, 0x0000000719200000|  0%| F|  |TAMS 0x0000000719000000| PB 0x0000000719000000| Untracked 
| 201|0x0000000719200000, 0x0000000719200000, 0x0000000719400000|  0%| F|  |TAMS 0x0000000719200000| PB 0x0000000719200000| Untracked 
| 202|0x0000000719400000, 0x0000000719400000, 0x0000000719600000|  0%| F|  |TAMS 0x0000000719400000| PB 0x0000000719400000| Untracked 
| 203|0x0000000719600000, 0x0000000719600000, 0x0000000719800000|  0%| F|  |TAMS 0x0000000719600000| PB 0x0000000719600000| Untracked 
| 204|0x0000000719800000, 0x0000000719800000, 0x0000000719a00000|  0%| F|  |TAMS 0x0000000719800000| PB 0x0000000719800000| Untracked 
| 205|0x0000000719a00000, 0x0000000719a00000, 0x0000000719c00000|  0%| F|  |TAMS 0x0000000719a00000| PB 0x0000000719a00000| Untracked 
| 206|0x0000000719c00000, 0x0000000719c00000, 0x0000000719e00000|  0%| F|  |TAMS 0x0000000719c00000| PB 0x0000000719c00000| Untracked 
| 207|0x0000000719e00000, 0x0000000719e00000, 0x000000071a000000|  0%| F|  |TAMS 0x0000000719e00000| PB 0x0000000719e00000| Untracked 
| 208|0x000000071a000000, 0x000000071a000000, 0x000000071a200000|  0%| F|  |TAMS 0x000000071a000000| PB 0x000000071a000000| Untracked 
| 209|0x000000071a200000, 0x000000071a200000, 0x000000071a400000|  0%| F|  |TAMS 0x000000071a200000| PB 0x000000071a200000| Untracked 
| 210|0x000000071a400000, 0x000000071a400000, 0x000000071a600000|  0%| F|  |TAMS 0x000000071a400000| PB 0x000000071a400000| Untracked 
| 211|0x000000071a600000, 0x000000071a600000, 0x000000071a800000|  0%| F|  |TAMS 0x000000071a600000| PB 0x000000071a600000| Untracked 
| 212|0x000000071a800000, 0x000000071a800000, 0x000000071aa00000|  0%| F|  |TAMS 0x000000071a800000| PB 0x000000071a800000| Untracked 
| 213|0x000000071aa00000, 0x000000071aa00000, 0x000000071ac00000|  0%| F|  |TAMS 0x000000071aa00000| PB 0x000000071aa00000| Untracked 
| 214|0x000000071ac00000, 0x000000071ac00000, 0x000000071ae00000|  0%| F|  |TAMS 0x000000071ac00000| PB 0x000000071ac00000| Untracked 
| 215|0x000000071ae00000, 0x000000071ae00000, 0x000000071b000000|  0%| F|  |TAMS 0x000000071ae00000| PB 0x000000071ae00000| Untracked 
| 216|0x000000071b000000, 0x000000071b000000, 0x000000071b200000|  0%| F|  |TAMS 0x000000071b000000| PB 0x000000071b000000| Untracked 
| 217|0x000000071b200000, 0x000000071b200000, 0x000000071b400000|  0%| F|  |TAMS 0x000000071b200000| PB 0x000000071b200000| Untracked 
| 218|0x000000071b400000, 0x000000071b400000, 0x000000071b600000|  0%| F|  |TAMS 0x000000071b400000| PB 0x000000071b400000| Untracked 
| 219|0x000000071b600000, 0x000000071b600000, 0x000000071b800000|  0%| F|  |TAMS 0x000000071b600000| PB 0x000000071b600000| Untracked 
| 220|0x000000071b800000, 0x000000071b800000, 0x000000071ba00000|  0%| F|  |TAMS 0x000000071b800000| PB 0x000000071b800000| Untracked 
| 221|0x000000071ba00000, 0x000000071ba00000, 0x000000071bc00000|  0%| F|  |TAMS 0x000000071ba00000| PB 0x000000071ba00000| Untracked 
| 222|0x000000071bc00000, 0x000000071bc00000, 0x000000071be00000|  0%| F|  |TAMS 0x000000071bc00000| PB 0x000000071bc00000| Untracked 
| 223|0x000000071be00000, 0x000000071be00000, 0x000000071c000000|  0%| F|  |TAMS 0x000000071be00000| PB 0x000000071be00000| Untracked 
| 224|0x000000071c000000, 0x000000071c000000, 0x000000071c200000|  0%| F|  |TAMS 0x000000071c000000| PB 0x000000071c000000| Untracked 
| 225|0x000000071c200000, 0x000000071c200000, 0x000000071c400000|  0%| F|  |TAMS 0x000000071c200000| PB 0x000000071c200000| Untracked 
| 226|0x000000071c400000, 0x000000071c400000, 0x000000071c600000|  0%| F|  |TAMS 0x000000071c400000| PB 0x000000071c400000| Untracked 
| 227|0x000000071c600000, 0x000000071c600000, 0x000000071c800000|  0%| F|  |TAMS 0x000000071c600000| PB 0x000000071c600000| Untracked 
| 228|0x000000071c800000, 0x000000071c800000, 0x000000071ca00000|  0%| F|  |TAMS 0x000000071c800000| PB 0x000000071c800000| Untracked 
| 229|0x000000071ca00000, 0x000000071ca00000, 0x000000071cc00000|  0%| F|  |TAMS 0x000000071ca00000| PB 0x000000071ca00000| Untracked 
| 230|0x000000071cc00000, 0x000000071cc00000, 0x000000071ce00000|  0%| F|  |TAMS 0x000000071cc00000| PB 0x000000071cc00000| Untracked 
| 231|0x000000071ce00000, 0x000000071ce00000, 0x000000071d000000|  0%| F|  |TAMS 0x000000071ce00000| PB 0x000000071ce00000| Untracked 
| 232|0x000000071d000000, 0x000000071d000000, 0x000000071d200000|  0%| F|  |TAMS 0x000000071d000000| PB 0x000000071d000000| Untracked 
| 233|0x000000071d200000, 0x000000071d200000, 0x000000071d400000|  0%| F|  |TAMS 0x000000071d200000| PB 0x000000071d200000| Untracked 
| 234|0x000000071d400000, 0x000000071d400000, 0x000000071d600000|  0%| F|  |TAMS 0x000000071d400000| PB 0x000000071d400000| Untracked 
| 235|0x000000071d600000, 0x000000071d600000, 0x000000071d800000|  0%| F|  |TAMS 0x000000071d600000| PB 0x000000071d600000| Untracked 
| 236|0x000000071d800000, 0x000000071d800000, 0x000000071da00000|  0%| F|  |TAMS 0x000000071d800000| PB 0x000000071d800000| Untracked 
| 237|0x000000071da00000, 0x000000071da00000, 0x000000071dc00000|  0%| F|  |TAMS 0x000000071da00000| PB 0x000000071da00000| Untracked 
| 238|0x000000071dc00000, 0x000000071dc00000, 0x000000071de00000|  0%| F|  |TAMS 0x000000071dc00000| PB 0x000000071dc00000| Untracked 
| 239|0x000000071de00000, 0x000000071de00000, 0x000000071e000000|  0%| F|  |TAMS 0x000000071de00000| PB 0x000000071de00000| Untracked 
| 240|0x000000071e000000, 0x000000071e000000, 0x000000071e200000|  0%| F|  |TAMS 0x000000071e000000| PB 0x000000071e000000| Untracked 
| 241|0x000000071e200000, 0x000000071e200000, 0x000000071e400000|  0%| F|  |TAMS 0x000000071e200000| PB 0x000000071e200000| Untracked 
| 242|0x000000071e400000, 0x000000071e400000, 0x000000071e600000|  0%| F|  |TAMS 0x000000071e400000| PB 0x000000071e400000| Untracked 
| 243|0x000000071e600000, 0x000000071e600000, 0x000000071e800000|  0%| F|  |TAMS 0x000000071e600000| PB 0x000000071e600000| Untracked 
| 244|0x000000071e800000, 0x000000071e800000, 0x000000071ea00000|  0%| F|  |TAMS 0x000000071e800000| PB 0x000000071e800000| Untracked 
| 245|0x000000071ea00000, 0x000000071ea00000, 0x000000071ec00000|  0%| F|  |TAMS 0x000000071ea00000| PB 0x000000071ea00000| Untracked 
| 246|0x000000071ec00000, 0x000000071ec00000, 0x000000071ee00000|  0%| F|  |TAMS 0x000000071ec00000| PB 0x000000071ec00000| Untracked 
| 247|0x000000071ee00000, 0x000000071ee00000, 0x000000071f000000|  0%| F|  |TAMS 0x000000071ee00000| PB 0x000000071ee00000| Untracked 
| 248|0x000000071f000000, 0x000000071f000000, 0x000000071f200000|  0%| F|  |TAMS 0x000000071f000000| PB 0x000000071f000000| Untracked 
| 249|0x000000071f200000, 0x000000071f200000, 0x000000071f400000|  0%| F|  |TAMS 0x000000071f200000| PB 0x000000071f200000| Untracked 
|2047|0x00000007ffe00000, 0x0000000800000000, 0x0000000800000000|100%| O|  |TAMS 0x00000007ffe00000| PB 0x00000007ffe00000| Untracked 

Card table byte_map: [0x0000017c7b650000,0x0000017c7be50000] _byte_map_base: 0x0000017c77e50000

Marking Bits: (CMBitMap*) 0x0000017c6315a7e0
 Bits: [0x0000017c7be50000, 0x0000017c7fe50000)

Polling page: 0x0000017c60ea0000

Metaspace:

Usage:
  Non-class:    111.72 MB used.
      Class:     17.82 MB used.
       Both:    129.54 MB used.

Virtual space:
  Non-class space:      128.00 MB reserved,     113.00 MB ( 88%) committed,  2 nodes.
      Class space:        1.00 GB reserved,      19.19 MB (  2%) committed,  1 nodes.
             Both:        1.12 GB reserved,     132.19 MB ( 11%) committed. 

Chunk freelists:
   Non-Class:  14.78 MB
       Class:  12.73 MB
        Both:  27.51 MB

MaxMetaspaceSize: unlimited
CompressedClassSpaceSize: 1.00 GB
Initial GC threshold: 21.00 MB
Current GC threshold: 220.25 MB
CDS: on
 - commit_granule_bytes: 65536.
 - commit_granule_words: 8192.
 - virtual_space_node_default_size: 8388608.
 - enlarge_chunks_in_place: 1.
 - use_allocation_guard: 0.


Internal statistics:

num_allocs_failed_limit: 6.
num_arena_births: 4692.
num_arena_deaths: 8.
num_vsnodes_births: 3.
num_vsnodes_deaths: 0.
num_space_committed: 2115.
num_space_uncommitted: 0.
num_chunks_returned_to_freelist: 18.
num_chunks_taken_from_freelist: 11007.
num_chunk_merges: 8.
num_chunk_splits: 7130.
num_chunks_enlarged: 4553.
num_inconsistent_stats: 0.

CodeHeap 'non-profiled nmethods': size=120000Kb used=12676Kb max_used=12910Kb free=107323Kb
 bounds [0x0000017c733d0000, 0x0000017c74070000, 0x0000017c7a900000]
CodeHeap 'profiled nmethods': size=120000Kb used=32746Kb max_used=33571Kb free=87253Kb
 bounds [0x0000017c6b900000, 0x0000017c6d9d0000, 0x0000017c72e30000]
CodeHeap 'non-nmethods': size=5760Kb used=3261Kb max_used=3326Kb free=2498Kb
 bounds [0x0000017c72e30000, 0x0000017c73190000, 0x0000017c733d0000]
 total_blobs=18355 nmethods=17313 adapters=944
 compilation: enabled
              stopped_count=0, restarted_count=0
 full_count=0

Compilation events (20 events):
Event: 15.947 Thread 0x0000017c02b854e0 nmethod 20921 0x0000017c6baa3490 code [0x0000017c6baa3760, 0x0000017c6baa4890]
Event: 15.947 Thread 0x0000017c02b854e0 20923       3       org.gradle.api.internal.artifacts.ivyservice.DefaultCacheExpirationControl$CachedArtifactResolutionControl::<init> (12 bytes)
Event: 15.947 Thread 0x0000017c02b854e0 nmethod 20923 0x0000017c6bda5e90 code [0x0000017c6bda6040, 0x0000017c6bda6178]
Event: 15.947 Thread 0x0000017c02b854e0 20924       3       org.gradle.api.internal.artifacts.ivyservice.DefaultCacheExpirationControl$CachedArtifactResolutionControl::<init> (17 bytes)
Event: 15.947 Thread 0x0000017c02b854e0 nmethod 20924 0x0000017c6c072d90 code [0x0000017c6c072f40, 0x0000017c6c0730a0]
Event: 15.947 Thread 0x0000017c02b854e0 20925       3       org.gradle.api.internal.artifacts.ivyservice.resolutionstrategy.DefaultCachePolicy$$Lambda/0x0000017c046af0f8::execute (16 bytes)
Event: 15.947 Thread 0x0000017c02b854e0 nmethod 20925 0x0000017c6c54f310 code [0x0000017c6c54f4e0, 0x0000017c6c54f968]
Event: 15.947 Thread 0x0000017c02b854e0 20926       3       org.gradle.api.internal.artifacts.ivyservice.resolutionstrategy.DefaultCachePolicy::lambda$cacheMissingArtifactsFor$3 (18 bytes)
Event: 15.947 Thread 0x0000017c02b854e0 nmethod 20926 0x0000017c6c401590 code [0x0000017c6c401740, 0x0000017c6c401a40]
Event: 15.947 Thread 0x0000017c02b854e0 20927       3       org.gradle.internal.resolve.result.DefaultBuildableArtifactFileResolveResult::getFailure (8 bytes)
Event: 15.947 Thread 0x0000017c02b854e0 nmethod 20927 0x0000017c6bbbd810 code [0x0000017c6bbbda00, 0x0000017c6bbbdfb8]
Event: 15.949 Thread 0x0000017c02b854e0 20928       3       org.gradle.api.internal.artifacts.ivyservice.ivyresolve.RepositoryChainArtifactResolver::resolveArtifactLater (57 bytes)
Event: 15.949 Thread 0x0000017c02b854e0 nmethod 20928 0x0000017c6bb39910 code [0x0000017c6bb39b80, 0x0000017c6bb3a8c8]
Event: 15.950 Thread 0x0000017c02b854e0 20929       3       org.gradle.api.internal.artifacts.ivyservice.ivyresolve.CachingModuleComponentRepository::access$1400 (6 bytes)
Event: 15.950 Thread 0x0000017c02b854e0 nmethod 20929 0x0000017c6c4b1990 code [0x0000017c6c4b1b60, 0x0000017c6c4b1f88]
Event: 15.951 Thread 0x0000017c02b854e0 20930       3       org.gradle.api.internal.artifacts.ivyservice.ivyresolve.ErrorHandlingModuleComponentRepository$ErrorHandlingModuleComponentRepositoryAccess::lambda$resolveArtifact$12 (42 bytes)
Event: 15.951 Thread 0x0000017c02b854e0 nmethod 20930 0x0000017c6bd8ff90 code [0x0000017c6bd901c0, 0x0000017c6bd90c28]
Event: 15.951 Thread 0x0000017c02b854e0 20931       3       org.gradle.api.internal.artifacts.ivyservice.ivyresolve.CachingModuleComponentRepository$LocateInCacheRepositoryAccess::resolveArtifactFromCache (284 bytes)
Event: 15.953 Thread 0x0000017c02b854e0 nmethod 20931 0x0000017c6d40b990 code [0x0000017c6d40bea0, 0x0000017c6d40e8f0]
Event: 15.954 Thread 0x0000017c02b854e0 20932       3       org.gradle.internal.resource.cached.AbstractCachedIndex::lookup (55 bytes)

GC Heap History (20 events):
Event: 13.046 GC heap after
{Heap after GC invocations=51 (full 0):
 garbage-first heap   total 294912K, used 180768K [0x0000000700000000, 0x0000000800000000)
  region size 2048K, 4 young (8192K), 4 survivors (8192K)
 Metaspace       used 123098K, committed 125632K, reserved 1179648K
  class space    used 17157K, committed 18496K, reserved 1048576K
}
Event: 13.410 GC heap before
{Heap before GC invocations=51 (full 0):
 garbage-first heap   total 294912K, used 266784K [0x0000000700000000, 0x0000000800000000)
  region size 2048K, 46 young (94208K), 4 survivors (8192K)
 Metaspace       used 123466K, committed 126080K, reserved 1179648K
  class space    used 17190K, committed 18560K, reserved 1048576K
}
Event: 13.415 GC heap after
{Heap after GC invocations=52 (full 0):
 garbage-first heap   total 294912K, used 187337K [0x0000000700000000, 0x0000000800000000)
  region size 2048K, 6 young (12288K), 6 survivors (12288K)
 Metaspace       used 123466K, committed 126080K, reserved 1179648K
  class space    used 17190K, committed 18560K, reserved 1048576K
}
Event: 13.715 GC heap before
{Heap before GC invocations=52 (full 0):
 garbage-first heap   total 294912K, used 265161K [0x0000000700000000, 0x0000000800000000)
  region size 2048K, 44 young (90112K), 6 survivors (12288K)
 Metaspace       used 124004K, committed 126592K, reserved 1179648K
  class space    used 17274K, committed 18624K, reserved 1048576K
}
Event: 13.720 GC heap after
{Heap after GC invocations=53 (full 0):
 garbage-first heap   total 354304K, used 195379K [0x0000000700000000, 0x0000000800000000)
  region size 2048K, 5 young (10240K), 5 survivors (10240K)
 Metaspace       used 124004K, committed 126592K, reserved 1179648K
  class space    used 17274K, committed 18624K, reserved 1048576K
}
Event: 14.237 GC heap before
{Heap before GC invocations=54 (full 0):
 garbage-first heap   total 354304K, used 316211K [0x0000000700000000, 0x0000000800000000)
  region size 2048K, 64 young (131072K), 5 survivors (10240K)
 Metaspace       used 125667K, committed 128320K, reserved 1179648K
  class space    used 17451K, committed 18816K, reserved 1048576K
}
Event: 14.243 GC heap after
{Heap after GC invocations=55 (full 0):
 garbage-first heap   total 354304K, used 210692K [0x0000000700000000, 0x0000000800000000)
  region size 2048K, 8 young (16384K), 8 survivors (16384K)
 Metaspace       used 125667K, committed 128320K, reserved 1179648K
  class space    used 17451K, committed 18816K, reserved 1048576K
}
Event: 14.802 GC heap before
{Heap before GC invocations=55 (full 0):
 garbage-first heap   total 354304K, used 311044K [0x0000000700000000, 0x0000000800000000)
  region size 2048K, 57 young (116736K), 8 survivors (16384K)
 Metaspace       used 130114K, committed 132800K, reserved 1179648K
  class space    used 18057K, committed 19456K, reserved 1048576K
}
Event: 14.809 GC heap after
{Heap after GC invocations=56 (full 0):
 garbage-first heap   total 354304K, used 219126K [0x0000000700000000, 0x0000000800000000)
  region size 2048K, 5 young (10240K), 5 survivors (10240K)
 Metaspace       used 130114K, committed 132800K, reserved 1179648K
  class space    used 18057K, committed 19456K, reserved 1048576K
}
Event: 15.085 GC heap before
{Heap before GC invocations=56 (full 0):
 garbage-first heap   total 354304K, used 315382K [0x0000000700000000, 0x0000000800000000)
  region size 2048K, 52 young (106496K), 5 survivors (10240K)
 Metaspace       used 131717K, committed 134400K, reserved 1179648K
  class space    used 18202K, committed 19584K, reserved 1048576K
}
Event: 15.090 GC heap after
{Heap after GC invocations=57 (full 0):
 garbage-first heap   total 354304K, used 229461K [0x0000000700000000, 0x0000000800000000)
  region size 2048K, 6 young (12288K), 6 survivors (12288K)
 Metaspace       used 131717K, committed 134400K, reserved 1179648K
  class space    used 18202K, committed 19584K, reserved 1048576K
}
Event: 15.333 GC heap before
{Heap before GC invocations=58 (full 0):
 garbage-first heap   total 387072K, used 317525K [0x0000000700000000, 0x0000000800000000)
  region size 2048K, 50 young (102400K), 6 survivors (12288K)
 Metaspace       used 132242K, committed 134976K, reserved 1179648K
  class space    used 18247K, committed 19648K, reserved 1048576K
}
Event: 15.339 GC heap after
{Heap after GC invocations=59 (full 0):
 garbage-first heap   total 387072K, used 240668K [0x0000000700000000, 0x0000000800000000)
  region size 2048K, 6 young (12288K), 6 survivors (12288K)
 Metaspace       used 132242K, committed 134976K, reserved 1179648K
  class space    used 18247K, committed 19648K, reserved 1048576K
}
Event: 15.517 GC heap before
{Heap before GC invocations=59 (full 0):
 garbage-first heap   total 387072K, used 347164K [0x0000000700000000, 0x0000000800000000)
  region size 2048K, 59 young (120832K), 6 survivors (12288K)
 Metaspace       used 132402K, committed 135104K, reserved 1179648K
  class space    used 18249K, committed 19648K, reserved 1048576K
}
Event: 15.523 GC heap after
{Heap after GC invocations=60 (full 0):
 garbage-first heap   total 387072K, used 246419K [0x0000000700000000, 0x0000000800000000)
  region size 2048K, 6 young (12288K), 6 survivors (12288K)
 Metaspace       used 132402K, committed 135104K, reserved 1179648K
  class space    used 18249K, committed 19648K, reserved 1048576K
}
Event: 15.660 GC heap before
{Heap before GC invocations=60 (full 0):
 garbage-first heap   total 387072K, used 348819K [0x0000000700000000, 0x0000000800000000)
  region size 2048K, 57 young (116736K), 6 survivors (12288K)
 Metaspace       used 132579K, committed 135296K, reserved 1179648K
  class space    used 18252K, committed 19648K, reserved 1048576K
}
Event: 15.665 GC heap after
{Heap after GC invocations=61 (full 0):
 garbage-first heap   total 387072K, used 256574K [0x0000000700000000, 0x0000000800000000)
  region size 2048K, 7 young (14336K), 7 survivors (14336K)
 Metaspace       used 132579K, committed 135296K, reserved 1179648K
  class space    used 18252K, committed 19648K, reserved 1048576K
}
Event: 15.819 GC heap before
{Heap before GC invocations=62 (full 0):
 garbage-first heap   total 430080K, used 348734K [0x0000000700000000, 0x0000000800000000)
  region size 2048K, 52 young (106496K), 7 survivors (14336K)
 Metaspace       used 132631K, committed 135296K, reserved 1179648K
  class space    used 18252K, committed 19648K, reserved 1048576K
}
Event: 15.824 GC heap after
{Heap after GC invocations=63 (full 0):
 garbage-first heap   total 430080K, used 261215K [0x0000000700000000, 0x0000000800000000)
  region size 2048K, 5 young (10240K), 5 survivors (10240K)
 Metaspace       used 132631K, committed 135296K, reserved 1179648K
  class space    used 18252K, committed 19648K, reserved 1048576K
}
Event: 15.954 GC heap before
{Heap before GC invocations=63 (full 0):
 garbage-first heap   total 430080K, used 388191K [0x0000000700000000, 0x0000000800000000)
  region size 2048K, 68 young (139264K), 5 survivors (10240K)
 Metaspace       used 132651K, committed 135360K, reserved 1179648K
  class space    used 18252K, committed 19648K, reserved 1048576K
}

Dll operation events (15 events):
Event: 0.006 Loaded shared library C:\Program Files\Zulu\zulu-21\bin\java.dll
Event: 0.022 Loaded shared library C:\Program Files\Zulu\zulu-21\bin\jsvml.dll
Event: 0.043 Loaded shared library C:\Program Files\Zulu\zulu-21\bin\zip.dll
Event: 0.045 Loaded shared library C:\Program Files\Zulu\zulu-21\bin\instrument.dll
Event: 0.048 Loaded shared library C:\Program Files\Zulu\zulu-21\bin\net.dll
Event: 0.049 Loaded shared library C:\Program Files\Zulu\zulu-21\bin\nio.dll
Event: 0.050 Loaded shared library C:\Program Files\Zulu\zulu-21\bin\zip.dll
Event: 0.214 Loaded shared library C:\Program Files\Zulu\zulu-21\bin\jimage.dll
Event: 0.294 Loaded shared library C:\Program Files\Zulu\zulu-21\bin\verify.dll
Event: 0.334 Loaded shared library C:\Users\Administrator\.gradle\native\1def1411415f61bf3af743bc5b6707747c0891f09f0c88961ee8f79bc544acac\windows-amd64\native-platform.dll
Event: 0.339 Loaded shared library C:\Users\Administrator\.gradle\native\0.2.7\x86_64-windows-gnu\gradle-fileevents.dll
Event: 0.914 Loaded shared library C:\Program Files\Zulu\zulu-21\bin\management.dll
Event: 0.915 Loaded shared library C:\Program Files\Zulu\zulu-21\bin\management_ext.dll
Event: 0.967 Loaded shared library C:\Program Files\Zulu\zulu-21\bin\extnet.dll
Event: 1.064 Loaded shared library C:\Program Files\Zulu\zulu-21\bin\sunmscapi.dll

Deoptimization events (20 events):
Event: 15.598 Thread 0x0000017c4cc916b0 Uncommon trap: trap_request=0xffffffde fr.pc=0x0000017c7400a3e0 relative=0x00000000000005a0
Event: 15.598 Thread 0x0000017c4cc916b0 Uncommon trap: reason=class_check action=maybe_recompile pc=0x0000017c7400a3e0 method=org.gradle.internal.snapshot.impl.AbstractValueProcessor.processValue(Ljava/lang/Object;Lorg/gradle/internal/snapshot/impl/AbstractValueProcessor$ValueVisitor;)Ljava/lan
Event: 15.598 Thread 0x0000017c4cc916b0 DEOPT PACKING pc=0x0000017c7400a3e0 sp=0x00000050fd1f97e0
Event: 15.598 Thread 0x0000017c4cc916b0 DEOPT UNPACKING pc=0x0000017c72e87da2 sp=0x00000050fd1f9760 mode 2
Event: 15.729 Thread 0x0000017c4cc8dba0 Uncommon trap: trap_request=0xffffffde fr.pc=0x0000017c74063134 relative=0x0000000000000574
Event: 15.729 Thread 0x0000017c4cc8dba0 Uncommon trap: reason=class_check action=maybe_recompile pc=0x0000017c74063134 method=org.gradle.internal.snapshot.impl.AbstractValueProcessor.processValue(Ljava/lang/Object;Lorg/gradle/internal/snapshot/impl/AbstractValueProcessor$ValueVisitor;)Ljava/lan
Event: 15.729 Thread 0x0000017c4cc8dba0 DEOPT PACKING pc=0x0000017c74063134 sp=0x00000050fd0fa9d0
Event: 15.729 Thread 0x0000017c4cc8dba0 DEOPT UNPACKING pc=0x0000017c72e87da2 sp=0x00000050fd0fa948 mode 2
Event: 15.805 Thread 0x0000017c4cc8fc70 Uncommon trap: trap_request=0xffffff45 fr.pc=0x0000017c7402ed44 relative=0x0000000000000904
Event: 15.805 Thread 0x0000017c4cc8fc70 Uncommon trap: reason=unstable_if action=reinterpret pc=0x0000017c7402ed44 method=org.gradle.api.internal.artifacts.ivyservice.resolveengine.graph.builder.EdgeState.attachToTargetNodes()V @ 33 c2
Event: 15.805 Thread 0x0000017c4cc8fc70 DEOPT PACKING pc=0x0000017c7402ed44 sp=0x00000050fcbfa720
Event: 15.805 Thread 0x0000017c4cc8fc70 DEOPT UNPACKING pc=0x0000017c72e87da2 sp=0x00000050fcbfa720 mode 2
Event: 15.808 Thread 0x0000017c4cc8fc70 Uncommon trap: trap_request=0xffffff45 fr.pc=0x0000017c7405503c relative=0x000000000000227c
Event: 15.808 Thread 0x0000017c4cc8fc70 Uncommon trap: reason=unstable_if action=reinterpret pc=0x0000017c7405503c method=org.gradle.api.internal.artifacts.ivyservice.resolveengine.graph.builder.EdgeState.calculateTargetNodes(Lorg/gradle/api/internal/artifacts/ivyservice/resolveengine/graph/bui
Event: 15.808 Thread 0x0000017c4cc8fc70 DEOPT PACKING pc=0x0000017c7405503c sp=0x00000050fcbfa690
Event: 15.808 Thread 0x0000017c4cc8fc70 DEOPT UNPACKING pc=0x0000017c72e87da2 sp=0x00000050fcbfa688 mode 2
Event: 15.815 Thread 0x0000017c4cc8dba0 Uncommon trap: trap_request=0xffffff45 fr.pc=0x0000017c739bd54c relative=0x000000000000132c
Event: 15.815 Thread 0x0000017c4cc8dba0 Uncommon trap: reason=unstable_if action=reinterpret pc=0x0000017c739bd54c method=java.util.concurrent.locks.AbstractQueuedSynchronizer.acquire(Ljava/util/concurrent/locks/AbstractQueuedSynchronizer$Node;IZZZJ)I @ 83 c2
Event: 15.815 Thread 0x0000017c4cc8dba0 DEOPT PACKING pc=0x0000017c739bd54c sp=0x00000050fd0f9400
Event: 15.815 Thread 0x0000017c4cc8dba0 DEOPT UNPACKING pc=0x0000017c72e87da2 sp=0x00000050fd0f9398 mode 2

Classes loaded (20 events):
Event: 15.027 Loading class java/security/cert/PolicyQualifierInfo
Event: 15.027 Loading class java/security/cert/PolicyQualifierInfo done
Event: 15.051 Loading class java/io/SequenceInputStream
Event: 15.051 Loading class java/io/SequenceInputStream done
Event: 15.058 Loading class java/nio/charset/IllegalCharsetNameException
Event: 15.058 Loading class java/nio/charset/IllegalCharsetNameException done
Event: 15.058 Loading class java/nio/charset/UnsupportedCharsetException
Event: 15.058 Loading class java/nio/charset/UnsupportedCharsetException done
Event: 15.062 Loading class java/util/function/IntUnaryOperator
Event: 15.062 Loading class java/util/function/IntUnaryOperator done
Event: 15.065 Loading class sun/nio/cs/US_ASCII$Encoder
Event: 15.066 Loading class sun/nio/cs/US_ASCII$Encoder done
Event: 15.066 Loading class sun/nio/cs/Surrogate$Parser
Event: 15.066 Loading class sun/nio/cs/Surrogate$Parser done
Event: 15.066 Loading class sun/nio/cs/Surrogate
Event: 15.066 Loading class sun/nio/cs/Surrogate done
Event: 15.066 Loading class java/nio/StringCharBuffer
Event: 15.066 Loading class java/nio/StringCharBuffer done
Event: 15.162 Loading class java/lang/invoke/WrongMethodTypeException
Event: 15.162 Loading class java/lang/invoke/WrongMethodTypeException done

Classes unloaded (4 events):
Event: 15.763 Thread 0x0000017c02b4b1d0 Unloading class 0x0000017c05345000 'jdk/internal/reflect/GeneratedSerializationConstructorAccessor98'
Event: 15.763 Thread 0x0000017c02b4b1d0 Unloading class 0x0000017c05344c00 'jdk/internal/reflect/GeneratedSerializationConstructorAccessor97'
Event: 15.763 Thread 0x0000017c02b4b1d0 Unloading class 0x0000017c05344800 'jdk/internal/reflect/GeneratedSerializationConstructorAccessor94'
Event: 15.763 Thread 0x0000017c02b4b1d0 Unloading class 0x0000017c05344000 'jdk/internal/reflect/GeneratedSerializationConstructorAccessor96'

Classes redefined (0 events):
No events

Internal exceptions (20 events):
Event: 15.293 Thread 0x0000017c4cc916b0 Exception <a 'sun/nio/fs/WindowsException'{0x00000007127c0890}> (0x00000007127c0890) 
thrown [s\src\hotspot\share\prims\jni.cpp, line 520]
Event: 15.293 Thread 0x0000017c4cc8ef50 Exception <a 'sun/nio/fs/WindowsException'{0x00000007127bbef0}> (0x00000007127bbef0) 
thrown [s\src\hotspot\share\prims\jni.cpp, line 520]
Event: 15.293 Thread 0x0000017c4e1c5cb0 Exception <a 'sun/nio/fs/WindowsException'{0x0000000712785fb0}> (0x0000000712785fb0) 
thrown [s\src\hotspot\share\prims\jni.cpp, line 520]
Event: 15.293 Thread 0x0000017c4cc916b0 Exception <a 'sun/nio/fs/WindowsException'{0x00000007127c2bf8}> (0x00000007127c2bf8) 
thrown [s\src\hotspot\share\prims\jni.cpp, line 520]
Event: 15.293 Thread 0x0000017c4cc8ef50 Exception <a 'sun/nio/fs/WindowsException'{0x00000007127d2910}> (0x00000007127d2910) 
thrown [s\src\hotspot\share\prims\jni.cpp, line 520]
Event: 15.293 Thread 0x0000017c4e1c5cb0 Exception <a 'sun/nio/fs/WindowsException'{0x00000007127edf60}> (0x00000007127edf60) 
thrown [s\src\hotspot\share\prims\jni.cpp, line 520]
Event: 15.293 Thread 0x0000017c4cc916b0 Exception <a 'sun/nio/fs/WindowsException'{0x00000007127ead18}> (0x00000007127ead18) 
thrown [s\src\hotspot\share\prims\jni.cpp, line 520]
Event: 15.293 Thread 0x0000017c4cc8ef50 Exception <a 'sun/nio/fs/WindowsException'{0x0000000712400150}> (0x0000000712400150) 
thrown [s\src\hotspot\share\prims\jni.cpp, line 520]
Event: 15.579 Thread 0x0000017c4e1c4270 Exception <a 'sun/nio/fs/WindowsException'{0x0000000715330ea0}> (0x0000000715330ea0) 
thrown [s\src\hotspot\share\prims\jni.cpp, line 520]
Event: 15.580 Thread 0x0000017c4e1c4270 Exception <a 'sun/nio/fs/WindowsException'{0x00000007153335b0}> (0x00000007153335b0) 
thrown [s\src\hotspot\share\prims\jni.cpp, line 520]
Event: 15.580 Thread 0x0000017c4e1c4270 Exception <a 'sun/nio/fs/WindowsException'{0x0000000715335a68}> (0x0000000715335a68) 
thrown [s\src\hotspot\share\prims\jni.cpp, line 520]
Event: 15.627 Thread 0x0000017c4cc916b0 Exception <a 'sun/nio/fs/WindowsException'{0x0000000712da83d8}> (0x0000000712da83d8) 
thrown [s\src\hotspot\share\prims\jni.cpp, line 520]
Event: 15.627 Thread 0x0000017c4cc916b0 Exception <a 'sun/nio/fs/WindowsException'{0x0000000712daa830}> (0x0000000712daa830) 
thrown [s\src\hotspot\share\prims\jni.cpp, line 520]
Event: 15.628 Thread 0x0000017c4cc916b0 Exception <a 'sun/nio/fs/WindowsException'{0x0000000712a05ae0}> (0x0000000712a05ae0) 
thrown [s\src\hotspot\share\prims\jni.cpp, line 520]
Event: 15.630 Thread 0x0000017c4e1c69d0 Exception <a 'sun/nio/fs/WindowsException'{0x0000000712b121f0}> (0x0000000712b121f0) 
thrown [s\src\hotspot\share\prims\jni.cpp, line 520]
Event: 15.630 Thread 0x0000017c4e1c69d0 Exception <a 'sun/nio/fs/WindowsException'{0x0000000712b57bd8}> (0x0000000712b57bd8) 
thrown [s\src\hotspot\share\prims\jni.cpp, line 520]
Event: 15.631 Thread 0x0000017c4e1c69d0 Exception <a 'sun/nio/fs/WindowsException'{0x0000000712b68010}> (0x0000000712b68010) 
thrown [s\src\hotspot\share\prims\jni.cpp, line 520]
Event: 15.649 Thread 0x0000017c4e1c4270 Exception <a 'sun/nio/fs/WindowsException'{0x0000000711a163d8}> (0x0000000711a163d8) 
thrown [s\src\hotspot\share\prims\jni.cpp, line 520]
Event: 15.650 Thread 0x0000017c4e1c4270 Exception <a 'sun/nio/fs/WindowsException'{0x0000000711a189d8}> (0x0000000711a189d8) 
thrown [s\src\hotspot\share\prims\jni.cpp, line 520]
Event: 15.650 Thread 0x0000017c4e1c4270 Exception <a 'sun/nio/fs/WindowsException'{0x0000000711a1ad98}> (0x0000000711a1ad98) 
thrown [s\src\hotspot\share\prims\jni.cpp, line 520]

ZGC Phase Switch (0 events):
No events

VM Operations (20 events):
Event: 15.289 Executing VM operation: ICBufferFull done
Event: 15.333 Executing VM operation: G1CollectForAllocation (G1 Evacuation Pause)
Event: 15.339 Executing VM operation: G1CollectForAllocation (G1 Evacuation Pause) done
Event: 15.481 Executing VM operation: ICBufferFull
Event: 15.481 Executing VM operation: ICBufferFull done
Event: 15.517 Executing VM operation: G1CollectForAllocation (G1 Evacuation Pause)
Event: 15.523 Executing VM operation: G1CollectForAllocation (G1 Evacuation Pause) done
Event: 15.604 Executing VM operation: ICBufferFull
Event: 15.604 Executing VM operation: ICBufferFull done
Event: 15.660 Executing VM operation: G1CollectForAllocation (G1 Evacuation Pause)
Event: 15.665 Executing VM operation: G1CollectForAllocation (G1 Evacuation Pause) done
Event: 15.727 Executing VM operation: HandshakeAllThreads (Deoptimize)
Event: 15.727 Executing VM operation: HandshakeAllThreads (Deoptimize) done
Event: 15.763 Executing VM operation: G1PauseRemark
Event: 15.773 Executing VM operation: G1PauseRemark done
Event: 15.818 Executing VM operation: G1PauseCleanup
Event: 15.818 Executing VM operation: G1PauseCleanup done
Event: 15.819 Executing VM operation: G1CollectForAllocation (G1 Evacuation Pause)
Event: 15.824 Executing VM operation: G1CollectForAllocation (G1 Evacuation Pause) done
Event: 15.954 Executing VM operation: G1CollectForAllocation (G1 Evacuation Pause)

Memory protections (0 events):
No events

Nmethod flushes (20 events):
Event: 15.772 Thread 0x0000017c02b4b1d0 flushing  nmethod 0x0000017c6bd14d10
Event: 15.772 Thread 0x0000017c02b4b1d0 flushing  nmethod 0x0000017c6bd83190
Event: 15.772 Thread 0x0000017c02b4b1d0 flushing  nmethod 0x0000017c6bd8ff90
Event: 15.772 Thread 0x0000017c02b4b1d0 flushing  nmethod 0x0000017c6be3be10
Event: 15.772 Thread 0x0000017c02b4b1d0 flushing  nmethod 0x0000017c6be43210
Event: 15.772 Thread 0x0000017c02b4b1d0 flushing  nmethod 0x0000017c6c10a890
Event: 15.772 Thread 0x0000017c02b4b1d0 flushing  nmethod 0x0000017c6c2daf90
Event: 15.772 Thread 0x0000017c02b4b1d0 flushing  nmethod 0x0000017c6c415e90
Event: 15.772 Thread 0x0000017c02b4b1d0 flushing  nmethod 0x0000017c6c4c3710
Event: 15.772 Thread 0x0000017c02b4b1d0 flushing  nmethod 0x0000017c6c4c8390
Event: 15.772 Thread 0x0000017c02b4b1d0 flushing  nmethod 0x0000017c6c57aa90
Event: 15.772 Thread 0x0000017c02b4b1d0 flushing  nmethod 0x0000017c6c707990
Event: 15.772 Thread 0x0000017c02b4b1d0 flushing  nmethod 0x0000017c6c70a310
Event: 15.772 Thread 0x0000017c02b4b1d0 flushing  nmethod 0x0000017c6c70aa10
Event: 15.772 Thread 0x0000017c02b4b1d0 flushing  nmethod 0x0000017c6c710b90
Event: 15.772 Thread 0x0000017c02b4b1d0 flushing  nmethod 0x0000017c6c747c10
Event: 15.772 Thread 0x0000017c02b4b1d0 flushing  nmethod 0x0000017c6c787710
Event: 15.772 Thread 0x0000017c02b4b1d0 flushing  nmethod 0x0000017c6cb7bf10
Event: 15.772 Thread 0x0000017c02b4b1d0 flushing  nmethod 0x0000017c6cd14d10
Event: 15.772 Thread 0x0000017c02b4b1d0 flushing  nmethod 0x0000017c6cf34b90

Events (20 events):
Event: 7.661 Thread 0x0000017c4a231320 Thread added: 0x0000017c4c407230
Event: 7.662 Thread 0x0000017c4a231320 Thread added: 0x0000017c4c4078c0
Event: 9.050 Thread 0x0000017c4a231320 Thread added: 0x0000017c4c40a020
Event: 9.151 Thread 0x0000017c02f71590 Thread exited: 0x0000017c02f71590
Event: 9.500 Thread 0x0000017c4a231320 Thread added: 0x0000017c4c40c780
Event: 9.785 Thread 0x0000017c4a231320 Thread added: 0x0000017c4c40a6b0
Event: 9.795 Thread 0x0000017c4c40a6b0 Thread added: 0x0000017c4c40e1c0
Event: 9.795 Thread 0x0000017c4c40a6b0 Thread added: 0x0000017c4c40b3d0
Event: 9.877 Thread 0x0000017c02dade20 Thread exited: 0x0000017c02dade20
Event: 10.043 Thread 0x0000017c02b854e0 Thread added: 0x0000017c56195de0
Event: 10.112 Thread 0x0000017c02b854e0 Thread added: 0x0000017c56195040
Event: 10.702 Thread 0x0000017c56195040 Thread exited: 0x0000017c56195040
Event: 10.702 Thread 0x0000017c56195de0 Thread exited: 0x0000017c56195de0
Event: 10.786 Thread 0x0000017c02b854e0 Thread added: 0x0000017c56195de0
Event: 11.389 Thread 0x0000017c02b854e0 Thread added: 0x0000017c561986c0
Event: 14.493 Thread 0x0000017c561986c0 Thread exited: 0x0000017c561986c0
Event: 14.493 Thread 0x0000017c56195de0 Thread exited: 0x0000017c56195de0
Event: 14.567 Thread 0x0000017c02b854e0 Thread added: 0x0000017c561986c0
Event: 14.593 Thread 0x0000017c02b854e0 Thread added: 0x0000017c56197250
Event: 15.014 Thread 0x0000017c4e1c69d0 Thread added: 0x0000017c5513f680


Dynamic libraries:
0x00007ff70d8e0000 - 0x00007ff70d8ee000 	C:\Program Files\Zulu\zulu-21\bin\java.exe
0x00007ff8b2ac0000 - 0x00007ff8b2d26000 	C:\WINDOWS\SYSTEM32\ntdll.dll
0x00007ff8b1530000 - 0x00007ff8b15f7000 	C:\WINDOWS\System32\KERNEL32.DLL
0x00007ff8b01c0000 - 0x00007ff8b058b000 	C:\WINDOWS\System32\KERNELBASE.dll
0x00007ff8aff30000 - 0x00007ff8b007b000 	C:\WINDOWS\System32\ucrtbase.dll
0x00007ff890f80000 - 0x00007ff890f99000 	C:\Program Files\Zulu\zulu-21\bin\jli.dll
0x00007ff8263b0000 - 0x00007ff8263ce000 	C:\Program Files\Zulu\zulu-21\bin\VCRUNTIME140.dll
0x00007ff8b1f60000 - 0x00007ff8b212c000 	C:\WINDOWS\System32\USER32.dll
0x00007ff8b0650000 - 0x00007ff8b0677000 	C:\WINDOWS\System32\win32u.dll
0x00007ff8b1390000 - 0x00007ff8b13bb000 	C:\WINDOWS\System32\GDI32.dll
0x00007ff8972d0000 - 0x00007ff897567000 	C:\WINDOWS\WinSxS\amd64_microsoft.windows.common-controls_6595b64144ccf1df_6.0.26100.5516_none_3e073f78e335730c\COMCTL32.dll
0x00007ff8b0080000 - 0x00007ff8b01b1000 	C:\WINDOWS\System32\gdi32full.dll
0x00007ff8b1b10000 - 0x00007ff8b1bb9000 	C:\WINDOWS\System32\msvcrt.dll
0x00007ff8afc70000 - 0x00007ff8afd13000 	C:\WINDOWS\System32\msvcp_win.dll
0x00007ff8b1400000 - 0x00007ff8b142f000 	C:\WINDOWS\System32\IMM32.DLL
0x00007ff88aaa0000 - 0x00007ff88aaac000 	C:\Program Files\Zulu\zulu-21\bin\vcruntime140_1.dll
0x00007ff825d10000 - 0x00007ff825d9d000 	C:\Program Files\Zulu\zulu-21\bin\msvcp140.dll
0x00007ff814610000 - 0x00007ff8153ed000 	C:\Program Files\Zulu\zulu-21\bin\server\jvm.dll
0x00007ff8b1bc0000 - 0x00007ff8b1c72000 	C:\WINDOWS\System32\ADVAPI32.dll
0x00007ff8b2250000 - 0x00007ff8b22f6000 	C:\WINDOWS\System32\sechost.dll
0x00007ff8b2130000 - 0x00007ff8b2245000 	C:\WINDOWS\System32\RPCRT4.dll
0x00007ff8b1a00000 - 0x00007ff8b1a74000 	C:\WINDOWS\System32\WS2_32.dll
0x00007ff8af950000 - 0x00007ff8af9ae000 	C:\WINDOWS\SYSTEM32\POWRPROF.dll
0x00007ff8a56c0000 - 0x00007ff8a56f6000 	C:\WINDOWS\SYSTEM32\WINMM.dll
0x00007ff8a2c40000 - 0x00007ff8a2c4b000 	C:\WINDOWS\SYSTEM32\VERSION.dll
0x00007ff8af930000 - 0x00007ff8af944000 	C:\WINDOWS\SYSTEM32\UMPDC.dll
0x00007ff8aea70000 - 0x00007ff8aea8a000 	C:\WINDOWS\SYSTEM32\kernel.appcore.dll
0x00007ff85bc40000 - 0x00007ff85bc4a000 	C:\Program Files\Zulu\zulu-21\bin\jimage.dll
0x00007ff8a2df0000 - 0x00007ff8a3031000 	C:\WINDOWS\SYSTEM32\DBGHELP.DLL
0x00007ff8b1600000 - 0x00007ff8b1983000 	C:\WINDOWS\System32\combase.dll
0x00007ff8b0ad0000 - 0x00007ff8b0ba6000 	C:\WINDOWS\System32\OLEAUT32.dll
0x00007ff897250000 - 0x00007ff897289000 	C:\WINDOWS\SYSTEM32\dbgcore.DLL
0x00007ff8b0800000 - 0x00007ff8b0899000 	C:\WINDOWS\System32\bcryptPrimitives.dll
0x00007ff8a91b0000 - 0x00007ff8a91c0000 	C:\Program Files\Zulu\zulu-21\bin\instrument.dll
0x00007ff825ce0000 - 0x00007ff825d02000 	C:\Program Files\Zulu\zulu-21\bin\java.dll
0x00007ff8b0c60000 - 0x00007ff8b138a000 	C:\WINDOWS\System32\SHELL32.dll
0x00007ff8afd20000 - 0x00007ff8afe94000 	C:\WINDOWS\System32\wintypes.dll
0x00007ff8ad930000 - 0x00007ff8ae182000 	C:\WINDOWS\SYSTEM32\windows.storage.dll
0x00007ff8b2300000 - 0x00007ff8b23ee000 	C:\WINDOWS\System32\SHCORE.dll
0x00007ff8b1490000 - 0x00007ff8b14f6000 	C:\WINDOWS\System32\shlwapi.dll
0x00007ff8afb80000 - 0x00007ff8afbaf000 	C:\WINDOWS\SYSTEM32\profapi.dll
0x00007ff815710000 - 0x00007ff8157e7000 	C:\Program Files\Zulu\zulu-21\bin\jsvml.dll
0x00007ff825ca0000 - 0x00007ff825cb8000 	C:\Program Files\Zulu\zulu-21\bin\zip.dll
0x00007ff825cc0000 - 0x00007ff825cd2000 	C:\Program Files\Zulu\zulu-21\bin\net.dll
0x00007ff8a8d20000 - 0x00007ff8a8e3e000 	C:\WINDOWS\SYSTEM32\WINHTTP.dll
0x00007ff8aef70000 - 0x00007ff8aefda000 	C:\WINDOWS\system32\mswsock.dll
0x00007ff825c30000 - 0x00007ff825c46000 	C:\Program Files\Zulu\zulu-21\bin\nio.dll
0x00007ff858320000 - 0x00007ff858330000 	C:\Program Files\Zulu\zulu-21\bin\verify.dll
0x00007ff8999f0000 - 0x00007ff899a17000 	C:\Users\Administrator\.gradle\native\1def1411415f61bf3af743bc5b6707747c0891f09f0c88961ee8f79bc544acac\windows-amd64\native-platform.dll
0x00007ff889f80000 - 0x00007ff889ff8000 	C:\Users\Administrator\.gradle\native\0.2.7\x86_64-windows-gnu\gradle-fileevents.dll
0x00007ff8582b0000 - 0x00007ff8582ba000 	C:\Program Files\Zulu\zulu-21\bin\management.dll
0x00007ff857410000 - 0x00007ff85741c000 	C:\Program Files\Zulu\zulu-21\bin\management_ext.dll
0x00007ff8b13f0000 - 0x00007ff8b13f8000 	C:\WINDOWS\System32\PSAPI.DLL
0x00007ff8ae480000 - 0x00007ff8ae4b3000 	C:\WINDOWS\SYSTEM32\IPHLPAPI.DLL
0x00007ff8b13c0000 - 0x00007ff8b13ca000 	C:\WINDOWS\System32\NSI.dll
0x00007ff82d510000 - 0x00007ff82d519000 	C:\Program Files\Zulu\zulu-21\bin\extnet.dll
0x00007ff8af320000 - 0x00007ff8af33a000 	C:\WINDOWS\SYSTEM32\CRYPTSP.dll
0x00007ff8ae9d0000 - 0x00007ff8aea0a000 	C:\WINDOWS\system32\rsaenh.dll
0x00007ff8af010000 - 0x00007ff8af03b000 	C:\WINDOWS\SYSTEM32\USERENV.dll
0x00007ff8af4b0000 - 0x00007ff8af4d6000 	C:\WINDOWS\SYSTEM32\bcrypt.dll
0x00007ff8af1a0000 - 0x00007ff8af1ac000 	C:\WINDOWS\SYSTEM32\CRYPTBASE.dll
0x00007ff8a13f0000 - 0x00007ff8a13fe000 	C:\Program Files\Zulu\zulu-21\bin\sunmscapi.dll
0x00007ff8b0680000 - 0x00007ff8b07f7000 	C:\WINDOWS\System32\CRYPT32.dll
0x00007ff8af470000 - 0x00007ff8af4a0000 	C:\WINDOWS\SYSTEM32\ncrypt.dll
0x00007ff8af420000 - 0x00007ff8af45f000 	C:\WINDOWS\SYSTEM32\NTASN1.dll
0x00007ff88caf0000 - 0x00007ff88caf8000 	C:\WINDOWS\system32\wshunix.dll
0x00007ff88e9f0000 - 0x00007ff88ea08000 	C:\WINDOWS\system32\napinsp.dll
0x00007ff8ae4c0000 - 0x00007ff8ae5e5000 	C:\WINDOWS\SYSTEM32\DNSAPI.dll
0x00007ff88e9d0000 - 0x00007ff88e9e2000 	C:\WINDOWS\System32\winrnr.dll
0x00007ff88e990000 - 0x00007ff88e9c0000 	C:\WINDOWS\system32\nlansp_c.dll
0x00007ff8a55d0000 - 0x00007ff8a55e6000 	C:\WINDOWS\system32\wshbth.dll
0x00007ff8a5950000 - 0x00007ff8a595b000 	C:\Windows\System32\rasadhlp.dll
0x00007ff8a5540000 - 0x00007ff8a55c6000 	C:\WINDOWS\System32\fwpuclnt.dll

dbghelp: loaded successfully - version: 4.0.5 - missing functions: none
symbol engine: initialized successfully - sym options: 0x614 - pdb path: .;C:\Program Files\Zulu\zulu-21\bin;C:\WINDOWS\SYSTEM32;C:\WINDOWS\WinSxS\amd64_microsoft.windows.common-controls_6595b64144ccf1df_6.0.26100.5516_none_3e073f78e335730c;C:\Program Files\Zulu\zulu-21\bin\server;C:\Users\Administrator\.gradle\native\1def1411415f61bf3af743bc5b6707747c0891f09f0c88961ee8f79bc544acac\windows-amd64;C:\Users\Administrator\.gradle\native\0.2.7\x86_64-windows-gnu

VM Arguments:
jvm_args: --add-opens=java.base/java.lang=ALL-UNNAMED --add-opens=java.base/java.lang.invoke=ALL-UNNAMED --add-opens=java.base/java.util=ALL-UNNAMED --add-opens=java.prefs/java.util.prefs=ALL-UNNAMED --add-exports=jdk.compiler/com.sun.tools.javac.api=ALL-UNNAMED --add-exports=jdk.compiler/com.sun.tools.javac.util=ALL-UNNAMED --add-opens=java.base/java.util=ALL-UNNAMED --add-opens=java.prefs/java.util.prefs=ALL-UNNAMED --add-opens=java.base/java.nio.charset=ALL-UNNAMED --add-opens=java.base/java.net=ALL-UNNAMED --add-opens=java.base/java.util.concurrent.atomic=ALL-UNNAMED --add-opens=java.xml/javax.xml.namespace=ALL-UNNAMED -Xmx4g -Dfile.encoding=UTF-8 -Duser.country=GB -Duser.language=en -Duser.variant -javaagent:C:\Users\Administrator\.gradle\wrapper\dists\gradle-8.14.3-bin\cv11ve7ro1n3o1j4so8xd9n66\gradle-8.14.3\lib\agents\gradle-instrumentation-agent-8.14.3.jar 
java_command: org.gradle.launcher.daemon.bootstrap.GradleDaemon 8.14.3
java_class_path (initial): C:\Users\Administrator\.gradle\wrapper\dists\gradle-8.14.3-bin\cv11ve7ro1n3o1j4so8xd9n66\gradle-8.14.3\lib\gradle-daemon-main-8.14.3.jar
Launcher Type: SUN_STANDARD

[Global flags]
     intx CICompilerCount                          = 4                                         {product} {ergonomic}
     uint ConcGCThreads                            = 3                                         {product} {ergonomic}
     uint G1ConcRefinementThreads                  = 10                                        {product} {ergonomic}
   size_t G1HeapRegionSize                         = 2097152                                   {product} {ergonomic}
    uintx GCDrainStackTargetSize                   = 64                                        {product} {ergonomic}
   size_t InitialHeapSize                          = 524288000                                 {product} {ergonomic}
   size_t MarkStackSize                            = 4194304                                   {product} {ergonomic}
   size_t MaxHeapSize                              = 4294967296                                {product} {command line}
   size_t MaxNewSize                               = 2575302656                                {product} {ergonomic}
   size_t MinHeapDeltaBytes                        = 2097152                                   {product} {ergonomic}
   size_t MinHeapSize                              = 8388608                                   {product} {ergonomic}
    uintx NonNMethodCodeHeapSize                   = 5839372                                {pd product} {ergonomic}
    uintx NonProfiledCodeHeapSize                  = 122909434                              {pd product} {ergonomic}
    uintx ProfiledCodeHeapSize                     = 122909434                              {pd product} {ergonomic}
    uintx ReservedCodeCacheSize                    = 251658240                              {pd product} {ergonomic}
     bool SegmentedCodeCache                       = true                                      {product} {ergonomic}
   size_t SoftMaxHeapSize                          = 4294967296                             {manageable} {ergonomic}
     bool UseCompressedOops                        = true                           {product lp64_product} {ergonomic}
     bool UseG1GC                                  = true                                      {product} {ergonomic}
     bool UseLargePagesIndividualAllocation        = false                                  {pd product} {ergonomic}

Logging:
Log output configuration:
 #0: stdout all=warning uptime,level,tags foldmultilines=false
 #1: stderr all=off uptime,level,tags foldmultilines=false

Environment Variables:
PATH=C:\Program Files\PowerShell\7;C:\Program Files\Zulu\zulu-21\bin\;C:\Program Files (x86)\Common Files\Oracle\Java\java8path;C:\Program Files (x86)\Common Files\Oracle\Java\javapath;C:\Program Files (x86)\Razer Chroma SDK\bin;C:\Program Files\Razer Chroma SDK\bin;C:\Program Files (x86)\Razer\ChromaBroadcast\bin;C:\Program Files\Razer\ChromaBroadcast\bin;C:\Program Files (x86)\Common Files\Intel\Shared Libraries\redist\intel64\compiler;C:\WINDOWS\system32;C:\WINDOWS;C:\WINDOWS\System32\Wbem;C:\WINDOWS\System32\WindowsPowerShell\v1.0\;C:\WINDOWS\System32\OpenSSH\;C:\Program Files\dotnet\;C:\WINDOWS\system32\config\systemprofile\AppData\Local\Microsoft\WindowsApps;C:\Users\Administrator\AppData\Local\Programs\Python\Launcher\;C:\Users\Administrator\AppData\Local\Microsoft\WindowsApps;C:\Users\Administrator\AppData\Roaming\npm;C:\Users\Administrator\AppData\Local\Programs\Microsoft VS Code\bin;C:\WINDOWS\system32;C:\WINDOWS;C:\WINDOWS\System32\Wbem;C:\WINDOWS\System32\WindowsPowerShell\v1.0\;C:\WINDOWS\System32\OpenSSH\;C:\Program Files\Calibre2\;C:\Program Files\Git\cmd;C:\Program Files\PowerShell\7\;C:\Program Files\ffmpeg-8.0.1-essentials_build\ffmpeg-8.0.1-essentials_build\bin;C:\Program Files\nodejs\;C:\ProgramData\chocolatey\bin;C:\Users\Administrator\.local\bin;C:\Users\Administrator\AppData\Local\Programs\Python\Python313\Scripts\;C:\Users\Administrator\AppData\Local\Programs\Python\Python313\;C:\Users\Administrator\AppData\Local\Microsoft\WindowsApps;C:\Users\Administrator\AppData\Local\Programs\Microsoft VS Code\bin;C:\Users\Administrator\AppData\Local\Muse Hub\lib;C:\Users\Administrator\.lmstudio\bin;C:\Users\Administrator\AppData\Local\spicetify;C:\Users\Administrator\AppData\Roaming\npm;C:\Users\Administrator\AppData\Local\Programs\Antigravity\bin;C:\Users\Administrator\AppData\Local\GitHubDesktop\bin
USERNAME=Administrator
LANG=en_US.UTF-8
OS=Windows_NT
PROCESSOR_IDENTIFIER=AMD64 Family 25 Model 97 Stepping 2, AuthenticAMD
TMP=C:\Users\ADMINI~1\AppData\Local\Temp
TEMP=C:\Users\ADMINI~1\AppData\Local\Temp




Periodic native trim disabled

---------------  S Y S T E M  ---------------

OS:
 Windows 11 , 64 bit Build 26100 (10.0.26100.5514)
OS uptime: 0 days 3:46 hours
Hyper-V role detected

CPU: total 12 (initial active 12) (12 cores per cpu, 2 threads per core) family 25 model 97 stepping 2 microcode 0xa60120c, cx8, cmov, fxsr, ht, mmx, 3dnowpref, sse, sse2, sse3, ssse3, sse4a, sse4.1, sse4.2, popcnt, lzcnt, tsc, tscinvbit, avx, avx2, aes, erms, clmul, bmi1, bmi2, adx, avx512f, avx512dq, avx512cd, avx512bw, avx512vl, sha, fma, vzeroupper, avx512_vpopcntdq, avx512_vpclmulqdq, avx512_vaes, avx512_vnni, clflush, clflushopt, avx512_vbmi2, avx512_vbmi, hv, rdtscp, rdpid, fsrm, gfni, avx512_bitalg, f16c, cet_ss, avx512_ifma
Processor Information for the first 12 processors :
  Max Mhz: 4701, Current Mhz: 4701, Mhz Limit: 4701

Memory: 4k page, system-wide physical 31913M (5336M free)
TotalPageFile size 31913M (AvailPageFile size 399M)
current process WorkingSet (physical memory assigned to process): 830M, peak: 839M
current process commit charge ("private bytes"): 961M, peak: 1534M

vm_info: OpenJDK 64-Bit Server VM (21.0.7+6-LTS) for windows-amd64 JRE (21.0.7+6-LTS) (Zulu21.42+19-CA), built on 2025-04-07T10:58:52Z by "zulu_re" with MS VC++ 17.1 (VS2022)

END.
