#
# There is insufficient memory for the Java Runtime Environment to continue.
# Native memory allocation (malloc) failed to allocate 1656496 bytes. Error detail: Chunk::new
# Possible reasons:
#   The system is out of physical RAM or swap space
#   This process is running with CompressedOops enabled, and the Java Heap may be blocking the growth of the native heap
# Possible solutions:
#   Reduce memory load on the system
#   Increase physical memory or swap space
#   Check if swap backing store is full
#   Decrease Java heap size (-Xmx/-Xms)
#   Decrease number of Java threads
#   Decrease Java thread stack sizes (-Xss)
#   Set larger code cache with -XX:ReservedCodeCacheSize=
#   JVM is running with Zero Based Compressed Oops mode in which the Java heap is
#     placed in the first 32GB address space. The Java Heap base address is the
#     maximum limit for the native heap growth. Please use -XX:HeapBaseMinAddress
#     to set the Java Heap base and to place the Java Heap above 32GB virtual address.
# This output file may be truncated or incomplete.
#
#  Out of Memory Error (arena.cpp:168), pid=8180, tid=15640
#
# JRE version: OpenJDK Runtime Environment Zulu21.42+19-CA (21.0.7+6) (build 21.0.7+6-LTS)
# Java VM: OpenJDK 64-Bit Server VM Zulu21.42+19-CA (21.0.7+6-LTS, mixed mode, sharing, tiered, compressed oops, compressed class ptrs, g1 gc, windows-amd64)
# No core dump will be written. Minidumps are not enabled by default on client versions of Windows
#

---------------  S U M M A R Y ------------

Command Line: --add-opens=java.base/java.lang=ALL-UNNAMED --add-opens=java.base/java.lang.invoke=ALL-UNNAMED --add-opens=java.base/java.util=ALL-UNNAMED --add-opens=java.prefs/java.util.prefs=ALL-UNNAMED --add-exports=jdk.compiler/com.sun.tools.javac.api=ALL-UNNAMED --add-exports=jdk.compiler/com.sun.tools.javac.util=ALL-UNNAMED --add-opens=java.base/java.util=ALL-UNNAMED --add-opens=java.prefs/java.util.prefs=ALL-UNNAMED --add-opens=java.base/java.nio.charset=ALL-UNNAMED --add-opens=java.base/java.net=ALL-UNNAMED --add-opens=java.base/java.util.concurrent.atomic=ALL-UNNAMED --add-opens=java.xml/javax.xml.namespace=ALL-UNNAMED -Xmx8g -Dfile.encoding=UTF-8 -Duser.country=GB -Duser.language=en -Duser.variant -javaagent:C:\Users\Administrator\.gradle\wrapper\dists\gradle-8.14.3-bin\cv11ve7ro1n3o1j4so8xd9n66\gradle-8.14.3\lib\agents\gradle-instrumentation-agent-8.14.3.jar org.gradle.launcher.daemon.bootstrap.GradleDaemon 8.14.3

Host: AMD Ryzen 5 7600X 6-Core Processor             , 12 cores, 31G,  Windows 11 , 64 bit Build 26100 (10.0.26100.5514)
Time: Wed Feb 25 21:24:31 2026 GMT Standard Time elapsed time: 34.160302 seconds (0d 0h 0m 34s)

---------------  T H R E A D  ---------------

Current thread (0x0000018a217839a0):  JavaThread "C2 CompilerThread0" daemon [_thread_in_native, id=15640, stack(0x0000001e33300000,0x0000001e33400000) (1024K)]


Current CompileTask:
C2:34160 28220 %     4       com.android.tools.r8.internal.US::a @ 14 (2024 bytes)

Stack: [0x0000001e33300000,0x0000001e33400000]
Native frames: (J=compiled Java code, j=interpreted, Vv=VM code, C=native code)
V  [jvm.dll+0x6fb989]
V  [jvm.dll+0x8defdf]
V  [jvm.dll+0x8e13d8]
V  [jvm.dll+0x8e1b43]
V  [jvm.dll+0x299c76]
V  [jvm.dll+0xd2b7d]
V  [jvm.dll+0xd30b3]
V  [jvm.dll+0x30e9ad]
V  [jvm.dll+0x620834]
V  [jvm.dll+0x266e62]
V  [jvm.dll+0x26722f]
V  [jvm.dll+0x25f7ff]
V  [jvm.dll+0x25cf7c]
V  [jvm.dll+0x1db284]
V  [jvm.dll+0x26ccb0]
V  [jvm.dll+0x26b1e9]
V  [jvm.dll+0x4144e4]
V  [jvm.dll+0x886426]
V  [jvm.dll+0x6fa044]
C  [ucrtbase.dll+0x37b0]
C  [KERNEL32.DLL+0x2e8d7]
C  [ntdll.dll+0x9c5dc]


---------------  P R O C E S S  ---------------

Threads class SMR info:
_java_thread_list=0x0000018a6ec4a8c0, length=206, elements={
0x0000018a7bbffe10, 0x0000018a217689c0, 0x0000018a217696d0, 0x0000018a217792a0,
0x0000018a21778580, 0x0000018a21775e20, 0x0000018a21777860, 0x0000018a217839a0,
0x0000018a2178c600, 0x0000018a21777ef0, 0x0000018a217764b0, 0x0000018a21778c10,
0x0000018a21776b40, 0x0000018a217771d0, 0x0000018a68bc85a0, 0x0000018a68bc8c30,
0x0000018a68bc7f10, 0x0000018a68bc92c0, 0x0000018a68bcad00, 0x0000018a68bcba20,
0x0000018a68bcc740, 0x0000018a68bc9950, 0x0000018a68bccdd0, 0x0000018a68bcc0b0,
0x0000018a68bcb390, 0x0000018a68bc9fe0, 0x0000018a68bcdaf0, 0x0000018a68bce810,
0x0000018a68bce180, 0x0000018a6b033660, 0x0000018a6b032fd0, 0x0000018a6b033cf0,
0x0000018a6b031590, 0x0000018a6b0322b0, 0x0000018a6b031c20, 0x0000018a6b037170,
0x0000018a6b037800, 0x0000018a6b037e90, 0x0000018a6b038520, 0x0000018a6b038bb0,
0x0000018a6b036450, 0x0000018a6b035730, 0x0000018a6b035dc0, 0x0000018a6b036ae0,
0x0000018a6dc767e0, 0x0000018a6dc76e70, 0x0000018a6dc77b90, 0x0000018a6dc788b0,
0x0000018a6dc77500, 0x0000018a6dc78f40, 0x0000018a6dc78220, 0x0000018a6dc75ac0,
0x0000018a6dc795d0, 0x0000018a6dc76150, 0x0000018a6dc79c60, 0x0000018a6dc7b6a0,
0x0000018a6dc7ca50, 0x0000018a6dc7d0e0, 0x0000018a6dc7a2f0, 0x0000018a6dc7c3c0,
0x0000018a6dc7a980, 0x0000018a6dc7b010, 0x0000018a6dc7bd30, 0x0000018a6e306bb0,
0x0000018a6e3078d0, 0x0000018a6e305800, 0x0000018a6e306520, 0x0000018a6e305e90,
0x0000018a6e307f60, 0x0000018a6e30c100, 0x0000018a6e30a6c0, 0x0000018a6e30c790,
0x0000018a6e309310, 0x0000018a6e30ad50, 0x0000018a6e30b3e0, 0x0000018a6b2505e0,
0x0000018a6b252d40, 0x0000018a6b2526b0, 0x0000018a6b251300, 0x0000018a6b2540f0,
0x0000018a6b2533d0, 0x0000018a6b250c70, 0x0000018a6b254780, 0x0000018a6b254e10,
0x0000018a6b253a60, 0x0000018a6b251990, 0x0000018a6b2554a0, 0x0000018a6b252020,
0x0000018a6b2561c0, 0x0000018a6b255b30, 0x0000018a6b256850, 0x0000018a6b256ee0,
0x0000018a6b257570, 0x0000018a6855f8a0, 0x0000018a68562d20, 0x0000018a685612e0,
0x0000018a68560c50, 0x0000018a68561970, 0x0000018a6855ff30, 0x0000018a685605c0,
0x0000018a68562000, 0x0000018a68562690, 0x0000018a21839020, 0x0000018a2183b0f0,
0x0000018a2183c4a0, 0x0000018a2183b780, 0x0000018a2183be10, 0x0000018a2183a3d0,
0x0000018a2183aa60, 0x0000018a2183cb30, 0x0000018a218396b0, 0x0000018a2183d1c0,
0x0000018a21839d40, 0x0000018a21840640, 0x0000018a2183ec00, 0x0000018a2183d850,
0x0000018a2183dee0, 0x0000018a2183e570, 0x0000018a2183f290, 0x0000018a2183f920,
0x0000018a2183ffb0, 0x0000018a67f17870, 0x0000018a67f17f00, 0x0000018a67f18590,
0x0000018a67f15110, 0x0000018a67f157a0, 0x0000018a67f192b0, 0x0000018a67f15e30,
0x0000018a67f19940, 0x0000018a67f16b50, 0x0000018a67f164c0, 0x0000018a67f171e0,
0x0000018a67f1c0a0, 0x0000018a67f1a660, 0x0000018a67f19fd0, 0x0000018a67f1acf0,
0x0000018a67f1ba10, 0x0000018a67f1b380, 0x0000018a67f1c730, 0x0000018a6a2812f0,
0x0000018a6a281980, 0x0000018a6a27ff40, 0x0000018a6a27e500, 0x0000018a6a27f220,
0x0000018a6a282010, 0x0000018a6a2805d0, 0x0000018a6a27f8b0, 0x0000018a6a280c60,
0x0000018a6a27eb90, 0x0000018a6a2826a0, 0x0000018a6a284e00, 0x0000018a6a284770,
0x0000018a6a285490, 0x0000018a6a285b20, 0x0000018a6a282d30, 0x0000018a6a283a50,
0x0000018a6a2833c0, 0x0000018a6a2840e0, 0x0000018a684374d0, 0x0000018a68437b60,
0x0000018a68436e40, 0x0000018a68438f10, 0x0000018a684381f0, 0x0000018a684395a0,
0x0000018a68438880, 0x0000018a68439c30, 0x0000018a684367b0, 0x0000018a6843d0b0,
0x0000018a6843bd00, 0x0000018a6843a2c0, 0x0000018a6843a950, 0x0000018a68441250,
0x0000018a6843f810, 0x0000018a6843e460, 0x0000018a74c40be0, 0x0000018a74c43340,
0x0000018a74c42cb0, 0x0000018a74c40550, 0x0000018a74c44d80, 0x0000018a74c45aa0,
0x0000018a74c46130, 0x0000018a74c446f0, 0x0000018a74c467c0, 0x0000018a74c46e50,
0x0000018a74c439d0, 0x0000018a74c474e0, 0x0000018a74c48890, 0x0000018a74c48f20,
0x0000018a74c47b70, 0x0000018a74c48200, 0x0000018a6b257c00, 0x0000018a67d55440,
0x0000018a67d56e80, 0x0000018a75de98d0, 0x0000018a75de9200, 0x0000018a67d5d780,
0x0000018a67d5c3d0, 0x0000018a67d5d0f0, 0x0000018a67d5a300, 0x0000018a67d5de10,
0x0000018a67d5a990, 0x0000018a67d5f850, 0x0000018a67d5f1c0, 0x0000018a67d60c00,
0x0000018a67d60570, 0x0000018a67d5eb30
}

Java Threads: ( => current thread )
  0x0000018a7bbffe10 JavaThread "main"                              [_thread_blocked, id=24456, stack(0x0000001e32500000,0x0000001e32600000) (1024K)]
  0x0000018a217689c0 JavaThread "Reference Handler"          daemon [_thread_blocked, id=17676, stack(0x0000001e32d00000,0x0000001e32e00000) (1024K)]
  0x0000018a217696d0 JavaThread "Finalizer"                  daemon [_thread_blocked, id=14432, stack(0x0000001e32e00000,0x0000001e32f00000) (1024K)]
  0x0000018a217792a0 JavaThread "Signal Dispatcher"          daemon [_thread_blocked, id=7496, stack(0x0000001e32f00000,0x0000001e33000000) (1024K)]
  0x0000018a21778580 JavaThread "Attach Listener"            daemon [_thread_blocked, id=23772, stack(0x0000001e33000000,0x0000001e33100000) (1024K)]
  0x0000018a21775e20 JavaThread "Service Thread"             daemon [_thread_blocked, id=12512, stack(0x0000001e33100000,0x0000001e33200000) (1024K)]
  0x0000018a21777860 JavaThread "Monitor Deflation Thread"   daemon [_thread_blocked, id=15864, stack(0x0000001e33200000,0x0000001e33300000) (1024K)]
=>0x0000018a217839a0 JavaThread "C2 CompilerThread0"         daemon [_thread_in_native, id=15640, stack(0x0000001e33300000,0x0000001e33400000) (1024K)]
  0x0000018a2178c600 JavaThread "C1 CompilerThread0"         daemon [_thread_in_native, id=11300, stack(0x0000001e33400000,0x0000001e33500000) (1024K)]
  0x0000018a21777ef0 JavaThread "Common-Cleaner"             daemon [_thread_blocked, id=21460, stack(0x0000001e33500000,0x0000001e33600000) (1024K)]
  0x0000018a217764b0 JavaThread "Notification Thread"        daemon [_thread_blocked, id=3720, stack(0x0000001e33600000,0x0000001e33700000) (1024K)]
  0x0000018a21778c10 JavaThread "Daemon health stats"               [_thread_blocked, id=19024, stack(0x0000001e34200000,0x0000001e34300000) (1024K)]
  0x0000018a21776b40 JavaThread "Incoming local TCP Connector on port 60578"        [_thread_in_native, id=15644, stack(0x0000001e34300000,0x0000001e34400000) (1024K)]
  0x0000018a217771d0 JavaThread "Daemon periodic checks"            [_thread_blocked, id=15236, stack(0x0000001e34400000,0x0000001e34500000) (1024K)]
  0x0000018a68bc85a0 JavaThread "Daemon"                            [_thread_blocked, id=14044, stack(0x0000001e34500000,0x0000001e34600000) (1024K)]
  0x0000018a68bc8c30 JavaThread "Handler for socket connection from /127.0.0.1:60578 to /127.0.0.1:60579"        [_thread_in_native, id=16464, stack(0x0000001e34600000,0x0000001e34700000) (1024K)]
  0x0000018a68bc7f10 JavaThread "Cancel handler"                    [_thread_blocked, id=26488, stack(0x0000001e34700000,0x0000001e34800000) (1024K)]
  0x0000018a68bc92c0 JavaThread "Daemon worker"                     [_thread_blocked, id=14188, stack(0x0000001e34800000,0x0000001e34900000) (1024K)]
  0x0000018a68bcad00 JavaThread "Asynchronous log dispatcher for DefaultDaemonConnection: socket connection from /127.0.0.1:60578 to /127.0.0.1:60579"        [_thread_blocked, id=21140, stack(0x0000001e34900000,0x0000001e34a00000) (1024K)]
  0x0000018a68bcba20 JavaThread "Stdin handler"                     [_thread_blocked, id=8844, stack(0x0000001e34a00000,0x0000001e34b00000) (1024K)]
  0x0000018a68bcc740 JavaThread "Daemon client event forwarder"        [_thread_blocked, id=18568, stack(0x0000001e34b00000,0x0000001e34c00000) (1024K)]
  0x0000018a68bc9950 JavaThread "Cache worker for journal cache (C:\Users\Administrator\.gradle\caches\journal-1)"        [_thread_blocked, id=21024, stack(0x0000001e34c00000,0x0000001e34d00000) (1024K)]
  0x0000018a68bccdd0 JavaThread "File lock request listener"        [_thread_in_native, id=14140, stack(0x0000001e34d00000,0x0000001e34e00000) (1024K)]
  0x0000018a68bcc0b0 JavaThread "Cache worker for file hash cache (C:\Users\Administrator\.gradle\caches\8.14.3\fileHashes)"        [_thread_blocked, id=19240, stack(0x0000001e34e00000,0x0000001e34f00000) (1024K)]
  0x0000018a68bcb390 JavaThread "Cache worker for file hash cache (C:\Users\Administrator\Desktop\Android Studio\Antigravity\Anikku\anikku\.gradle\8.14.3\fileHashes)"        [_thread_blocked, id=19808, stack(0x0000001e35100000,0x0000001e35200000) (1024K)]
  0x0000018a68bc9fe0 JavaThread "Cache worker for Build Output Cleanup Cache (C:\Users\Administrator\Desktop\Android Studio\Antigravity\Anikku\anikku\.gradle\buildOutputCleanup)"        [_thread_blocked, id=23324, stack(0x0000001e35200000,0x0000001e35300000) (1024K)]
  0x0000018a68bcdaf0 JavaThread "Cache worker for Build Output Cleanup Cache (C:\Users\Administrator\Desktop\Android Studio\Antigravity\Anikku\anikku\buildSrc\.gradle\buildOutputCleanup)"        [_thread_blocked, id=18900, stack(0x0000001e35300000,0x0000001e35400000) (1024K)]
  0x0000018a68bce810 JavaThread "File watcher server"        daemon [_thread_in_native, id=25076, stack(0x0000001e35400000,0x0000001e35500000) (1024K)]
  0x0000018a68bce180 JavaThread "File watcher consumer"      daemon [_thread_blocked, id=21788, stack(0x0000001e35500000,0x0000001e35600000) (1024K)]
  0x0000018a6b033660 JavaThread "Cache worker for checksums cache (C:\Users\Administrator\Desktop\Android Studio\Antigravity\Anikku\anikku\.gradle\8.14.3\checksums)"        [_thread_blocked, id=25548, stack(0x0000001e35600000,0x0000001e35700000) (1024K)]
  0x0000018a6b032fd0 JavaThread "Cache worker for file content cache (C:\Users\Administrator\.gradle\caches\8.14.3\fileContent)"        [_thread_blocked, id=24012, stack(0x0000001e35700000,0x0000001e35800000) (1024K)]
  0x0000018a6b033cf0 JavaThread "Cache worker for cache directory md-supplier (C:\Users\Administrator\.gradle\caches\8.14.3\md-supplier)"        [_thread_blocked, id=11172, stack(0x0000001e35800000,0x0000001e35900000) (1024K)]
  0x0000018a6b031590 JavaThread "Cache worker for cache directory md-rule (C:\Users\Administrator\.gradle\caches\8.14.3\md-rule)"        [_thread_blocked, id=22168, stack(0x0000001e35900000,0x0000001e35a00000) (1024K)]
  0x0000018a6b0322b0 JavaThread "Problems report writer"            [_thread_blocked, id=17472, stack(0x0000001e35a00000,0x0000001e35b00000) (1024K)]
  0x0000018a6b031c20 JavaThread "Memory manager"                    [_thread_blocked, id=25864, stack(0x0000001e35b00000,0x0000001e35c00000) (1024K)]
  0x0000018a6b037170 JavaThread "Unconstrained build operations"        [_thread_blocked, id=25840, stack(0x0000001e35c00000,0x0000001e35d00000) (1024K)]
  0x0000018a6b037800 JavaThread "Unconstrained build operations Thread 2"        [_thread_blocked, id=356, stack(0x0000001e35d00000,0x0000001e35e00000) (1024K)]
  0x0000018a6b037e90 JavaThread "Unconstrained build operations Thread 3"        [_thread_blocked, id=14316, stack(0x0000001e35e00000,0x0000001e35f00000) (1024K)]
  0x0000018a6b038520 JavaThread "Unconstrained build operations Thread 4"        [_thread_blocked, id=15176, stack(0x0000001e35f00000,0x0000001e36000000) (1024K)]
  0x0000018a6b038bb0 JavaThread "Unconstrained build operations Thread 5"        [_thread_blocked, id=9500, stack(0x0000001e36000000,0x0000001e36100000) (1024K)]
  0x0000018a6b036450 JavaThread "Unconstrained build operations Thread 6"        [_thread_blocked, id=16996, stack(0x0000001e36100000,0x0000001e36200000) (1024K)]
  0x0000018a6b035730 JavaThread "Unconstrained build operations Thread 7"        [_thread_blocked, id=7764, stack(0x0000001e36200000,0x0000001e36300000) (1024K)]
  0x0000018a6b035dc0 JavaThread "Unconstrained build operations Thread 8"        [_thread_blocked, id=12456, stack(0x0000001e36300000,0x0000001e36400000) (1024K)]
  0x0000018a6b036ae0 JavaThread "Unconstrained build operations Thread 9"        [_thread_blocked, id=1664, stack(0x0000001e36400000,0x0000001e36500000) (1024K)]
  0x0000018a6dc767e0 JavaThread "Unconstrained build operations Thread 10"        [_thread_blocked, id=9020, stack(0x0000001e36500000,0x0000001e36600000) (1024K)]
  0x0000018a6dc76e70 JavaThread "Unconstrained build operations Thread 11"        [_thread_blocked, id=25912, stack(0x0000001e36600000,0x0000001e36700000) (1024K)]
  0x0000018a6dc77b90 JavaThread "Unconstrained build operations Thread 12"        [_thread_blocked, id=24072, stack(0x0000001e36700000,0x0000001e36800000) (1024K)]
  0x0000018a6dc788b0 JavaThread "Unconstrained build operations Thread 13"        [_thread_blocked, id=20388, stack(0x0000001e36800000,0x0000001e36900000) (1024K)]
  0x0000018a6dc77500 JavaThread "Unconstrained build operations Thread 14"        [_thread_blocked, id=4268, stack(0x0000001e36900000,0x0000001e36a00000) (1024K)]
  0x0000018a6dc78f40 JavaThread "Unconstrained build operations Thread 15"        [_thread_blocked, id=25060, stack(0x0000001e36a00000,0x0000001e36b00000) (1024K)]
  0x0000018a6dc78220 JavaThread "Unconstrained build operations Thread 16"        [_thread_blocked, id=16140, stack(0x0000001e36b00000,0x0000001e36c00000) (1024K)]
  0x0000018a6dc75ac0 JavaThread "Unconstrained build operations Thread 17"        [_thread_blocked, id=4124, stack(0x0000001e36c00000,0x0000001e36d00000) (1024K)]
  0x0000018a6dc795d0 JavaThread "Unconstrained build operations Thread 18"        [_thread_blocked, id=23992, stack(0x0000001e36d00000,0x0000001e36e00000) (1024K)]
  0x0000018a6dc76150 JavaThread "Unconstrained build operations Thread 19"        [_thread_blocked, id=22720, stack(0x0000001e36e00000,0x0000001e36f00000) (1024K)]
  0x0000018a6dc79c60 JavaThread "Unconstrained build operations Thread 20"        [_thread_blocked, id=20332, stack(0x0000001e36f00000,0x0000001e37000000) (1024K)]
  0x0000018a6dc7b6a0 JavaThread "Unconstrained build operations Thread 21"        [_thread_blocked, id=15324, stack(0x0000001e37000000,0x0000001e37100000) (1024K)]
  0x0000018a6dc7ca50 JavaThread "Unconstrained build operations Thread 22"        [_thread_blocked, id=25180, stack(0x0000001e37100000,0x0000001e37200000) (1024K)]
  0x0000018a6dc7d0e0 JavaThread "Unconstrained build operations Thread 23"        [_thread_blocked, id=11388, stack(0x0000001e37200000,0x0000001e37300000) (1024K)]
  0x0000018a6dc7a2f0 JavaThread "Unconstrained build operations Thread 24"        [_thread_blocked, id=19644, stack(0x0000001e37300000,0x0000001e37400000) (1024K)]
  0x0000018a6dc7c3c0 JavaThread "Unconstrained build operations Thread 25"        [_thread_blocked, id=21276, stack(0x0000001e37400000,0x0000001e37500000) (1024K)]
  0x0000018a6dc7a980 JavaThread "Unconstrained build operations Thread 26"        [_thread_blocked, id=3456, stack(0x0000001e37500000,0x0000001e37600000) (1024K)]
  0x0000018a6dc7b010 JavaThread "Unconstrained build operations Thread 27"        [_thread_blocked, id=22672, stack(0x0000001e37600000,0x0000001e37700000) (1024K)]
  0x0000018a6dc7bd30 JavaThread "Unconstrained build operations Thread 28"        [_thread_blocked, id=15444, stack(0x0000001e37700000,0x0000001e37800000) (1024K)]
  0x0000018a6e306bb0 JavaThread "Unconstrained build operations Thread 29"        [_thread_blocked, id=10152, stack(0x0000001e37800000,0x0000001e37900000) (1024K)]
  0x0000018a6e3078d0 JavaThread "Unconstrained build operations Thread 30"        [_thread_blocked, id=17500, stack(0x0000001e37900000,0x0000001e37a00000) (1024K)]
  0x0000018a6e305800 JavaThread "Unconstrained build operations Thread 31"        [_thread_blocked, id=16316, stack(0x0000001e37a00000,0x0000001e37b00000) (1024K)]
  0x0000018a6e306520 JavaThread "Unconstrained build operations Thread 32"        [_thread_blocked, id=3668, stack(0x0000001e37b00000,0x0000001e37c00000) (1024K)]
  0x0000018a6e305e90 JavaThread "Unconstrained build operations Thread 33"        [_thread_blocked, id=21972, stack(0x0000001e37c00000,0x0000001e37d00000) (1024K)]
  0x0000018a6e307f60 JavaThread "build event listener"              [_thread_blocked, id=23028, stack(0x0000001e37d00000,0x0000001e37e00000) (1024K)]
  0x0000018a6e30c100 JavaThread "included builds"                   [_thread_blocked, id=5940, stack(0x0000001e37e00000,0x0000001e37f00000) (1024K)]
  0x0000018a6e30a6c0 JavaThread "Execution worker"                  [_thread_blocked, id=15152, stack(0x0000001e37f00000,0x0000001e38000000) (1024K)]
  0x0000018a6e30c790 JavaThread "Execution worker Thread 2"         [_thread_blocked, id=14996, stack(0x0000001e38000000,0x0000001e38100000) (1024K)]
  0x0000018a6e309310 JavaThread "Execution worker Thread 3"         [_thread_blocked, id=16956, stack(0x0000001e38100000,0x0000001e38200000) (1024K)]
  0x0000018a6e30ad50 JavaThread "Execution worker Thread 4"         [_thread_blocked, id=20624, stack(0x0000001e38200000,0x0000001e38300000) (1024K)]
  0x0000018a6e30b3e0 JavaThread "Execution worker Thread 5"         [_thread_blocked, id=21636, stack(0x0000001e38300000,0x0000001e38400000) (1024K)]
  0x0000018a6b2505e0 JavaThread "Execution worker Thread 6"         [_thread_blocked, id=22824, stack(0x0000001e38400000,0x0000001e38500000) (1024K)]
  0x0000018a6b252d40 JavaThread "Execution worker Thread 7"         [_thread_blocked, id=25872, stack(0x0000001e38500000,0x0000001e38600000) (1024K)]
  0x0000018a6b2526b0 JavaThread "Execution worker Thread 8"         [_thread_blocked, id=14832, stack(0x0000001e38600000,0x0000001e38700000) (1024K)]
  0x0000018a6b251300 JavaThread "Execution worker Thread 9"         [_thread_blocked, id=13764, stack(0x0000001e38700000,0x0000001e38800000) (1024K)]
  0x0000018a6b2540f0 JavaThread "Execution worker Thread 10"        [_thread_blocked, id=18804, stack(0x0000001e38800000,0x0000001e38900000) (1024K)]
  0x0000018a6b2533d0 JavaThread "Execution worker Thread 11"        [_thread_blocked, id=8808, stack(0x0000001e38900000,0x0000001e38a00000) (1024K)]
  0x0000018a6b250c70 JavaThread "Cache worker for execution history cache (C:\Users\Administrator\Desktop\Android Studio\Antigravity\Anikku\anikku\buildSrc\.gradle\8.14.3\executionHistory)"        [_thread_blocked, id=11588, stack(0x0000001e38a00000,0x0000001e38b00000) (1024K)]
  0x0000018a6b254780 JavaThread "Unconstrained build operations Thread 34"        [_thread_blocked, id=14080, stack(0x0000001e38b00000,0x0000001e38c00000) (1024K)]
  0x0000018a6b254e10 JavaThread "Unconstrained build operations Thread 35"        [_thread_blocked, id=17052, stack(0x0000001e38c00000,0x0000001e38d00000) (1024K)]
  0x0000018a6b253a60 JavaThread "Unconstrained build operations Thread 36"        [_thread_blocked, id=15344, stack(0x0000001e38d00000,0x0000001e38e00000) (1024K)]
  0x0000018a6b251990 JavaThread "Unconstrained build operations Thread 37"        [_thread_blocked, id=18628, stack(0x0000001e38e00000,0x0000001e38f00000) (1024K)]
  0x0000018a6b2554a0 JavaThread "Unconstrained build operations Thread 38"        [_thread_blocked, id=23272, stack(0x0000001e38f00000,0x0000001e39000000) (1024K)]
  0x0000018a6b252020 JavaThread "Unconstrained build operations Thread 39"        [_thread_blocked, id=18840, stack(0x0000001e39000000,0x0000001e39100000) (1024K)]
  0x0000018a6b2561c0 JavaThread "Unconstrained build operations Thread 40"        [_thread_blocked, id=19116, stack(0x0000001e39100000,0x0000001e39200000) (1024K)]
  0x0000018a6b255b30 JavaThread "Unconstrained build operations Thread 41"        [_thread_blocked, id=2360, stack(0x0000001e39200000,0x0000001e39300000) (1024K)]
  0x0000018a6b256850 JavaThread "Unconstrained build operations Thread 42"        [_thread_blocked, id=13604, stack(0x0000001e39300000,0x0000001e39400000) (1024K)]
  0x0000018a6b256ee0 JavaThread "Unconstrained build operations Thread 43"        [_thread_blocked, id=20352, stack(0x0000001e39400000,0x0000001e39500000) (1024K)]
  0x0000018a6b257570 JavaThread "Unconstrained build operations Thread 44"        [_thread_blocked, id=21180, stack(0x0000001e39500000,0x0000001e39600000) (1024K)]
  0x0000018a6855f8a0 JavaThread "Unconstrained build operations Thread 45"        [_thread_blocked, id=10000, stack(0x0000001e39600000,0x0000001e39700000) (1024K)]
  0x0000018a68562d20 JavaThread "Unconstrained build operations Thread 46"        [_thread_blocked, id=3524, stack(0x0000001e39700000,0x0000001e39800000) (1024K)]
  0x0000018a685612e0 JavaThread "Unconstrained build operations Thread 47"        [_thread_blocked, id=16916, stack(0x0000001e39800000,0x0000001e39900000) (1024K)]
  0x0000018a68560c50 JavaThread "Unconstrained build operations Thread 48"        [_thread_blocked, id=20080, stack(0x0000001e39900000,0x0000001e39a00000) (1024K)]
  0x0000018a68561970 JavaThread "Unconstrained build operations Thread 49"        [_thread_blocked, id=24208, stack(0x0000001e39a00000,0x0000001e39b00000) (1024K)]
  0x0000018a6855ff30 JavaThread "Unconstrained build operations Thread 50"        [_thread_blocked, id=2088, stack(0x0000001e39b00000,0x0000001e39c00000) (1024K)]
  0x0000018a685605c0 JavaThread "Unconstrained build operations Thread 51"        [_thread_blocked, id=2604, stack(0x0000001e39c00000,0x0000001e39d00000) (1024K)]
  0x0000018a68562000 JavaThread "Unconstrained build operations Thread 52"        [_thread_blocked, id=25740, stack(0x0000001e39d00000,0x0000001e39e00000) (1024K)]
  0x0000018a68562690 JavaThread "Unconstrained build operations Thread 53"        [_thread_blocked, id=15164, stack(0x0000001e39e00000,0x0000001e39f00000) (1024K)]
  0x0000018a21839020 JavaThread "Unconstrained build operations Thread 54"        [_thread_blocked, id=10068, stack(0x0000001e39f00000,0x0000001e3a000000) (1024K)]
  0x0000018a2183b0f0 JavaThread "Unconstrained build operations Thread 55"        [_thread_blocked, id=11516, stack(0x0000001e3a000000,0x0000001e3a100000) (1024K)]
  0x0000018a2183c4a0 JavaThread "Unconstrained build operations Thread 56"        [_thread_blocked, id=21992, stack(0x0000001e3a100000,0x0000001e3a200000) (1024K)]
  0x0000018a2183b780 JavaThread "Unconstrained build operations Thread 57"        [_thread_blocked, id=18576, stack(0x0000001e3a200000,0x0000001e3a300000) (1024K)]
  0x0000018a2183be10 JavaThread "Unconstrained build operations Thread 58"        [_thread_blocked, id=23016, stack(0x0000001e3a300000,0x0000001e3a400000) (1024K)]
  0x0000018a2183a3d0 JavaThread "Unconstrained build operations Thread 59"        [_thread_blocked, id=24444, stack(0x0000001e3a400000,0x0000001e3a500000) (1024K)]
  0x0000018a2183aa60 JavaThread "Unconstrained build operations Thread 60"        [_thread_blocked, id=13136, stack(0x0000001e3a500000,0x0000001e3a600000) (1024K)]
  0x0000018a2183cb30 JavaThread "Unconstrained build operations Thread 61"        [_thread_blocked, id=13004, stack(0x0000001e3a600000,0x0000001e3a700000) (1024K)]
  0x0000018a218396b0 JavaThread "Unconstrained build operations Thread 62"        [_thread_blocked, id=26612, stack(0x0000001e3a700000,0x0000001e3a800000) (1024K)]
  0x0000018a2183d1c0 JavaThread "Unconstrained build operations Thread 63"        [_thread_blocked, id=16372, stack(0x0000001e3a800000,0x0000001e3a900000) (1024K)]
  0x0000018a21839d40 JavaThread "Unconstrained build operations Thread 64"        [_thread_blocked, id=26220, stack(0x0000001e3a900000,0x0000001e3aa00000) (1024K)]
  0x0000018a21840640 JavaThread "Unconstrained build operations Thread 65"        [_thread_blocked, id=21620, stack(0x0000001e3aa00000,0x0000001e3ab00000) (1024K)]
  0x0000018a2183ec00 JavaThread "Unconstrained build operations Thread 66"        [_thread_blocked, id=14236, stack(0x0000001e3ab00000,0x0000001e3ac00000) (1024K)]
  0x0000018a2183d850 JavaThread "Unconstrained build operations Thread 67"        [_thread_blocked, id=23608, stack(0x0000001e3ac00000,0x0000001e3ad00000) (1024K)]
  0x0000018a2183dee0 JavaThread "Unconstrained build operations Thread 68"        [_thread_blocked, id=3460, stack(0x0000001e3ad00000,0x0000001e3ae00000) (1024K)]
  0x0000018a2183e570 JavaThread "Unconstrained build operations Thread 69"        [_thread_blocked, id=22592, stack(0x0000001e3ae00000,0x0000001e3af00000) (1024K)]
  0x0000018a2183f290 JavaThread "Unconstrained build operations Thread 70"        [_thread_blocked, id=8460, stack(0x0000001e3af00000,0x0000001e3b000000) (1024K)]
  0x0000018a2183f920 JavaThread "Unconstrained build operations Thread 71"        [_thread_blocked, id=22664, stack(0x0000001e3b000000,0x0000001e3b100000) (1024K)]
  0x0000018a2183ffb0 JavaThread "Unconstrained build operations Thread 72"        [_thread_blocked, id=16000, stack(0x0000001e3b100000,0x0000001e3b200000) (1024K)]
  0x0000018a67f17870 JavaThread "Unconstrained build operations Thread 73"        [_thread_blocked, id=20112, stack(0x0000001e3b200000,0x0000001e3b300000) (1024K)]
  0x0000018a67f17f00 JavaThread "Unconstrained build operations Thread 74"        [_thread_blocked, id=26092, stack(0x0000001e3b300000,0x0000001e3b400000) (1024K)]
  0x0000018a67f18590 JavaThread "Unconstrained build operations Thread 75"        [_thread_blocked, id=21564, stack(0x0000001e3b400000,0x0000001e3b500000) (1024K)]
  0x0000018a67f15110 JavaThread "Unconstrained build operations Thread 76"        [_thread_blocked, id=19532, stack(0x0000001e3b500000,0x0000001e3b600000) (1024K)]
  0x0000018a67f157a0 JavaThread "Unconstrained build operations Thread 77"        [_thread_blocked, id=23812, stack(0x0000001e3b600000,0x0000001e3b700000) (1024K)]
  0x0000018a67f192b0 JavaThread "Unconstrained build operations Thread 78"        [_thread_blocked, id=24068, stack(0x0000001e3b700000,0x0000001e3b800000) (1024K)]
  0x0000018a67f15e30 JavaThread "Unconstrained build operations Thread 79"        [_thread_blocked, id=14920, stack(0x0000001e3b800000,0x0000001e3b900000) (1024K)]
  0x0000018a67f19940 JavaThread "Unconstrained build operations Thread 80"        [_thread_blocked, id=4332, stack(0x0000001e3b900000,0x0000001e3ba00000) (1024K)]
  0x0000018a67f16b50 JavaThread "Unconstrained build operations Thread 81"        [_thread_blocked, id=25952, stack(0x0000001e3ba00000,0x0000001e3bb00000) (1024K)]
  0x0000018a67f164c0 JavaThread "Unconstrained build operations Thread 82"        [_thread_blocked, id=1368, stack(0x0000001e3bb00000,0x0000001e3bc00000) (1024K)]
  0x0000018a67f171e0 JavaThread "Unconstrained build operations Thread 83"        [_thread_blocked, id=24108, stack(0x0000001e3bc00000,0x0000001e3bd00000) (1024K)]
  0x0000018a67f1c0a0 JavaThread "Unconstrained build operations Thread 84"        [_thread_blocked, id=3076, stack(0x0000001e3bd00000,0x0000001e3be00000) (1024K)]
  0x0000018a67f1a660 JavaThread "Unconstrained build operations Thread 85"        [_thread_blocked, id=25316, stack(0x0000001e3be00000,0x0000001e3bf00000) (1024K)]
  0x0000018a67f19fd0 JavaThread "Unconstrained build operations Thread 86"        [_thread_blocked, id=6432, stack(0x0000001e3bf00000,0x0000001e3c000000) (1024K)]
  0x0000018a67f1acf0 JavaThread "Unconstrained build operations Thread 87"        [_thread_blocked, id=14796, stack(0x0000001e3c000000,0x0000001e3c100000) (1024K)]
  0x0000018a67f1ba10 JavaThread "Unconstrained build operations Thread 88"        [_thread_blocked, id=14912, stack(0x0000001e3c100000,0x0000001e3c200000) (1024K)]
  0x0000018a67f1b380 JavaThread "Unconstrained build operations Thread 89"        [_thread_blocked, id=14396, stack(0x0000001e3c200000,0x0000001e3c300000) (1024K)]
  0x0000018a67f1c730 JavaThread "Unconstrained build operations Thread 90"        [_thread_blocked, id=8860, stack(0x0000001e3c300000,0x0000001e3c400000) (1024K)]
  0x0000018a6a2812f0 JavaThread "Unconstrained build operations Thread 91"        [_thread_blocked, id=25480, stack(0x0000001e3c400000,0x0000001e3c500000) (1024K)]
  0x0000018a6a281980 JavaThread "Unconstrained build operations Thread 92"        [_thread_blocked, id=17240, stack(0x0000001e3c500000,0x0000001e3c600000) (1024K)]
  0x0000018a6a27ff40 JavaThread "Unconstrained build operations Thread 93"        [_thread_blocked, id=25468, stack(0x0000001e3c600000,0x0000001e3c700000) (1024K)]
  0x0000018a6a27e500 JavaThread "Unconstrained build operations Thread 94"        [_thread_blocked, id=20968, stack(0x0000001e3c700000,0x0000001e3c800000) (1024K)]
  0x0000018a6a27f220 JavaThread "Unconstrained build operations Thread 95"        [_thread_blocked, id=14456, stack(0x0000001e3c800000,0x0000001e3c900000) (1024K)]
  0x0000018a6a282010 JavaThread "Unconstrained build operations Thread 96"        [_thread_blocked, id=24220, stack(0x0000001e3c900000,0x0000001e3ca00000) (1024K)]
  0x0000018a6a2805d0 JavaThread "Unconstrained build operations Thread 97"        [_thread_blocked, id=10424, stack(0x0000001e3ca00000,0x0000001e3cb00000) (1024K)]
  0x0000018a6a27f8b0 JavaThread "Unconstrained build operations Thread 98"        [_thread_blocked, id=21560, stack(0x0000001e3cb00000,0x0000001e3cc00000) (1024K)]
  0x0000018a6a280c60 JavaThread "Unconstrained build operations Thread 99"        [_thread_blocked, id=22208, stack(0x0000001e3cc00000,0x0000001e3cd00000) (1024K)]
  0x0000018a6a27eb90 JavaThread "Unconstrained build operations Thread 100"        [_thread_blocked, id=25980, stack(0x0000001e3cd00000,0x0000001e3ce00000) (1024K)]
  0x0000018a6a2826a0 JavaThread "Unconstrained build operations Thread 101"        [_thread_blocked, id=15656, stack(0x0000001e3ce00000,0x0000001e3cf00000) (1024K)]
  0x0000018a6a284e00 JavaThread "Unconstrained build operations Thread 102"        [_thread_blocked, id=18596, stack(0x0000001e3cf00000,0x0000001e3d000000) (1024K)]
  0x0000018a6a284770 JavaThread "Unconstrained build operations Thread 103"        [_thread_blocked, id=14848, stack(0x0000001e3d000000,0x0000001e3d100000) (1024K)]
  0x0000018a6a285490 JavaThread "Unconstrained build operations Thread 104"        [_thread_blocked, id=19956, stack(0x0000001e3d100000,0x0000001e3d200000) (1024K)]
  0x0000018a6a285b20 JavaThread "Unconstrained build operations Thread 105"        [_thread_blocked, id=22368, stack(0x0000001e3d200000,0x0000001e3d300000) (1024K)]
  0x0000018a6a282d30 JavaThread "Unconstrained build operations Thread 106"        [_thread_blocked, id=19672, stack(0x0000001e3d300000,0x0000001e3d400000) (1024K)]
  0x0000018a6a283a50 JavaThread "Unconstrained build operations Thread 107"        [_thread_blocked, id=23428, stack(0x0000001e3d400000,0x0000001e3d500000) (1024K)]
  0x0000018a6a2833c0 JavaThread "Unconstrained build operations Thread 108"        [_thread_blocked, id=13112, stack(0x0000001e3d500000,0x0000001e3d600000) (1024K)]
  0x0000018a6a2840e0 JavaThread "Unconstrained build operations Thread 109"        [_thread_blocked, id=25776, stack(0x0000001e3d600000,0x0000001e3d700000) (1024K)]
  0x0000018a684374d0 JavaThread "Unconstrained build operations Thread 110"        [_thread_blocked, id=18156, stack(0x0000001e3d700000,0x0000001e3d800000) (1024K)]
  0x0000018a68437b60 JavaThread "Unconstrained build operations Thread 111"        [_thread_blocked, id=23060, stack(0x0000001e3d800000,0x0000001e3d900000) (1024K)]
  0x0000018a68436e40 JavaThread "Unconstrained build operations Thread 112"        [_thread_blocked, id=14500, stack(0x0000001e3d900000,0x0000001e3da00000) (1024K)]
  0x0000018a68438f10 JavaThread "Unconstrained build operations Thread 113"        [_thread_blocked, id=24924, stack(0x0000001e3da00000,0x0000001e3db00000) (1024K)]
  0x0000018a684381f0 JavaThread "Unconstrained build operations Thread 114"        [_thread_blocked, id=24448, stack(0x0000001e3db00000,0x0000001e3dc00000) (1024K)]
  0x0000018a684395a0 JavaThread "Unconstrained build operations Thread 115"        [_thread_blocked, id=21376, stack(0x0000001e3dc00000,0x0000001e3dd00000) (1024K)]
  0x0000018a68438880 JavaThread "Unconstrained build operations Thread 116"        [_thread_blocked, id=19632, stack(0x0000001e3dd00000,0x0000001e3de00000) (1024K)]
  0x0000018a68439c30 JavaThread "Unconstrained build operations Thread 117"        [_thread_blocked, id=26360, stack(0x0000001e3de00000,0x0000001e3df00000) (1024K)]
  0x0000018a684367b0 JavaThread "Unconstrained build operations Thread 118"        [_thread_blocked, id=10468, stack(0x0000001e3df00000,0x0000001e3e000000) (1024K)]
  0x0000018a6843d0b0 JavaThread "Unconstrained build operations Thread 119"        [_thread_blocked, id=6132, stack(0x0000001e3e000000,0x0000001e3e100000) (1024K)]
  0x0000018a6843bd00 JavaThread "Unconstrained build operations Thread 120"        [_thread_blocked, id=17388, stack(0x0000001e3e100000,0x0000001e3e200000) (1024K)]
  0x0000018a6843a2c0 JavaThread "build event listener"              [_thread_blocked, id=20944, stack(0x0000001e3e200000,0x0000001e3e300000) (1024K)]
  0x0000018a6843a950 JavaThread "build event listener"              [_thread_blocked, id=25308, stack(0x0000001e33800000,0x0000001e33900000) (1024K)]
  0x0000018a68441250 JavaThread "Exec process"                      [_thread_blocked, id=14752, stack(0x0000001e3e400000,0x0000001e3e500000) (1024K)]
  0x0000018a6843f810 JavaThread "Exec process Thread 2"             [_thread_blocked, id=23972, stack(0x0000001e3e500000,0x0000001e3e600000) (1024K)]
  0x0000018a6843e460 JavaThread "Exec process Thread 3"             [_thread_blocked, id=21616, stack(0x0000001e3e600000,0x0000001e3e700000) (1024K)]
  0x0000018a74c40be0 JavaThread "Cache worker for execution history cache (C:\Users\Administrator\Desktop\Android Studio\Antigravity\Anikku\anikku\.gradle\8.14.3\executionHistory)"        [_thread_blocked, id=5456, stack(0x0000001e3e700000,0x0000001e3e800000) (1024K)]
  0x0000018a74c43340 JavaThread "WorkerExecutor Queue"              [_thread_in_native, id=24528, stack(0x0000001e33700000,0x0000001e33800000) (1024K)]
  0x0000018a74c42cb0 JavaThread "RMI Scheduler(0)"           daemon [_thread_blocked, id=26592, stack(0x0000001e3e900000,0x0000001e3ea00000) (1024K)]
  0x0000018a74c40550 JavaThread "RMI GC Daemon"              daemon [_thread_blocked, id=12740, stack(0x0000001e3eb00000,0x0000001e3ec00000) (1024K)]
  0x0000018a74c44d80 JavaThread "RMI TCP Accept-0"           daemon [_thread_in_native, id=22804, stack(0x0000001e3ed00000,0x0000001e3ee00000) (1024K)]
  0x0000018a74c45aa0 JavaThread "RMI Reaper"                        [_thread_blocked, id=21648, stack(0x0000001e3ee00000,0x0000001e3ef00000) (1024K)]
  0x0000018a74c46130 JavaThread "RMI TCP Connection(1)-127.0.0.1" daemon [_thread_in_native, id=25008, stack(0x0000001e3ef00000,0x0000001e3f000000) (1024K)]
  0x0000018a74c446f0 JavaThread "Cache worker for Java compile cache (C:\Users\Administrator\.gradle\caches\8.14.3\javaCompile)"        [_thread_blocked, id=17180, stack(0x0000001e3ea00000,0x0000001e3eb00000) (1024K)]
  0x0000018a74c467c0 JavaThread "Build operations"                  [_thread_blocked, id=22032, stack(0x0000001e3ec00000,0x0000001e3ed00000) (1024K)]
  0x0000018a74c46e50 JavaThread "Build operations Thread 2"         [_thread_blocked, id=15300, stack(0x0000001e3f000000,0x0000001e3f100000) (1024K)]
  0x0000018a74c439d0 JavaThread "Build operations Thread 3"         [_thread_blocked, id=15964, stack(0x0000001e3f100000,0x0000001e3f200000) (1024K)]
  0x0000018a74c474e0 JavaThread "Build operations Thread 4"         [_thread_blocked, id=13860, stack(0x0000001e3f200000,0x0000001e3f300000) (1024K)]
  0x0000018a74c48890 JavaThread "Build operations Thread 5"         [_thread_blocked, id=18564, stack(0x0000001e3f300000,0x0000001e3f400000) (1024K)]
  0x0000018a74c48f20 JavaThread "Build operations Thread 6"         [_thread_blocked, id=5956, stack(0x0000001e3f400000,0x0000001e3f500000) (1024K)]
  0x0000018a74c47b70 JavaThread "Build operations Thread 7"         [_thread_blocked, id=25344, stack(0x0000001e3f500000,0x0000001e3f600000) (1024K)]
  0x0000018a74c48200 JavaThread "Build operations Thread 8"         [_thread_blocked, id=26404, stack(0x0000001e3f600000,0x0000001e3f700000) (1024K)]
  0x0000018a6b257c00 JavaThread "Build operations Thread 9"         [_thread_blocked, id=24368, stack(0x0000001e3f700000,0x0000001e3f800000) (1024K)]
  0x0000018a67d55440 JavaThread "Build operations Thread 10"        [_thread_blocked, id=24472, stack(0x0000001e3f800000,0x0000001e3f900000) (1024K)]
  0x0000018a67d56e80 JavaThread "Build operations Thread 11"        [_thread_blocked, id=16244, stack(0x0000001e3f900000,0x0000001e3fa00000) (1024K)]
  0x0000018a75de98d0 JavaThread "C2 CompilerThread1"         daemon [_thread_in_native, id=17960, stack(0x0000001e3e300000,0x0000001e3e400000) (1024K)]
  0x0000018a75de9200 JavaThread "C2 CompilerThread2"         daemon [_thread_in_native, id=4644, stack(0x0000001e3e800000,0x0000001e3e900000) (1024K)]
  0x0000018a67d5d780 JavaThread "WorkerExecutor Queue Thread 2"        [_thread_in_Java, id=9992, stack(0x0000001e3fa00000,0x0000001e3fb00000) (1024K)]
  0x0000018a67d5c3d0 JavaThread "WorkerExecutor Queue Thread 3"        [_thread_in_Java, id=21916, stack(0x0000001e3fb00000,0x0000001e3fc00000) (1024K)]
  0x0000018a67d5d0f0 JavaThread "WorkerExecutor Queue Thread 4"        [_thread_in_Java, id=23532, stack(0x0000001e3fc00000,0x0000001e3fd00000) (1024K)]
  0x0000018a67d5a300 JavaThread "WorkerExecutor Queue Thread 5"        [_thread_in_Java, id=2128, stack(0x0000001e3fd00000,0x0000001e3fe00000) (1024K)]
  0x0000018a67d5de10 JavaThread "WorkerExecutor Queue Thread 6"        [_thread_in_Java, id=9668, stack(0x0000001e3fe00000,0x0000001e3ff00000) (1024K)]
  0x0000018a67d5a990 JavaThread "WorkerExecutor Queue Thread 7"        [_thread_blocked, id=20324, stack(0x0000001e3ff00000,0x0000001e40000000) (1024K)]
  0x0000018a67d5f850 JavaThread "WorkerExecutor Queue Thread 8"        [_thread_blocked, id=2004, stack(0x0000001e40000000,0x0000001e40100000) (1024K)]
  0x0000018a67d5f1c0 JavaThread "WorkerExecutor Queue Thread 9"        [_thread_blocked, id=9580, stack(0x0000001e40100000,0x0000001e40200000) (1024K)]
  0x0000018a67d60c00 JavaThread "WorkerExecutor Queue Thread 10"        [_thread_blocked, id=7708, stack(0x0000001e40200000,0x0000001e40300000) (1024K)]
  0x0000018a67d60570 JavaThread "WorkerExecutor Queue Thread 11"        [_thread_blocked, id=16932, stack(0x0000001e40300000,0x0000001e40400000) (1024K)]
  0x0000018a67d5eb30 JavaThread "WorkerExecutor Queue Thread 12"        [_thread_blocked, id=24000, stack(0x0000001e40400000,0x0000001e40500000) (1024K)]
Total: 206

Other Threads:
  0x0000018a7e3f5c00 VMThread "VM Thread"                           [id=26172, stack(0x0000001e32c00000,0x0000001e32d00000) (1024K)]
  0x0000018a7e3e5620 WatcherThread "VM Periodic Task Thread"        [id=12692, stack(0x0000001e32b00000,0x0000001e32c00000) (1024K)]
  0x0000018a7bcaa4c0 WorkerThread "GC Thread#0"                     [id=12396, stack(0x0000001e32600000,0x0000001e32700000) (1024K)]
  0x0000018a21b5eab0 WorkerThread "GC Thread#1"                     [id=2760, stack(0x0000001e33900000,0x0000001e33a00000) (1024K)]
  0x0000018a670afb90 WorkerThread "GC Thread#2"                     [id=16820, stack(0x0000001e33a00000,0x0000001e33b00000) (1024K)]
  0x0000018a670aff40 WorkerThread "GC Thread#3"                     [id=12624, stack(0x0000001e33b00000,0x0000001e33c00000) (1024K)]
  0x0000018a67099010 WorkerThread "GC Thread#4"                     [id=13428, stack(0x0000001e33c00000,0x0000001e33d00000) (1024K)]
  0x0000018a670993c0 WorkerThread "GC Thread#5"                     [id=13580, stack(0x0000001e33d00000,0x0000001e33e00000) (1024K)]
  0x0000018a67099770 WorkerThread "GC Thread#6"                     [id=19884, stack(0x0000001e33e00000,0x0000001e33f00000) (1024K)]
  0x0000018a21b439d0 WorkerThread "GC Thread#7"                     [id=25200, stack(0x0000001e33f00000,0x0000001e34000000) (1024K)]
  0x0000018a21b43d80 WorkerThread "GC Thread#8"                     [id=24180, stack(0x0000001e34000000,0x0000001e34100000) (1024K)]
  0x0000018a21b44130 WorkerThread "GC Thread#9"                     [id=24972, stack(0x0000001e34100000,0x0000001e34200000) (1024K)]
  0x0000018a7bcbd250 ConcurrentGCThread "G1 Main Marker"            [id=20044, stack(0x0000001e32700000,0x0000001e32800000) (1024K)]
  0x0000018a7bcbe410 WorkerThread "G1 Conc#0"                       [id=14008, stack(0x0000001e32800000,0x0000001e32900000) (1024K)]
  0x0000018a6b10a540 WorkerThread "G1 Conc#1"                       [id=15760, stack(0x0000001e34f00000,0x0000001e35000000) (1024K)]
  0x0000018a6b109de0 WorkerThread "G1 Conc#2"                       [id=24248, stack(0x0000001e35000000,0x0000001e35100000) (1024K)]
  0x0000018a7e2b22f0 ConcurrentGCThread "G1 Refine#0"               [id=2000, stack(0x0000001e32900000,0x0000001e32a00000) (1024K)]
  0x0000018a7e2b6da0 ConcurrentGCThread "G1 Service"                [id=9604, stack(0x0000001e32a00000,0x0000001e32b00000) (1024K)]
Total: 18

Threads with active compile tasks:
C2 CompilerThread0  34190 28220 %     4       com.android.tools.r8.internal.US::a @ 14 (2024 bytes)
C1 CompilerThread0  34190 32196       3       com.android.tools.r8.internal.Dc0::a (41 bytes)
C2 CompilerThread1  34190 32115       4       com.android.tools.r8.internal.kb::<init> (266 bytes)
C2 CompilerThread2  34190 32007       4       com.android.tools.r8.internal.RY::b (658 bytes)
Total: 4

VM state: not at safepoint (normal execution)

VM Mutex/Monitor currently owned by a thread: None

Heap address: 0x0000000600000000, size: 8192 MB, Compressed Oops mode: Zero based, Oop shift amount: 3

CDS archive(s) mapped at: [0x0000018a22000000-0x0000018a22cd0000-0x0000018a22cd0000), size 13434880, SharedBaseAddress: 0x0000018a22000000, ArchiveRelocationMode: 1.
Compressed class space mapped at: 0x0000018a23000000-0x0000018a63000000, reserved size: 1073741824
Narrow klass base: 0x0000018a22000000, Narrow klass shift: 0, Narrow klass range: 0x100000000

GC Precious Log:
 CardTable entry size: 512
 Card Set container configuration: InlinePtr #cards 4 size 8 Array Of Cards #cards 32 size 80 Howl #buckets 8 coarsen threshold 7372 Howl Bitmap #cards 1024 size 144 coarsen threshold 921 Card regions per heap region 1 cards per card region 8192
 CPUs: 12 total, 12 available
 Memory: 31913M
 Large Page Support: Disabled
 NUMA Support: Disabled
 Compressed Oops: Enabled (Zero based)
 Heap Region Size: 4M
 Heap Min Capacity: 8M
 Heap Initial Capacity: 500M
 Heap Max Capacity: 8G
 Pre-touch: Disabled
 Parallel Workers: 10
 Concurrent Workers: 3
 Concurrent Refinement Workers: 10
 Periodic GC: Disabled

Heap:
 garbage-first heap   total 3387392K, used 768779K [0x0000000600000000, 0x0000000800000000)
  region size 4096K, 22 young (90112K), 2 survivors (8192K)
 Metaspace       used 175175K, committed 178048K, reserved 1245184K
  class space    used 24184K, committed 25664K, reserved 1048576K

Heap Regions: E=young(eden), S=young(survivor), O=old, HS=humongous(starts), HC=humongous(continues), CS=collection set, F=free, TAMS=top-at-mark-start, PB=parsable bottom
|   0|0x0000000600000000, 0x0000000600400000, 0x0000000600400000|100%|HS|  |TAMS 0x0000000600000000| PB 0x0000000600000000| Complete 
|   1|0x0000000600400000, 0x0000000600800000, 0x0000000600800000|100%| O|  |TAMS 0x0000000600400000| PB 0x0000000600400000| Untracked 
|   2|0x0000000600800000, 0x0000000600c00000, 0x0000000600c00000|100%| O|  |TAMS 0x0000000600800000| PB 0x0000000600800000| Untracked 
|   3|0x0000000600c00000, 0x0000000601000000, 0x0000000601000000|100%| O|  |TAMS 0x0000000600c00000| PB 0x0000000600c00000| Untracked 
|   4|0x0000000601000000, 0x0000000601400000, 0x0000000601400000|100%| O|  |TAMS 0x0000000601000000| PB 0x0000000601000000| Untracked 
|   5|0x0000000601400000, 0x0000000601800000, 0x0000000601800000|100%| O|  |TAMS 0x0000000601400000| PB 0x0000000601400000| Untracked 
|   6|0x0000000601800000, 0x0000000601c00000, 0x0000000601c00000|100%| O|  |TAMS 0x0000000601800000| PB 0x0000000601800000| Untracked 
|   7|0x0000000601c00000, 0x0000000602000000, 0x0000000602000000|100%| O|  |TAMS 0x0000000601c00000| PB 0x0000000601c00000| Untracked 
|   8|0x0000000602000000, 0x0000000602400000, 0x0000000602400000|100%| O|  |TAMS 0x0000000602000000| PB 0x0000000602000000| Untracked 
|   9|0x0000000602400000, 0x0000000602800000, 0x0000000602800000|100%|HS|  |TAMS 0x0000000602400000| PB 0x0000000602400000| Complete 
|  10|0x0000000602800000, 0x0000000602c00000, 0x0000000602c00000|100%| O|  |TAMS 0x0000000602800000| PB 0x0000000602800000| Untracked 
|  11|0x0000000602c00000, 0x0000000603000000, 0x0000000603000000|100%| O|  |TAMS 0x0000000602c00000| PB 0x0000000602c00000| Untracked 
|  12|0x0000000603000000, 0x0000000603400000, 0x0000000603400000|100%| O|  |TAMS 0x0000000603000000| PB 0x0000000603000000| Untracked 
|  13|0x0000000603400000, 0x0000000603800000, 0x0000000603800000|100%| O|  |TAMS 0x0000000603400000| PB 0x0000000603400000| Untracked 
|  14|0x0000000603800000, 0x0000000603c00000, 0x0000000603c00000|100%| O|  |TAMS 0x0000000603800000| PB 0x0000000603800000| Untracked 
|  15|0x0000000603c00000, 0x0000000604000000, 0x0000000604000000|100%| O|  |TAMS 0x0000000603c00000| PB 0x0000000603c00000| Untracked 
|  16|0x0000000604000000, 0x0000000604400000, 0x0000000604400000|100%|HS|  |TAMS 0x0000000604000000| PB 0x0000000604000000| Complete 
|  17|0x0000000604400000, 0x0000000604800000, 0x0000000604800000|100%| O|  |TAMS 0x0000000604400000| PB 0x0000000604400000| Untracked 
|  18|0x0000000604800000, 0x0000000604c00000, 0x0000000604c00000|100%| O|  |TAMS 0x0000000604800000| PB 0x0000000604800000| Untracked 
|  19|0x0000000604c00000, 0x0000000605000000, 0x0000000605000000|100%| O|  |TAMS 0x0000000604c00000| PB 0x0000000604c00000| Untracked 
|  20|0x0000000605000000, 0x0000000605400000, 0x0000000605400000|100%| O|  |TAMS 0x0000000605000000| PB 0x0000000605000000| Untracked 
|  21|0x0000000605400000, 0x0000000605800000, 0x0000000605800000|100%| O|  |TAMS 0x0000000605400000| PB 0x0000000605400000| Untracked 
|  22|0x0000000605800000, 0x0000000605c00000, 0x0000000605c00000|100%| O|  |TAMS 0x0000000605800000| PB 0x0000000605800000| Untracked 
|  23|0x0000000605c00000, 0x0000000606000000, 0x0000000606000000|100%| O|  |TAMS 0x0000000605c00000| PB 0x0000000605c00000| Untracked 
|  24|0x0000000606000000, 0x0000000606400000, 0x0000000606400000|100%| O|  |TAMS 0x0000000606000000| PB 0x0000000606000000| Untracked 
|  25|0x0000000606400000, 0x0000000606800000, 0x0000000606800000|100%| O|  |TAMS 0x0000000606400000| PB 0x0000000606400000| Untracked 
|  26|0x0000000606800000, 0x0000000606c00000, 0x0000000606c00000|100%| O|  |TAMS 0x0000000606800000| PB 0x0000000606800000| Untracked 
|  27|0x0000000606c00000, 0x0000000607000000, 0x0000000607000000|100%| O|  |TAMS 0x0000000606c00000| PB 0x0000000606c00000| Untracked 
|  28|0x0000000607000000, 0x0000000607400000, 0x0000000607400000|100%| O|  |TAMS 0x0000000607000000| PB 0x0000000607000000| Untracked 
|  29|0x0000000607400000, 0x0000000607800000, 0x0000000607800000|100%| O|  |TAMS 0x0000000607400000| PB 0x0000000607400000| Untracked 
|  30|0x0000000607800000, 0x0000000607c00000, 0x0000000607c00000|100%| O|  |TAMS 0x0000000607800000| PB 0x0000000607800000| Untracked 
|  31|0x0000000607c00000, 0x0000000608000000, 0x0000000608000000|100%| O|  |TAMS 0x0000000607c00000| PB 0x0000000607c00000| Untracked 
|  32|0x0000000608000000, 0x0000000608400000, 0x0000000608400000|100%| O|  |TAMS 0x0000000608000000| PB 0x0000000608000000| Untracked 
|  33|0x0000000608400000, 0x0000000608800000, 0x0000000608800000|100%| O|  |TAMS 0x0000000608400000| PB 0x0000000608400000| Untracked 
|  34|0x0000000608800000, 0x0000000608c00000, 0x0000000608c00000|100%| O|  |TAMS 0x0000000608800000| PB 0x0000000608800000| Untracked 
|  35|0x0000000608c00000, 0x0000000609000000, 0x0000000609000000|100%| O|  |TAMS 0x0000000608c00000| PB 0x0000000608c00000| Untracked 
|  36|0x0000000609000000, 0x0000000609400000, 0x0000000609400000|100%| O|  |TAMS 0x0000000609000000| PB 0x0000000609000000| Untracked 
|  37|0x0000000609400000, 0x0000000609800000, 0x0000000609800000|100%| O|  |TAMS 0x0000000609400000| PB 0x0000000609400000| Untracked 
|  38|0x0000000609800000, 0x0000000609c00000, 0x0000000609c00000|100%| O|  |TAMS 0x0000000609800000| PB 0x0000000609800000| Untracked 
|  39|0x0000000609c00000, 0x000000060a000000, 0x000000060a000000|100%| O|  |TAMS 0x0000000609c00000| PB 0x0000000609c00000| Untracked 
|  40|0x000000060a000000, 0x000000060a400000, 0x000000060a400000|100%| O|  |TAMS 0x000000060a000000| PB 0x000000060a000000| Untracked 
|  41|0x000000060a400000, 0x000000060a800000, 0x000000060a800000|100%| O|  |TAMS 0x000000060a400000| PB 0x000000060a400000| Untracked 
|  42|0x000000060a800000, 0x000000060ac00000, 0x000000060ac00000|100%| O|  |TAMS 0x000000060a800000| PB 0x000000060a800000| Untracked 
|  43|0x000000060ac00000, 0x000000060b000000, 0x000000060b000000|100%| O|  |TAMS 0x000000060ac00000| PB 0x000000060ac00000| Untracked 
|  44|0x000000060b000000, 0x000000060b400000, 0x000000060b400000|100%| O|  |TAMS 0x000000060b000000| PB 0x000000060b000000| Untracked 
|  45|0x000000060b400000, 0x000000060b800000, 0x000000060b800000|100%| O|  |TAMS 0x000000060b400000| PB 0x000000060b400000| Untracked 
|  46|0x000000060b800000, 0x000000060bc00000, 0x000000060bc00000|100%| O|  |TAMS 0x000000060b800000| PB 0x000000060b800000| Untracked 
|  47|0x000000060bc00000, 0x000000060c000000, 0x000000060c000000|100%| O|  |TAMS 0x000000060bc00000| PB 0x000000060bc00000| Untracked 
|  48|0x000000060c000000, 0x000000060c400000, 0x000000060c400000|100%| O|  |TAMS 0x000000060c000000| PB 0x000000060c000000| Untracked 
|  49|0x000000060c400000, 0x000000060c800000, 0x000000060c800000|100%| O|  |TAMS 0x000000060c400000| PB 0x000000060c400000| Untracked 
|  50|0x000000060c800000, 0x000000060cc00000, 0x000000060cc00000|100%| O|  |TAMS 0x000000060c800000| PB 0x000000060c800000| Untracked 
|  51|0x000000060cc00000, 0x000000060d000000, 0x000000060d000000|100%| O|  |TAMS 0x000000060cc00000| PB 0x000000060cc00000| Untracked 
|  52|0x000000060d000000, 0x000000060d400000, 0x000000060d400000|100%| O|  |TAMS 0x000000060d000000| PB 0x000000060d000000| Untracked 
|  53|0x000000060d400000, 0x000000060d800000, 0x000000060d800000|100%| O|  |TAMS 0x000000060d400000| PB 0x000000060d400000| Untracked 
|  54|0x000000060d800000, 0x000000060dc00000, 0x000000060dc00000|100%| O|  |TAMS 0x000000060d800000| PB 0x000000060d800000| Untracked 
|  55|0x000000060dc00000, 0x000000060e000000, 0x000000060e000000|100%| O|  |TAMS 0x000000060dc00000| PB 0x000000060dc00000| Untracked 
|  56|0x000000060e000000, 0x000000060e400000, 0x000000060e400000|100%| O|  |TAMS 0x000000060e000000| PB 0x000000060e000000| Untracked 
|  57|0x000000060e400000, 0x000000060e800000, 0x000000060e800000|100%| O|  |TAMS 0x000000060e400000| PB 0x000000060e400000| Untracked 
|  58|0x000000060e800000, 0x000000060ec00000, 0x000000060ec00000|100%| O|  |TAMS 0x000000060e800000| PB 0x000000060e800000| Untracked 
|  59|0x000000060ec00000, 0x000000060f000000, 0x000000060f000000|100%| O|  |TAMS 0x000000060ec00000| PB 0x000000060ec00000| Untracked 
|  60|0x000000060f000000, 0x000000060f400000, 0x000000060f400000|100%| O|  |TAMS 0x000000060f000000| PB 0x000000060f000000| Untracked 
|  61|0x000000060f400000, 0x000000060f800000, 0x000000060f800000|100%| O|  |TAMS 0x000000060f400000| PB 0x000000060f400000| Untracked 
|  62|0x000000060f800000, 0x000000060fc00000, 0x000000060fc00000|100%| O|  |TAMS 0x000000060f800000| PB 0x000000060f800000| Untracked 
|  63|0x000000060fc00000, 0x0000000610000000, 0x0000000610000000|100%| O|  |TAMS 0x000000060fc00000| PB 0x000000060fc00000| Untracked 
|  64|0x0000000610000000, 0x0000000610400000, 0x0000000610400000|100%| O|  |TAMS 0x0000000610000000| PB 0x0000000610000000| Untracked 
|  65|0x0000000610400000, 0x0000000610800000, 0x0000000610800000|100%| O|  |TAMS 0x0000000610400000| PB 0x0000000610400000| Untracked 
|  66|0x0000000610800000, 0x0000000610c00000, 0x0000000610c00000|100%| O|  |TAMS 0x0000000610800000| PB 0x0000000610800000| Untracked 
|  67|0x0000000610c00000, 0x0000000611000000, 0x0000000611000000|100%| O|  |TAMS 0x0000000610c00000| PB 0x0000000610c00000| Untracked 
|  68|0x0000000611000000, 0x0000000611400000, 0x0000000611400000|100%| O|  |TAMS 0x0000000611000000| PB 0x0000000611000000| Untracked 
|  69|0x0000000611400000, 0x0000000611800000, 0x0000000611800000|100%| O|  |TAMS 0x0000000611400000| PB 0x0000000611400000| Untracked 
|  70|0x0000000611800000, 0x0000000611c00000, 0x0000000611c00000|100%| O|  |TAMS 0x0000000611800000| PB 0x0000000611800000| Untracked 
|  71|0x0000000611c00000, 0x0000000612000000, 0x0000000612000000|100%| O|  |TAMS 0x0000000611c00000| PB 0x0000000611c00000| Untracked 
|  72|0x0000000612000000, 0x0000000612400000, 0x0000000612400000|100%| O|  |TAMS 0x0000000612000000| PB 0x0000000612000000| Untracked 
|  73|0x0000000612400000, 0x0000000612800000, 0x0000000612800000|100%| O|  |TAMS 0x0000000612400000| PB 0x0000000612400000| Untracked 
|  74|0x0000000612800000, 0x0000000612c00000, 0x0000000612c00000|100%| O|  |TAMS 0x0000000612800000| PB 0x0000000612800000| Untracked 
|  75|0x0000000612c00000, 0x0000000613000000, 0x0000000613000000|100%| O|  |TAMS 0x0000000612c00000| PB 0x0000000612c00000| Untracked 
|  76|0x0000000613000000, 0x0000000613400000, 0x0000000613400000|100%| O|  |TAMS 0x0000000613000000| PB 0x0000000613000000| Untracked 
|  77|0x0000000613400000, 0x0000000613800000, 0x0000000613800000|100%| O|  |TAMS 0x0000000613400000| PB 0x0000000613400000| Untracked 
|  78|0x0000000613800000, 0x0000000613c00000, 0x0000000613c00000|100%| O|  |TAMS 0x0000000613800000| PB 0x0000000613800000| Untracked 
|  79|0x0000000613c00000, 0x0000000614000000, 0x0000000614000000|100%| O|  |TAMS 0x0000000613c00000| PB 0x0000000613c00000| Untracked 
|  80|0x0000000614000000, 0x0000000614400000, 0x0000000614400000|100%| O|  |TAMS 0x0000000614000000| PB 0x0000000614000000| Untracked 
|  81|0x0000000614400000, 0x0000000614800000, 0x0000000614800000|100%| O|  |TAMS 0x0000000614400000| PB 0x0000000614400000| Untracked 
|  82|0x0000000614800000, 0x0000000614c00000, 0x0000000614c00000|100%| O|  |TAMS 0x0000000614800000| PB 0x0000000614800000| Untracked 
|  83|0x0000000614c00000, 0x0000000615000000, 0x0000000615000000|100%| O|  |TAMS 0x0000000614c00000| PB 0x0000000614c00000| Untracked 
|  84|0x0000000615000000, 0x0000000615400000, 0x0000000615400000|100%| O|  |TAMS 0x0000000615000000| PB 0x0000000615000000| Untracked 
|  85|0x0000000615400000, 0x0000000615800000, 0x0000000615800000|100%| O|  |TAMS 0x0000000615400000| PB 0x0000000615400000| Untracked 
|  86|0x0000000615800000, 0x0000000615c00000, 0x0000000615c00000|100%| O|  |TAMS 0x0000000615800000| PB 0x0000000615800000| Untracked 
|  87|0x0000000615c00000, 0x0000000616000000, 0x0000000616000000|100%| O|  |TAMS 0x0000000615c00000| PB 0x0000000615c00000| Untracked 
|  88|0x0000000616000000, 0x0000000616400000, 0x0000000616400000|100%| O|  |TAMS 0x0000000616000000| PB 0x0000000616000000| Untracked 
|  89|0x0000000616400000, 0x0000000616800000, 0x0000000616800000|100%| O|  |TAMS 0x0000000616400000| PB 0x0000000616400000| Untracked 
|  90|0x0000000616800000, 0x0000000616c00000, 0x0000000616c00000|100%| O|  |TAMS 0x0000000616800000| PB 0x0000000616800000| Untracked 
|  91|0x0000000616c00000, 0x0000000617000000, 0x0000000617000000|100%| O|  |TAMS 0x0000000616c00000| PB 0x0000000616c00000| Untracked 
|  92|0x0000000617000000, 0x0000000617400000, 0x0000000617400000|100%| O|  |TAMS 0x0000000617000000| PB 0x0000000617000000| Untracked 
|  93|0x0000000617400000, 0x0000000617800000, 0x0000000617800000|100%| O|  |TAMS 0x0000000617400000| PB 0x0000000617400000| Untracked 
|  94|0x0000000617800000, 0x0000000617c00000, 0x0000000617c00000|100%| O|  |TAMS 0x0000000617800000| PB 0x0000000617800000| Untracked 
|  95|0x0000000617c00000, 0x0000000618000000, 0x0000000618000000|100%| O|  |TAMS 0x0000000617c00000| PB 0x0000000617c00000| Untracked 
|  96|0x0000000618000000, 0x0000000618400000, 0x0000000618400000|100%| O|  |TAMS 0x0000000618000000| PB 0x0000000618000000| Untracked 
|  97|0x0000000618400000, 0x0000000618800000, 0x0000000618800000|100%| O|  |TAMS 0x0000000618400000| PB 0x0000000618400000| Untracked 
|  98|0x0000000618800000, 0x0000000618c00000, 0x0000000618c00000|100%| O|  |TAMS 0x0000000618800000| PB 0x0000000618800000| Untracked 
|  99|0x0000000618c00000, 0x0000000619000000, 0x0000000619000000|100%| O|  |TAMS 0x0000000618c00000| PB 0x0000000618c00000| Untracked 
| 100|0x0000000619000000, 0x0000000619400000, 0x0000000619400000|100%| O|  |TAMS 0x0000000619000000| PB 0x0000000619000000| Untracked 
| 101|0x0000000619400000, 0x0000000619800000, 0x0000000619800000|100%| O|  |TAMS 0x0000000619400000| PB 0x0000000619400000| Untracked 
| 102|0x0000000619800000, 0x0000000619c00000, 0x0000000619c00000|100%| O|  |TAMS 0x0000000619800000| PB 0x0000000619800000| Untracked 
| 103|0x0000000619c00000, 0x000000061a000000, 0x000000061a000000|100%| O|  |TAMS 0x0000000619c00000| PB 0x0000000619c00000| Untracked 
| 104|0x000000061a000000, 0x000000061a400000, 0x000000061a400000|100%| O|  |TAMS 0x000000061a000000| PB 0x000000061a000000| Untracked 
| 105|0x000000061a400000, 0x000000061a800000, 0x000000061a800000|100%| O|  |TAMS 0x000000061a400000| PB 0x000000061a400000| Untracked 
| 106|0x000000061a800000, 0x000000061ac00000, 0x000000061ac00000|100%| O|  |TAMS 0x000000061a800000| PB 0x000000061a800000| Untracked 
| 107|0x000000061ac00000, 0x000000061b000000, 0x000000061b000000|100%| O|  |TAMS 0x000000061ac00000| PB 0x000000061ac00000| Untracked 
| 108|0x000000061b000000, 0x000000061b400000, 0x000000061b400000|100%| O|  |TAMS 0x000000061b000000| PB 0x000000061b000000| Untracked 
| 109|0x000000061b400000, 0x000000061b800000, 0x000000061b800000|100%| O|  |TAMS 0x000000061b400000| PB 0x000000061b400000| Untracked 
| 110|0x000000061b800000, 0x000000061bc00000, 0x000000061bc00000|100%| O|  |TAMS 0x000000061b800000| PB 0x000000061b800000| Untracked 
| 111|0x000000061bc00000, 0x000000061c000000, 0x000000061c000000|100%| O|  |TAMS 0x000000061bc00000| PB 0x000000061bc00000| Untracked 
| 112|0x000000061c000000, 0x000000061c400000, 0x000000061c400000|100%| O|  |TAMS 0x000000061c000000| PB 0x000000061c000000| Untracked 
| 113|0x000000061c400000, 0x000000061c800000, 0x000000061c800000|100%| O|  |TAMS 0x000000061c400000| PB 0x000000061c400000| Untracked 
| 114|0x000000061c800000, 0x000000061cc00000, 0x000000061cc00000|100%| O|  |TAMS 0x000000061c800000| PB 0x000000061c800000| Untracked 
| 115|0x000000061cc00000, 0x000000061d000000, 0x000000061d000000|100%| O|  |TAMS 0x000000061cc00000| PB 0x000000061cc00000| Untracked 
| 116|0x000000061d000000, 0x000000061d400000, 0x000000061d400000|100%| O|  |TAMS 0x000000061d000000| PB 0x000000061d000000| Untracked 
| 117|0x000000061d400000, 0x000000061d800000, 0x000000061d800000|100%| O|  |TAMS 0x000000061d400000| PB 0x000000061d400000| Untracked 
| 118|0x000000061d800000, 0x000000061dc00000, 0x000000061dc00000|100%| O|  |TAMS 0x000000061d800000| PB 0x000000061d800000| Untracked 
| 119|0x000000061dc00000, 0x000000061e000000, 0x000000061e000000|100%| O|  |TAMS 0x000000061dc00000| PB 0x000000061dc00000| Untracked 
| 120|0x000000061e000000, 0x000000061e400000, 0x000000061e400000|100%| O|  |TAMS 0x000000061e000000| PB 0x000000061e000000| Untracked 
| 121|0x000000061e400000, 0x000000061e800000, 0x000000061e800000|100%| O|  |TAMS 0x000000061e400000| PB 0x000000061e400000| Untracked 
| 122|0x000000061e800000, 0x000000061ec00000, 0x000000061ec00000|100%| O|  |TAMS 0x000000061e800000| PB 0x000000061e800000| Untracked 
| 123|0x000000061ec00000, 0x000000061f000000, 0x000000061f000000|100%| O|  |TAMS 0x000000061ec00000| PB 0x000000061ec00000| Untracked 
| 124|0x000000061f000000, 0x000000061f400000, 0x000000061f400000|100%| O|  |TAMS 0x000000061f000000| PB 0x000000061f000000| Untracked 
| 125|0x000000061f400000, 0x000000061f800000, 0x000000061f800000|100%| O|  |TAMS 0x000000061f400000| PB 0x000000061f400000| Untracked 
| 126|0x000000061f800000, 0x000000061fc00000, 0x000000061fc00000|100%| O|  |TAMS 0x000000061f800000| PB 0x000000061f800000| Untracked 
| 127|0x000000061fc00000, 0x0000000620000000, 0x0000000620000000|100%| O|  |TAMS 0x000000061fc00000| PB 0x000000061fc00000| Untracked 
| 128|0x0000000620000000, 0x0000000620400000, 0x0000000620400000|100%| O|  |TAMS 0x0000000620000000| PB 0x0000000620000000| Untracked 
| 129|0x0000000620400000, 0x0000000620800000, 0x0000000620800000|100%| O|  |TAMS 0x0000000620400000| PB 0x0000000620400000| Untracked 
| 130|0x0000000620800000, 0x0000000620c00000, 0x0000000620c00000|100%| O|  |TAMS 0x0000000620800000| PB 0x0000000620800000| Untracked 
| 131|0x0000000620c00000, 0x0000000621000000, 0x0000000621000000|100%| O|  |TAMS 0x0000000620c00000| PB 0x0000000620c00000| Untracked 
| 132|0x0000000621000000, 0x0000000621400000, 0x0000000621400000|100%| O|  |TAMS 0x0000000621000000| PB 0x0000000621000000| Untracked 
| 133|0x0000000621400000, 0x0000000621800000, 0x0000000621800000|100%| O|  |TAMS 0x0000000621400000| PB 0x0000000621400000| Untracked 
| 134|0x0000000621800000, 0x0000000621c00000, 0x0000000621c00000|100%| O|  |TAMS 0x0000000621800000| PB 0x0000000621800000| Untracked 
| 135|0x0000000621c00000, 0x0000000622000000, 0x0000000622000000|100%| O|  |TAMS 0x0000000621c00000| PB 0x0000000621c00000| Untracked 
| 136|0x0000000622000000, 0x0000000622400000, 0x0000000622400000|100%| O|  |TAMS 0x0000000622000000| PB 0x0000000622000000| Untracked 
| 137|0x0000000622400000, 0x0000000622800000, 0x0000000622800000|100%| O|  |TAMS 0x0000000622400000| PB 0x0000000622400000| Untracked 
| 138|0x0000000622800000, 0x0000000622c00000, 0x0000000622c00000|100%| O|  |TAMS 0x0000000622800000| PB 0x0000000622800000| Untracked 
| 139|0x0000000622c00000, 0x0000000623000000, 0x0000000623000000|100%| O|  |TAMS 0x0000000622c00000| PB 0x0000000622c00000| Untracked 
| 140|0x0000000623000000, 0x0000000623400000, 0x0000000623400000|100%| O|  |TAMS 0x0000000623000000| PB 0x0000000623000000| Untracked 
| 141|0x0000000623400000, 0x0000000623800000, 0x0000000623800000|100%| O|  |TAMS 0x0000000623400000| PB 0x0000000623400000| Untracked 
| 142|0x0000000623800000, 0x0000000623c00000, 0x0000000623c00000|100%| O|  |TAMS 0x0000000623800000| PB 0x0000000623800000| Untracked 
| 143|0x0000000623c00000, 0x0000000624000000, 0x0000000624000000|100%| O|  |TAMS 0x0000000623c00000| PB 0x0000000623c00000| Untracked 
| 144|0x0000000624000000, 0x0000000624400000, 0x0000000624400000|100%| O|  |TAMS 0x0000000624000000| PB 0x0000000624000000| Untracked 
| 145|0x0000000624400000, 0x0000000624800000, 0x0000000624800000|100%| O|  |TAMS 0x0000000624400000| PB 0x0000000624400000| Untracked 
| 146|0x0000000624800000, 0x0000000624c00000, 0x0000000624c00000|100%| O|  |TAMS 0x0000000624800000| PB 0x0000000624800000| Untracked 
| 147|0x0000000624c00000, 0x0000000625000000, 0x0000000625000000|100%| O|  |TAMS 0x0000000624c00000| PB 0x0000000624c00000| Untracked 
| 148|0x0000000625000000, 0x0000000625400000, 0x0000000625400000|100%| O|  |TAMS 0x0000000625000000| PB 0x0000000625000000| Untracked 
| 149|0x0000000625400000, 0x0000000625800000, 0x0000000625800000|100%| O|  |TAMS 0x0000000625400000| PB 0x0000000625400000| Untracked 
| 150|0x0000000625800000, 0x0000000625c00000, 0x0000000625c00000|100%| O|  |TAMS 0x0000000625800000| PB 0x0000000625800000| Untracked 
| 151|0x0000000625c00000, 0x0000000626000000, 0x0000000626000000|100%| O|  |TAMS 0x0000000625c00000| PB 0x0000000625c00000| Untracked 
| 152|0x0000000626000000, 0x0000000626400000, 0x0000000626400000|100%| O|  |TAMS 0x0000000626000000| PB 0x0000000626000000| Untracked 
| 153|0x0000000626400000, 0x0000000626800000, 0x0000000626800000|100%| O|  |TAMS 0x0000000626400000| PB 0x0000000626400000| Untracked 
| 154|0x0000000626800000, 0x0000000626c00000, 0x0000000626c00000|100%| O|  |TAMS 0x0000000626800000| PB 0x0000000626800000| Untracked 
| 155|0x0000000626c00000, 0x0000000627000000, 0x0000000627000000|100%| O|  |TAMS 0x0000000626c00000| PB 0x0000000626c00000| Untracked 
| 156|0x0000000627000000, 0x0000000627400000, 0x0000000627400000|100%| O|  |TAMS 0x0000000627000000| PB 0x0000000627000000| Untracked 
| 157|0x0000000627400000, 0x0000000627800000, 0x0000000627800000|100%| O|  |TAMS 0x0000000627400000| PB 0x0000000627400000| Untracked 
| 158|0x0000000627800000, 0x0000000627c00000, 0x0000000627c00000|100%| O|  |TAMS 0x0000000627800000| PB 0x0000000627800000| Untracked 
| 159|0x0000000627c00000, 0x0000000628000000, 0x0000000628000000|100%| O|  |TAMS 0x0000000627c00000| PB 0x0000000627c00000| Untracked 
| 160|0x0000000628000000, 0x0000000628400000, 0x0000000628400000|100%| O|  |TAMS 0x0000000628000000| PB 0x0000000628000000| Untracked 
| 161|0x0000000628400000, 0x0000000628800000, 0x0000000628800000|100%| O|  |TAMS 0x0000000628400000| PB 0x0000000628400000| Untracked 
| 162|0x0000000628800000, 0x0000000628c00000, 0x0000000628c00000|100%| O|  |TAMS 0x0000000628800000| PB 0x0000000628800000| Untracked 
| 163|0x0000000628c00000, 0x0000000629000000, 0x0000000629000000|100%| O|  |TAMS 0x0000000628c00000| PB 0x0000000628c00000| Untracked 
| 164|0x0000000629000000, 0x0000000629400000, 0x0000000629400000|100%| O|  |TAMS 0x0000000629000000| PB 0x0000000629000000| Untracked 
| 165|0x0000000629400000, 0x0000000629800000, 0x0000000629800000|100%| O|  |TAMS 0x0000000629400000| PB 0x0000000629400000| Untracked 
| 166|0x0000000629800000, 0x0000000629b8d380, 0x0000000629c00000| 88%| O|  |TAMS 0x0000000629800000| PB 0x0000000629800000| Untracked 
| 167|0x0000000629c00000, 0x0000000629c00000, 0x000000062a000000|  0%| F|  |TAMS 0x0000000629c00000| PB 0x0000000629c00000| Untracked 
| 168|0x000000062a000000, 0x000000062a000000, 0x000000062a400000|  0%| F|  |TAMS 0x000000062a000000| PB 0x000000062a000000| Untracked 
| 169|0x000000062a400000, 0x000000062a400000, 0x000000062a800000|  0%| F|  |TAMS 0x000000062a400000| PB 0x000000062a400000| Untracked 
| 170|0x000000062a800000, 0x000000062a800000, 0x000000062ac00000|  0%| F|  |TAMS 0x000000062a800000| PB 0x000000062a800000| Untracked 
| 171|0x000000062ac00000, 0x000000062ac00000, 0x000000062b000000|  0%| F|  |TAMS 0x000000062ac00000| PB 0x000000062ac00000| Untracked 
| 172|0x000000062b000000, 0x000000062b000000, 0x000000062b400000|  0%| F|  |TAMS 0x000000062b000000| PB 0x000000062b000000| Untracked 
| 173|0x000000062b400000, 0x000000062b400000, 0x000000062b800000|  0%| F|  |TAMS 0x000000062b400000| PB 0x000000062b400000| Untracked 
| 174|0x000000062b800000, 0x000000062b800000, 0x000000062bc00000|  0%| F|  |TAMS 0x000000062b800000| PB 0x000000062b800000| Untracked 
| 175|0x000000062bc00000, 0x000000062bc00000, 0x000000062c000000|  0%| F|  |TAMS 0x000000062bc00000| PB 0x000000062bc00000| Untracked 
| 176|0x000000062c000000, 0x000000062c000000, 0x000000062c400000|  0%| F|  |TAMS 0x000000062c000000| PB 0x000000062c000000| Untracked 
| 177|0x000000062c400000, 0x000000062c400000, 0x000000062c800000|  0%| F|  |TAMS 0x000000062c400000| PB 0x000000062c400000| Untracked 
| 178|0x000000062c800000, 0x000000062c800000, 0x000000062cc00000|  0%| F|  |TAMS 0x000000062c800000| PB 0x000000062c800000| Untracked 
| 179|0x000000062cc00000, 0x000000062cc00000, 0x000000062d000000|  0%| F|  |TAMS 0x000000062cc00000| PB 0x000000062cc00000| Untracked 
| 180|0x000000062d000000, 0x000000062d000000, 0x000000062d400000|  0%| F|  |TAMS 0x000000062d000000| PB 0x000000062d000000| Untracked 
| 181|0x000000062d400000, 0x000000062d400000, 0x000000062d800000|  0%| F|  |TAMS 0x000000062d400000| PB 0x000000062d400000| Untracked 
| 182|0x000000062d800000, 0x000000062d800000, 0x000000062dc00000|  0%| F|  |TAMS 0x000000062d800000| PB 0x000000062d800000| Untracked 
| 183|0x000000062dc00000, 0x000000062dc00000, 0x000000062e000000|  0%| F|  |TAMS 0x000000062dc00000| PB 0x000000062dc00000| Untracked 
| 184|0x000000062e000000, 0x000000062e000000, 0x000000062e400000|  0%| F|  |TAMS 0x000000062e000000| PB 0x000000062e000000| Untracked 
| 185|0x000000062e400000, 0x000000062e400000, 0x000000062e800000|  0%| F|  |TAMS 0x000000062e400000| PB 0x000000062e400000| Untracked 
| 186|0x000000062e800000, 0x000000062e800000, 0x000000062ec00000|  0%| F|  |TAMS 0x000000062e800000| PB 0x000000062e800000| Untracked 
| 187|0x000000062ec00000, 0x000000062ec00000, 0x000000062f000000|  0%| F|  |TAMS 0x000000062ec00000| PB 0x000000062ec00000| Untracked 
| 188|0x000000062f000000, 0x000000062f000000, 0x000000062f400000|  0%| F|  |TAMS 0x000000062f000000| PB 0x000000062f000000| Untracked 
| 189|0x000000062f400000, 0x000000062f400000, 0x000000062f800000|  0%| F|  |TAMS 0x000000062f400000| PB 0x000000062f400000| Untracked 
| 190|0x000000062f800000, 0x000000062f800000, 0x000000062fc00000|  0%| F|  |TAMS 0x000000062f800000| PB 0x000000062f800000| Untracked 
| 191|0x000000062fc00000, 0x000000062fc00000, 0x0000000630000000|  0%| F|  |TAMS 0x000000062fc00000| PB 0x000000062fc00000| Untracked 
| 192|0x0000000630000000, 0x0000000630000000, 0x0000000630400000|  0%| F|  |TAMS 0x0000000630000000| PB 0x0000000630000000| Untracked 
| 193|0x0000000630400000, 0x0000000630400000, 0x0000000630800000|  0%| F|  |TAMS 0x0000000630400000| PB 0x0000000630400000| Untracked 
| 194|0x0000000630800000, 0x0000000630800000, 0x0000000630c00000|  0%| F|  |TAMS 0x0000000630800000| PB 0x0000000630800000| Untracked 
| 195|0x0000000630c00000, 0x0000000630c00000, 0x0000000631000000|  0%| F|  |TAMS 0x0000000630c00000| PB 0x0000000630c00000| Untracked 
| 196|0x0000000631000000, 0x0000000631000000, 0x0000000631400000|  0%| F|  |TAMS 0x0000000631000000| PB 0x0000000631000000| Untracked 
| 197|0x0000000631400000, 0x0000000631400000, 0x0000000631800000|  0%| F|  |TAMS 0x0000000631400000| PB 0x0000000631400000| Untracked 
| 198|0x0000000631800000, 0x0000000631800000, 0x0000000631c00000|  0%| F|  |TAMS 0x0000000631800000| PB 0x0000000631800000| Untracked 
| 199|0x0000000631c00000, 0x0000000631c00000, 0x0000000632000000|  0%| F|  |TAMS 0x0000000631c00000| PB 0x0000000631c00000| Untracked 
| 200|0x0000000632000000, 0x0000000632000000, 0x0000000632400000|  0%| F|  |TAMS 0x0000000632000000| PB 0x0000000632000000| Untracked 
| 201|0x0000000632400000, 0x0000000632400000, 0x0000000632800000|  0%| F|  |TAMS 0x0000000632400000| PB 0x0000000632400000| Untracked 
| 202|0x0000000632800000, 0x0000000632800000, 0x0000000632c00000|  0%| F|  |TAMS 0x0000000632800000| PB 0x0000000632800000| Untracked 
| 203|0x0000000632c00000, 0x0000000632c00000, 0x0000000633000000|  0%| F|  |TAMS 0x0000000632c00000| PB 0x0000000632c00000| Untracked 
| 204|0x0000000633000000, 0x0000000633000000, 0x0000000633400000|  0%| F|  |TAMS 0x0000000633000000| PB 0x0000000633000000| Untracked 
| 205|0x0000000633400000, 0x0000000633400000, 0x0000000633800000|  0%| F|  |TAMS 0x0000000633400000| PB 0x0000000633400000| Untracked 
| 206|0x0000000633800000, 0x0000000633800000, 0x0000000633c00000|  0%| F|  |TAMS 0x0000000633800000| PB 0x0000000633800000| Untracked 
| 207|0x0000000633c00000, 0x0000000633c00000, 0x0000000634000000|  0%| F|  |TAMS 0x0000000633c00000| PB 0x0000000633c00000| Untracked 
| 208|0x0000000634000000, 0x0000000634000000, 0x0000000634400000|  0%| F|  |TAMS 0x0000000634000000| PB 0x0000000634000000| Untracked 
| 209|0x0000000634400000, 0x0000000634400000, 0x0000000634800000|  0%| F|  |TAMS 0x0000000634400000| PB 0x0000000634400000| Untracked 
| 210|0x0000000634800000, 0x0000000634800000, 0x0000000634c00000|  0%| F|  |TAMS 0x0000000634800000| PB 0x0000000634800000| Untracked 
| 211|0x0000000634c00000, 0x0000000634c00000, 0x0000000635000000|  0%| F|  |TAMS 0x0000000634c00000| PB 0x0000000634c00000| Untracked 
| 212|0x0000000635000000, 0x0000000635000000, 0x0000000635400000|  0%| F|  |TAMS 0x0000000635000000| PB 0x0000000635000000| Untracked 
| 213|0x0000000635400000, 0x0000000635400000, 0x0000000635800000|  0%| F|  |TAMS 0x0000000635400000| PB 0x0000000635400000| Untracked 
| 214|0x0000000635800000, 0x0000000635800000, 0x0000000635c00000|  0%| F|  |TAMS 0x0000000635800000| PB 0x0000000635800000| Untracked 
| 215|0x0000000635c00000, 0x0000000635c00000, 0x0000000636000000|  0%| F|  |TAMS 0x0000000635c00000| PB 0x0000000635c00000| Untracked 
| 216|0x0000000636000000, 0x0000000636000000, 0x0000000636400000|  0%| F|  |TAMS 0x0000000636000000| PB 0x0000000636000000| Untracked 
| 217|0x0000000636400000, 0x0000000636400000, 0x0000000636800000|  0%| F|  |TAMS 0x0000000636400000| PB 0x0000000636400000| Untracked 
| 218|0x0000000636800000, 0x0000000636800000, 0x0000000636c00000|  0%| F|  |TAMS 0x0000000636800000| PB 0x0000000636800000| Untracked 
| 219|0x0000000636c00000, 0x0000000636c00000, 0x0000000637000000|  0%| F|  |TAMS 0x0000000636c00000| PB 0x0000000636c00000| Untracked 
| 220|0x0000000637000000, 0x0000000637000000, 0x0000000637400000|  0%| F|  |TAMS 0x0000000637000000| PB 0x0000000637000000| Untracked 
| 221|0x0000000637400000, 0x0000000637400000, 0x0000000637800000|  0%| F|  |TAMS 0x0000000637400000| PB 0x0000000637400000| Untracked 
| 222|0x0000000637800000, 0x0000000637800000, 0x0000000637c00000|  0%| F|  |TAMS 0x0000000637800000| PB 0x0000000637800000| Untracked 
| 223|0x0000000637c00000, 0x0000000637c00000, 0x0000000638000000|  0%| F|  |TAMS 0x0000000637c00000| PB 0x0000000637c00000| Untracked 
| 224|0x0000000638000000, 0x0000000638000000, 0x0000000638400000|  0%| F|  |TAMS 0x0000000638000000| PB 0x0000000638000000| Untracked 
| 225|0x0000000638400000, 0x0000000638400000, 0x0000000638800000|  0%| F|  |TAMS 0x0000000638400000| PB 0x0000000638400000| Untracked 
| 226|0x0000000638800000, 0x0000000638800000, 0x0000000638c00000|  0%| F|  |TAMS 0x0000000638800000| PB 0x0000000638800000| Untracked 
| 227|0x0000000638c00000, 0x0000000638c00000, 0x0000000639000000|  0%| F|  |TAMS 0x0000000638c00000| PB 0x0000000638c00000| Untracked 
| 228|0x0000000639000000, 0x0000000639000000, 0x0000000639400000|  0%| F|  |TAMS 0x0000000639000000| PB 0x0000000639000000| Untracked 
| 229|0x0000000639400000, 0x0000000639400000, 0x0000000639800000|  0%| F|  |TAMS 0x0000000639400000| PB 0x0000000639400000| Untracked 
| 230|0x0000000639800000, 0x0000000639800000, 0x0000000639c00000|  0%| F|  |TAMS 0x0000000639800000| PB 0x0000000639800000| Untracked 
| 231|0x0000000639c00000, 0x0000000639c00000, 0x000000063a000000|  0%| F|  |TAMS 0x0000000639c00000| PB 0x0000000639c00000| Untracked 
| 232|0x000000063a000000, 0x000000063a000000, 0x000000063a400000|  0%| F|  |TAMS 0x000000063a000000| PB 0x000000063a000000| Untracked 
| 233|0x000000063a400000, 0x000000063a400000, 0x000000063a800000|  0%| F|  |TAMS 0x000000063a400000| PB 0x000000063a400000| Untracked 
| 234|0x000000063a800000, 0x000000063a800000, 0x000000063ac00000|  0%| F|  |TAMS 0x000000063a800000| PB 0x000000063a800000| Untracked 
| 235|0x000000063ac00000, 0x000000063ac00000, 0x000000063b000000|  0%| F|  |TAMS 0x000000063ac00000| PB 0x000000063ac00000| Untracked 
| 236|0x000000063b000000, 0x000000063b000000, 0x000000063b400000|  0%| F|  |TAMS 0x000000063b000000| PB 0x000000063b000000| Untracked 
| 237|0x000000063b400000, 0x000000063b400000, 0x000000063b800000|  0%| F|  |TAMS 0x000000063b400000| PB 0x000000063b400000| Untracked 
| 238|0x000000063b800000, 0x000000063b800000, 0x000000063bc00000|  0%| F|  |TAMS 0x000000063b800000| PB 0x000000063b800000| Untracked 
| 239|0x000000063bc00000, 0x000000063bc00000, 0x000000063c000000|  0%| F|  |TAMS 0x000000063bc00000| PB 0x000000063bc00000| Untracked 
| 240|0x000000063c000000, 0x000000063c000000, 0x000000063c400000|  0%| F|  |TAMS 0x000000063c000000| PB 0x000000063c000000| Untracked 
| 241|0x000000063c400000, 0x000000063c400000, 0x000000063c800000|  0%| F|  |TAMS 0x000000063c400000| PB 0x000000063c400000| Untracked 
| 242|0x000000063c800000, 0x000000063c800000, 0x000000063cc00000|  0%| F|  |TAMS 0x000000063c800000| PB 0x000000063c800000| Untracked 
| 243|0x000000063cc00000, 0x000000063cc00000, 0x000000063d000000|  0%| F|  |TAMS 0x000000063cc00000| PB 0x000000063cc00000| Untracked 
| 244|0x000000063d000000, 0x000000063d000000, 0x000000063d400000|  0%| F|  |TAMS 0x000000063d000000| PB 0x000000063d000000| Untracked 
| 245|0x000000063d400000, 0x000000063d400000, 0x000000063d800000|  0%| F|  |TAMS 0x000000063d400000| PB 0x000000063d400000| Untracked 
| 246|0x000000063d800000, 0x000000063d800000, 0x000000063dc00000|  0%| F|  |TAMS 0x000000063d800000| PB 0x000000063d800000| Untracked 
| 247|0x000000063dc00000, 0x000000063dc00000, 0x000000063e000000|  0%| F|  |TAMS 0x000000063dc00000| PB 0x000000063dc00000| Untracked 
| 248|0x000000063e000000, 0x000000063e000000, 0x000000063e400000|  0%| F|  |TAMS 0x000000063e000000| PB 0x000000063e000000| Untracked 
| 249|0x000000063e400000, 0x000000063e400000, 0x000000063e800000|  0%| F|  |TAMS 0x000000063e400000| PB 0x000000063e400000| Untracked 
| 250|0x000000063e800000, 0x000000063e800000, 0x000000063ec00000|  0%| F|  |TAMS 0x000000063e800000| PB 0x000000063e800000| Untracked 
| 251|0x000000063ec00000, 0x000000063ec00000, 0x000000063f000000|  0%| F|  |TAMS 0x000000063ec00000| PB 0x000000063ec00000| Untracked 
| 252|0x000000063f000000, 0x000000063f000000, 0x000000063f400000|  0%| F|  |TAMS 0x000000063f000000| PB 0x000000063f000000| Untracked 
| 253|0x000000063f400000, 0x000000063f400000, 0x000000063f800000|  0%| F|  |TAMS 0x000000063f400000| PB 0x000000063f400000| Untracked 
| 254|0x000000063f800000, 0x000000063f800000, 0x000000063fc00000|  0%| F|  |TAMS 0x000000063f800000| PB 0x000000063f800000| Untracked 
| 255|0x000000063fc00000, 0x000000063fc00000, 0x0000000640000000|  0%| F|  |TAMS 0x000000063fc00000| PB 0x000000063fc00000| Untracked 
| 256|0x0000000640000000, 0x0000000640000000, 0x0000000640400000|  0%| F|  |TAMS 0x0000000640000000| PB 0x0000000640000000| Untracked 
| 257|0x0000000640400000, 0x0000000640400000, 0x0000000640800000|  0%| F|  |TAMS 0x0000000640400000| PB 0x0000000640400000| Untracked 
| 258|0x0000000640800000, 0x0000000640800000, 0x0000000640c00000|  0%| F|  |TAMS 0x0000000640800000| PB 0x0000000640800000| Untracked 
| 259|0x0000000640c00000, 0x0000000640c00000, 0x0000000641000000|  0%| F|  |TAMS 0x0000000640c00000| PB 0x0000000640c00000| Untracked 
| 260|0x0000000641000000, 0x0000000641000000, 0x0000000641400000|  0%| F|  |TAMS 0x0000000641000000| PB 0x0000000641000000| Untracked 
| 261|0x0000000641400000, 0x0000000641400000, 0x0000000641800000|  0%| F|  |TAMS 0x0000000641400000| PB 0x0000000641400000| Untracked 
| 262|0x0000000641800000, 0x0000000641800000, 0x0000000641c00000|  0%| F|  |TAMS 0x0000000641800000| PB 0x0000000641800000| Untracked 
| 263|0x0000000641c00000, 0x0000000641c00000, 0x0000000642000000|  0%| F|  |TAMS 0x0000000641c00000| PB 0x0000000641c00000| Untracked 
| 264|0x0000000642000000, 0x0000000642000000, 0x0000000642400000|  0%| F|  |TAMS 0x0000000642000000| PB 0x0000000642000000| Untracked 
| 265|0x0000000642400000, 0x0000000642400000, 0x0000000642800000|  0%| F|  |TAMS 0x0000000642400000| PB 0x0000000642400000| Untracked 
| 266|0x0000000642800000, 0x0000000642800000, 0x0000000642c00000|  0%| F|  |TAMS 0x0000000642800000| PB 0x0000000642800000| Untracked 
| 267|0x0000000642c00000, 0x0000000642c00000, 0x0000000643000000|  0%| F|  |TAMS 0x0000000642c00000| PB 0x0000000642c00000| Untracked 
| 268|0x0000000643000000, 0x0000000643000000, 0x0000000643400000|  0%| F|  |TAMS 0x0000000643000000| PB 0x0000000643000000| Untracked 
| 269|0x0000000643400000, 0x0000000643400000, 0x0000000643800000|  0%| F|  |TAMS 0x0000000643400000| PB 0x0000000643400000| Untracked 
| 270|0x0000000643800000, 0x0000000643800000, 0x0000000643c00000|  0%| F|  |TAMS 0x0000000643800000| PB 0x0000000643800000| Untracked 
| 271|0x0000000643c00000, 0x0000000643c00000, 0x0000000644000000|  0%| F|  |TAMS 0x0000000643c00000| PB 0x0000000643c00000| Untracked 
| 272|0x0000000644000000, 0x0000000644000000, 0x0000000644400000|  0%| F|  |TAMS 0x0000000644000000| PB 0x0000000644000000| Untracked 
| 273|0x0000000644400000, 0x0000000644400000, 0x0000000644800000|  0%| F|  |TAMS 0x0000000644400000| PB 0x0000000644400000| Untracked 
| 274|0x0000000644800000, 0x0000000644800000, 0x0000000644c00000|  0%| F|  |TAMS 0x0000000644800000| PB 0x0000000644800000| Untracked 
| 275|0x0000000644c00000, 0x0000000644c00000, 0x0000000645000000|  0%| F|  |TAMS 0x0000000644c00000| PB 0x0000000644c00000| Untracked 
| 276|0x0000000645000000, 0x0000000645000000, 0x0000000645400000|  0%| F|  |TAMS 0x0000000645000000| PB 0x0000000645000000| Untracked 
| 277|0x0000000645400000, 0x0000000645400000, 0x0000000645800000|  0%| F|  |TAMS 0x0000000645400000| PB 0x0000000645400000| Untracked 
| 278|0x0000000645800000, 0x0000000645800000, 0x0000000645c00000|  0%| F|  |TAMS 0x0000000645800000| PB 0x0000000645800000| Untracked 
| 279|0x0000000645c00000, 0x0000000645c00000, 0x0000000646000000|  0%| F|  |TAMS 0x0000000645c00000| PB 0x0000000645c00000| Untracked 
| 280|0x0000000646000000, 0x0000000646000000, 0x0000000646400000|  0%| F|  |TAMS 0x0000000646000000| PB 0x0000000646000000| Untracked 
| 281|0x0000000646400000, 0x0000000646400000, 0x0000000646800000|  0%| F|  |TAMS 0x0000000646400000| PB 0x0000000646400000| Untracked 
| 282|0x0000000646800000, 0x0000000646800000, 0x0000000646c00000|  0%| F|  |TAMS 0x0000000646800000| PB 0x0000000646800000| Untracked 
| 283|0x0000000646c00000, 0x0000000646c00000, 0x0000000647000000|  0%| F|  |TAMS 0x0000000646c00000| PB 0x0000000646c00000| Untracked 
| 284|0x0000000647000000, 0x0000000647000000, 0x0000000647400000|  0%| F|  |TAMS 0x0000000647000000| PB 0x0000000647000000| Untracked 
| 285|0x0000000647400000, 0x0000000647400000, 0x0000000647800000|  0%| F|  |TAMS 0x0000000647400000| PB 0x0000000647400000| Untracked 
| 286|0x0000000647800000, 0x0000000647800000, 0x0000000647c00000|  0%| F|  |TAMS 0x0000000647800000| PB 0x0000000647800000| Untracked 
| 287|0x0000000647c00000, 0x0000000647c00000, 0x0000000648000000|  0%| F|  |TAMS 0x0000000647c00000| PB 0x0000000647c00000| Untracked 
| 288|0x0000000648000000, 0x0000000648000000, 0x0000000648400000|  0%| F|  |TAMS 0x0000000648000000| PB 0x0000000648000000| Untracked 
| 289|0x0000000648400000, 0x0000000648400000, 0x0000000648800000|  0%| F|  |TAMS 0x0000000648400000| PB 0x0000000648400000| Untracked 
| 290|0x0000000648800000, 0x0000000648800000, 0x0000000648c00000|  0%| F|  |TAMS 0x0000000648800000| PB 0x0000000648800000| Untracked 
| 291|0x0000000648c00000, 0x0000000648c00000, 0x0000000649000000|  0%| F|  |TAMS 0x0000000648c00000| PB 0x0000000648c00000| Untracked 
| 292|0x0000000649000000, 0x0000000649000000, 0x0000000649400000|  0%| F|  |TAMS 0x0000000649000000| PB 0x0000000649000000| Untracked 
| 293|0x0000000649400000, 0x0000000649400000, 0x0000000649800000|  0%| F|  |TAMS 0x0000000649400000| PB 0x0000000649400000| Untracked 
| 294|0x0000000649800000, 0x0000000649800000, 0x0000000649c00000|  0%| F|  |TAMS 0x0000000649800000| PB 0x0000000649800000| Untracked 
| 295|0x0000000649c00000, 0x0000000649c00000, 0x000000064a000000|  0%| F|  |TAMS 0x0000000649c00000| PB 0x0000000649c00000| Untracked 
| 296|0x000000064a000000, 0x000000064a000000, 0x000000064a400000|  0%| F|  |TAMS 0x000000064a000000| PB 0x000000064a000000| Untracked 
| 297|0x000000064a400000, 0x000000064a400000, 0x000000064a800000|  0%| F|  |TAMS 0x000000064a400000| PB 0x000000064a400000| Untracked 
| 298|0x000000064a800000, 0x000000064a800000, 0x000000064ac00000|  0%| F|  |TAMS 0x000000064a800000| PB 0x000000064a800000| Untracked 
| 299|0x000000064ac00000, 0x000000064ac00000, 0x000000064b000000|  0%| F|  |TAMS 0x000000064ac00000| PB 0x000000064ac00000| Untracked 
| 300|0x000000064b000000, 0x000000064b000000, 0x000000064b400000|  0%| F|  |TAMS 0x000000064b000000| PB 0x000000064b000000| Untracked 
| 301|0x000000064b400000, 0x000000064b400000, 0x000000064b800000|  0%| F|  |TAMS 0x000000064b400000| PB 0x000000064b400000| Untracked 
| 302|0x000000064b800000, 0x000000064b800000, 0x000000064bc00000|  0%| F|  |TAMS 0x000000064b800000| PB 0x000000064b800000| Untracked 
| 303|0x000000064bc00000, 0x000000064bc00000, 0x000000064c000000|  0%| F|  |TAMS 0x000000064bc00000| PB 0x000000064bc00000| Untracked 
| 304|0x000000064c000000, 0x000000064c000000, 0x000000064c400000|  0%| F|  |TAMS 0x000000064c000000| PB 0x000000064c000000| Untracked 
| 305|0x000000064c400000, 0x000000064c400000, 0x000000064c800000|  0%| F|  |TAMS 0x000000064c400000| PB 0x000000064c400000| Untracked 
| 306|0x000000064c800000, 0x000000064c800000, 0x000000064cc00000|  0%| F|  |TAMS 0x000000064c800000| PB 0x000000064c800000| Untracked 
| 307|0x000000064cc00000, 0x000000064cc00000, 0x000000064d000000|  0%| F|  |TAMS 0x000000064cc00000| PB 0x000000064cc00000| Untracked 
| 308|0x000000064d000000, 0x000000064d000000, 0x000000064d400000|  0%| F|  |TAMS 0x000000064d000000| PB 0x000000064d000000| Untracked 
| 309|0x000000064d400000, 0x000000064d400000, 0x000000064d800000|  0%| F|  |TAMS 0x000000064d400000| PB 0x000000064d400000| Untracked 
| 310|0x000000064d800000, 0x000000064d800000, 0x000000064dc00000|  0%| F|  |TAMS 0x000000064d800000| PB 0x000000064d800000| Untracked 
| 311|0x000000064dc00000, 0x000000064dc00000, 0x000000064e000000|  0%| F|  |TAMS 0x000000064dc00000| PB 0x000000064dc00000| Untracked 
| 312|0x000000064e000000, 0x000000064e000000, 0x000000064e400000|  0%| F|  |TAMS 0x000000064e000000| PB 0x000000064e000000| Untracked 
| 313|0x000000064e400000, 0x000000064e400000, 0x000000064e800000|  0%| F|  |TAMS 0x000000064e400000| PB 0x000000064e400000| Untracked 
| 314|0x000000064e800000, 0x000000064e800000, 0x000000064ec00000|  0%| F|  |TAMS 0x000000064e800000| PB 0x000000064e800000| Untracked 
| 315|0x000000064ec00000, 0x000000064ec00000, 0x000000064f000000|  0%| F|  |TAMS 0x000000064ec00000| PB 0x000000064ec00000| Untracked 
| 316|0x000000064f000000, 0x000000064f000000, 0x000000064f400000|  0%| F|  |TAMS 0x000000064f000000| PB 0x000000064f000000| Untracked 
| 317|0x000000064f400000, 0x000000064f400000, 0x000000064f800000|  0%| F|  |TAMS 0x000000064f400000| PB 0x000000064f400000| Untracked 
| 318|0x000000064f800000, 0x000000064f800000, 0x000000064fc00000|  0%| F|  |TAMS 0x000000064f800000| PB 0x000000064f800000| Untracked 
| 319|0x000000064fc00000, 0x000000064fc00000, 0x0000000650000000|  0%| F|  |TAMS 0x000000064fc00000| PB 0x000000064fc00000| Untracked 
| 320|0x0000000650000000, 0x0000000650000000, 0x0000000650400000|  0%| F|  |TAMS 0x0000000650000000| PB 0x0000000650000000| Untracked 
| 321|0x0000000650400000, 0x0000000650400000, 0x0000000650800000|  0%| F|  |TAMS 0x0000000650400000| PB 0x0000000650400000| Untracked 
| 322|0x0000000650800000, 0x0000000650800000, 0x0000000650c00000|  0%| F|  |TAMS 0x0000000650800000| PB 0x0000000650800000| Untracked 
| 323|0x0000000650c00000, 0x0000000650c00000, 0x0000000651000000|  0%| F|  |TAMS 0x0000000650c00000| PB 0x0000000650c00000| Untracked 
| 324|0x0000000651000000, 0x0000000651000000, 0x0000000651400000|  0%| F|  |TAMS 0x0000000651000000| PB 0x0000000651000000| Untracked 
| 325|0x0000000651400000, 0x0000000651400000, 0x0000000651800000|  0%| F|  |TAMS 0x0000000651400000| PB 0x0000000651400000| Untracked 
| 326|0x0000000651800000, 0x0000000651800000, 0x0000000651c00000|  0%| F|  |TAMS 0x0000000651800000| PB 0x0000000651800000| Untracked 
| 327|0x0000000651c00000, 0x0000000651c00000, 0x0000000652000000|  0%| F|  |TAMS 0x0000000651c00000| PB 0x0000000651c00000| Untracked 
| 328|0x0000000652000000, 0x0000000652000000, 0x0000000652400000|  0%| F|  |TAMS 0x0000000652000000| PB 0x0000000652000000| Untracked 
| 329|0x0000000652400000, 0x0000000652400000, 0x0000000652800000|  0%| F|  |TAMS 0x0000000652400000| PB 0x0000000652400000| Untracked 
| 330|0x0000000652800000, 0x0000000652800000, 0x0000000652c00000|  0%| F|  |TAMS 0x0000000652800000| PB 0x0000000652800000| Untracked 
| 331|0x0000000652c00000, 0x0000000652c00000, 0x0000000653000000|  0%| F|  |TAMS 0x0000000652c00000| PB 0x0000000652c00000| Untracked 
| 332|0x0000000653000000, 0x0000000653000000, 0x0000000653400000|  0%| F|  |TAMS 0x0000000653000000| PB 0x0000000653000000| Untracked 
| 333|0x0000000653400000, 0x0000000653400000, 0x0000000653800000|  0%| F|  |TAMS 0x0000000653400000| PB 0x0000000653400000| Untracked 
| 334|0x0000000653800000, 0x0000000653800000, 0x0000000653c00000|  0%| F|  |TAMS 0x0000000653800000| PB 0x0000000653800000| Untracked 
| 335|0x0000000653c00000, 0x0000000653c00000, 0x0000000654000000|  0%| F|  |TAMS 0x0000000653c00000| PB 0x0000000653c00000| Untracked 
| 336|0x0000000654000000, 0x0000000654000000, 0x0000000654400000|  0%| F|  |TAMS 0x0000000654000000| PB 0x0000000654000000| Untracked 
| 337|0x0000000654400000, 0x0000000654400000, 0x0000000654800000|  0%| F|  |TAMS 0x0000000654400000| PB 0x0000000654400000| Untracked 
| 338|0x0000000654800000, 0x0000000654800000, 0x0000000654c00000|  0%| F|  |TAMS 0x0000000654800000| PB 0x0000000654800000| Untracked 
| 339|0x0000000654c00000, 0x0000000654c00000, 0x0000000655000000|  0%| F|  |TAMS 0x0000000654c00000| PB 0x0000000654c00000| Untracked 
| 340|0x0000000655000000, 0x0000000655000000, 0x0000000655400000|  0%| F|  |TAMS 0x0000000655000000| PB 0x0000000655000000| Untracked 
| 341|0x0000000655400000, 0x0000000655400000, 0x0000000655800000|  0%| F|  |TAMS 0x0000000655400000| PB 0x0000000655400000| Untracked 
| 342|0x0000000655800000, 0x0000000655800000, 0x0000000655c00000|  0%| F|  |TAMS 0x0000000655800000| PB 0x0000000655800000| Untracked 
| 343|0x0000000655c00000, 0x0000000655c00000, 0x0000000656000000|  0%| F|  |TAMS 0x0000000655c00000| PB 0x0000000655c00000| Untracked 
| 344|0x0000000656000000, 0x0000000656000000, 0x0000000656400000|  0%| F|  |TAMS 0x0000000656000000| PB 0x0000000656000000| Untracked 
| 345|0x0000000656400000, 0x0000000656400000, 0x0000000656800000|  0%| F|  |TAMS 0x0000000656400000| PB 0x0000000656400000| Untracked 
| 346|0x0000000656800000, 0x0000000656800000, 0x0000000656c00000|  0%| F|  |TAMS 0x0000000656800000| PB 0x0000000656800000| Untracked 
| 347|0x0000000656c00000, 0x0000000656c00000, 0x0000000657000000|  0%| F|  |TAMS 0x0000000656c00000| PB 0x0000000656c00000| Untracked 
| 348|0x0000000657000000, 0x0000000657000000, 0x0000000657400000|  0%| F|  |TAMS 0x0000000657000000| PB 0x0000000657000000| Untracked 
| 349|0x0000000657400000, 0x0000000657400000, 0x0000000657800000|  0%| F|  |TAMS 0x0000000657400000| PB 0x0000000657400000| Untracked 
| 350|0x0000000657800000, 0x0000000657800000, 0x0000000657c00000|  0%| F|  |TAMS 0x0000000657800000| PB 0x0000000657800000| Untracked 
| 351|0x0000000657c00000, 0x0000000657c00000, 0x0000000658000000|  0%| F|  |TAMS 0x0000000657c00000| PB 0x0000000657c00000| Untracked 
| 352|0x0000000658000000, 0x0000000658000000, 0x0000000658400000|  0%| F|  |TAMS 0x0000000658000000| PB 0x0000000658000000| Untracked 
| 353|0x0000000658400000, 0x0000000658400000, 0x0000000658800000|  0%| F|  |TAMS 0x0000000658400000| PB 0x0000000658400000| Untracked 
| 354|0x0000000658800000, 0x0000000658800000, 0x0000000658c00000|  0%| F|  |TAMS 0x0000000658800000| PB 0x0000000658800000| Untracked 
| 355|0x0000000658c00000, 0x0000000658c00000, 0x0000000659000000|  0%| F|  |TAMS 0x0000000658c00000| PB 0x0000000658c00000| Untracked 
| 356|0x0000000659000000, 0x0000000659000000, 0x0000000659400000|  0%| F|  |TAMS 0x0000000659000000| PB 0x0000000659000000| Untracked 
| 357|0x0000000659400000, 0x0000000659400000, 0x0000000659800000|  0%| F|  |TAMS 0x0000000659400000| PB 0x0000000659400000| Untracked 
| 358|0x0000000659800000, 0x0000000659800000, 0x0000000659c00000|  0%| F|  |TAMS 0x0000000659800000| PB 0x0000000659800000| Untracked 
| 359|0x0000000659c00000, 0x0000000659c00000, 0x000000065a000000|  0%| F|  |TAMS 0x0000000659c00000| PB 0x0000000659c00000| Untracked 
| 360|0x000000065a000000, 0x000000065a000000, 0x000000065a400000|  0%| F|  |TAMS 0x000000065a000000| PB 0x000000065a000000| Untracked 
| 361|0x000000065a400000, 0x000000065a400000, 0x000000065a800000|  0%| F|  |TAMS 0x000000065a400000| PB 0x000000065a400000| Untracked 
| 362|0x000000065a800000, 0x000000065a800000, 0x000000065ac00000|  0%| F|  |TAMS 0x000000065a800000| PB 0x000000065a800000| Untracked 
| 363|0x000000065ac00000, 0x000000065ac00000, 0x000000065b000000|  0%| F|  |TAMS 0x000000065ac00000| PB 0x000000065ac00000| Untracked 
| 364|0x000000065b000000, 0x000000065b000000, 0x000000065b400000|  0%| F|  |TAMS 0x000000065b000000| PB 0x000000065b000000| Untracked 
| 365|0x000000065b400000, 0x000000065b400000, 0x000000065b800000|  0%| F|  |TAMS 0x000000065b400000| PB 0x000000065b400000| Untracked 
| 366|0x000000065b800000, 0x000000065b800000, 0x000000065bc00000|  0%| F|  |TAMS 0x000000065b800000| PB 0x000000065b800000| Untracked 
| 367|0x000000065bc00000, 0x000000065bc00000, 0x000000065c000000|  0%| F|  |TAMS 0x000000065bc00000| PB 0x000000065bc00000| Untracked 
| 368|0x000000065c000000, 0x000000065c000000, 0x000000065c400000|  0%| F|  |TAMS 0x000000065c000000| PB 0x000000065c000000| Untracked 
| 369|0x000000065c400000, 0x000000065c400000, 0x000000065c800000|  0%| F|  |TAMS 0x000000065c400000| PB 0x000000065c400000| Untracked 
| 370|0x000000065c800000, 0x000000065c800000, 0x000000065cc00000|  0%| F|  |TAMS 0x000000065c800000| PB 0x000000065c800000| Untracked 
| 371|0x000000065cc00000, 0x000000065cc00000, 0x000000065d000000|  0%| F|  |TAMS 0x000000065cc00000| PB 0x000000065cc00000| Untracked 
| 372|0x000000065d000000, 0x000000065d000000, 0x000000065d400000|  0%| F|  |TAMS 0x000000065d000000| PB 0x000000065d000000| Untracked 
| 373|0x000000065d400000, 0x000000065d400000, 0x000000065d800000|  0%| F|  |TAMS 0x000000065d400000| PB 0x000000065d400000| Untracked 
| 374|0x000000065d800000, 0x000000065d800000, 0x000000065dc00000|  0%| F|  |TAMS 0x000000065d800000| PB 0x000000065d800000| Untracked 
| 375|0x000000065dc00000, 0x000000065dc00000, 0x000000065e000000|  0%| F|  |TAMS 0x000000065dc00000| PB 0x000000065dc00000| Untracked 
| 376|0x000000065e000000, 0x000000065e000000, 0x000000065e400000|  0%| F|  |TAMS 0x000000065e000000| PB 0x000000065e000000| Untracked 
| 377|0x000000065e400000, 0x000000065e400000, 0x000000065e800000|  0%| F|  |TAMS 0x000000065e400000| PB 0x000000065e400000| Untracked 
| 378|0x000000065e800000, 0x000000065e800000, 0x000000065ec00000|  0%| F|  |TAMS 0x000000065e800000| PB 0x000000065e800000| Untracked 
| 379|0x000000065ec00000, 0x000000065ec00000, 0x000000065f000000|  0%| F|  |TAMS 0x000000065ec00000| PB 0x000000065ec00000| Untracked 
| 380|0x000000065f000000, 0x000000065f000000, 0x000000065f400000|  0%| F|  |TAMS 0x000000065f000000| PB 0x000000065f000000| Untracked 
| 381|0x000000065f400000, 0x000000065f400000, 0x000000065f800000|  0%| F|  |TAMS 0x000000065f400000| PB 0x000000065f400000| Untracked 
| 382|0x000000065f800000, 0x000000065f800000, 0x000000065fc00000|  0%| F|  |TAMS 0x000000065f800000| PB 0x000000065f800000| Untracked 
| 383|0x000000065fc00000, 0x000000065fc00000, 0x0000000660000000|  0%| F|  |TAMS 0x000000065fc00000| PB 0x000000065fc00000| Untracked 
| 384|0x0000000660000000, 0x0000000660000000, 0x0000000660400000|  0%| F|  |TAMS 0x0000000660000000| PB 0x0000000660000000| Untracked 
| 385|0x0000000660400000, 0x0000000660400000, 0x0000000660800000|  0%| F|  |TAMS 0x0000000660400000| PB 0x0000000660400000| Untracked 
| 386|0x0000000660800000, 0x0000000660800000, 0x0000000660c00000|  0%| F|  |TAMS 0x0000000660800000| PB 0x0000000660800000| Untracked 
| 387|0x0000000660c00000, 0x0000000660c00000, 0x0000000661000000|  0%| F|  |TAMS 0x0000000660c00000| PB 0x0000000660c00000| Untracked 
| 388|0x0000000661000000, 0x0000000661000000, 0x0000000661400000|  0%| F|  |TAMS 0x0000000661000000| PB 0x0000000661000000| Untracked 
| 389|0x0000000661400000, 0x0000000661400000, 0x0000000661800000|  0%| F|  |TAMS 0x0000000661400000| PB 0x0000000661400000| Untracked 
| 390|0x0000000661800000, 0x0000000661800000, 0x0000000661c00000|  0%| F|  |TAMS 0x0000000661800000| PB 0x0000000661800000| Untracked 
| 391|0x0000000661c00000, 0x0000000661c00000, 0x0000000662000000|  0%| F|  |TAMS 0x0000000661c00000| PB 0x0000000661c00000| Untracked 
| 392|0x0000000662000000, 0x0000000662000000, 0x0000000662400000|  0%| F|  |TAMS 0x0000000662000000| PB 0x0000000662000000| Untracked 
| 393|0x0000000662400000, 0x0000000662400000, 0x0000000662800000|  0%| F|  |TAMS 0x0000000662400000| PB 0x0000000662400000| Untracked 
| 394|0x0000000662800000, 0x0000000662800000, 0x0000000662c00000|  0%| F|  |TAMS 0x0000000662800000| PB 0x0000000662800000| Untracked 
| 395|0x0000000662c00000, 0x0000000662c00000, 0x0000000663000000|  0%| F|  |TAMS 0x0000000662c00000| PB 0x0000000662c00000| Untracked 
| 396|0x0000000663000000, 0x0000000663000000, 0x0000000663400000|  0%| F|  |TAMS 0x0000000663000000| PB 0x0000000663000000| Untracked 
| 397|0x0000000663400000, 0x0000000663400000, 0x0000000663800000|  0%| F|  |TAMS 0x0000000663400000| PB 0x0000000663400000| Untracked 
| 398|0x0000000663800000, 0x0000000663800000, 0x0000000663c00000|  0%| F|  |TAMS 0x0000000663800000| PB 0x0000000663800000| Untracked 
| 399|0x0000000663c00000, 0x0000000663c00000, 0x0000000664000000|  0%| F|  |TAMS 0x0000000663c00000| PB 0x0000000663c00000| Untracked 
| 400|0x0000000664000000, 0x0000000664000000, 0x0000000664400000|  0%| F|  |TAMS 0x0000000664000000| PB 0x0000000664000000| Untracked 
| 401|0x0000000664400000, 0x0000000664400000, 0x0000000664800000|  0%| F|  |TAMS 0x0000000664400000| PB 0x0000000664400000| Untracked 
| 402|0x0000000664800000, 0x0000000664800000, 0x0000000664c00000|  0%| F|  |TAMS 0x0000000664800000| PB 0x0000000664800000| Untracked 
| 403|0x0000000664c00000, 0x0000000664c00000, 0x0000000665000000|  0%| F|  |TAMS 0x0000000664c00000| PB 0x0000000664c00000| Untracked 
| 404|0x0000000665000000, 0x0000000665000000, 0x0000000665400000|  0%| F|  |TAMS 0x0000000665000000| PB 0x0000000665000000| Untracked 
| 405|0x0000000665400000, 0x0000000665400000, 0x0000000665800000|  0%| F|  |TAMS 0x0000000665400000| PB 0x0000000665400000| Untracked 
| 406|0x0000000665800000, 0x0000000665800000, 0x0000000665c00000|  0%| F|  |TAMS 0x0000000665800000| PB 0x0000000665800000| Untracked 
| 407|0x0000000665c00000, 0x0000000665c00000, 0x0000000666000000|  0%| F|  |TAMS 0x0000000665c00000| PB 0x0000000665c00000| Untracked 
| 408|0x0000000666000000, 0x0000000666000000, 0x0000000666400000|  0%| F|  |TAMS 0x0000000666000000| PB 0x0000000666000000| Untracked 
| 409|0x0000000666400000, 0x0000000666400000, 0x0000000666800000|  0%| F|  |TAMS 0x0000000666400000| PB 0x0000000666400000| Untracked 
| 410|0x0000000666800000, 0x0000000666800000, 0x0000000666c00000|  0%| F|  |TAMS 0x0000000666800000| PB 0x0000000666800000| Untracked 
| 411|0x0000000666c00000, 0x0000000666c00000, 0x0000000667000000|  0%| F|  |TAMS 0x0000000666c00000| PB 0x0000000666c00000| Untracked 
| 412|0x0000000667000000, 0x0000000667000000, 0x0000000667400000|  0%| F|  |TAMS 0x0000000667000000| PB 0x0000000667000000| Untracked 
| 413|0x0000000667400000, 0x0000000667400000, 0x0000000667800000|  0%| F|  |TAMS 0x0000000667400000| PB 0x0000000667400000| Untracked 
| 414|0x0000000667800000, 0x0000000667800000, 0x0000000667c00000|  0%| F|  |TAMS 0x0000000667800000| PB 0x0000000667800000| Untracked 
| 415|0x0000000667c00000, 0x0000000667c00000, 0x0000000668000000|  0%| F|  |TAMS 0x0000000667c00000| PB 0x0000000667c00000| Untracked 
| 416|0x0000000668000000, 0x0000000668000000, 0x0000000668400000|  0%| F|  |TAMS 0x0000000668000000| PB 0x0000000668000000| Untracked 
| 417|0x0000000668400000, 0x0000000668400000, 0x0000000668800000|  0%| F|  |TAMS 0x0000000668400000| PB 0x0000000668400000| Untracked 
| 418|0x0000000668800000, 0x0000000668800000, 0x0000000668c00000|  0%| F|  |TAMS 0x0000000668800000| PB 0x0000000668800000| Untracked 
| 419|0x0000000668c00000, 0x0000000668c00000, 0x0000000669000000|  0%| F|  |TAMS 0x0000000668c00000| PB 0x0000000668c00000| Untracked 
| 420|0x0000000669000000, 0x0000000669000000, 0x0000000669400000|  0%| F|  |TAMS 0x0000000669000000| PB 0x0000000669000000| Untracked 
| 421|0x0000000669400000, 0x0000000669400000, 0x0000000669800000|  0%| F|  |TAMS 0x0000000669400000| PB 0x0000000669400000| Untracked 
| 422|0x0000000669800000, 0x0000000669800000, 0x0000000669c00000|  0%| F|  |TAMS 0x0000000669800000| PB 0x0000000669800000| Untracked 
| 423|0x0000000669c00000, 0x0000000669c00000, 0x000000066a000000|  0%| F|  |TAMS 0x0000000669c00000| PB 0x0000000669c00000| Untracked 
| 424|0x000000066a000000, 0x000000066a000000, 0x000000066a400000|  0%| F|  |TAMS 0x000000066a000000| PB 0x000000066a000000| Untracked 
| 425|0x000000066a400000, 0x000000066a400000, 0x000000066a800000|  0%| F|  |TAMS 0x000000066a400000| PB 0x000000066a400000| Untracked 
| 426|0x000000066a800000, 0x000000066a800000, 0x000000066ac00000|  0%| F|  |TAMS 0x000000066a800000| PB 0x000000066a800000| Untracked 
| 427|0x000000066ac00000, 0x000000066ac00000, 0x000000066b000000|  0%| F|  |TAMS 0x000000066ac00000| PB 0x000000066ac00000| Untracked 
| 428|0x000000066b000000, 0x000000066b000000, 0x000000066b400000|  0%| F|  |TAMS 0x000000066b000000| PB 0x000000066b000000| Untracked 
| 429|0x000000066b400000, 0x000000066b400000, 0x000000066b800000|  0%| F|  |TAMS 0x000000066b400000| PB 0x000000066b400000| Untracked 
| 430|0x000000066b800000, 0x000000066b800000, 0x000000066bc00000|  0%| F|  |TAMS 0x000000066b800000| PB 0x000000066b800000| Untracked 
| 431|0x000000066bc00000, 0x000000066bc00000, 0x000000066c000000|  0%| F|  |TAMS 0x000000066bc00000| PB 0x000000066bc00000| Untracked 
| 432|0x000000066c000000, 0x000000066c000000, 0x000000066c400000|  0%| F|  |TAMS 0x000000066c000000| PB 0x000000066c000000| Untracked 
| 433|0x000000066c400000, 0x000000066c400000, 0x000000066c800000|  0%| F|  |TAMS 0x000000066c400000| PB 0x000000066c400000| Untracked 
| 434|0x000000066c800000, 0x000000066c800000, 0x000000066cc00000|  0%| F|  |TAMS 0x000000066c800000| PB 0x000000066c800000| Untracked 
| 435|0x000000066cc00000, 0x000000066cc00000, 0x000000066d000000|  0%| F|  |TAMS 0x000000066cc00000| PB 0x000000066cc00000| Untracked 
| 436|0x000000066d000000, 0x000000066d000000, 0x000000066d400000|  0%| F|  |TAMS 0x000000066d000000| PB 0x000000066d000000| Untracked 
| 437|0x000000066d400000, 0x000000066d400000, 0x000000066d800000|  0%| F|  |TAMS 0x000000066d400000| PB 0x000000066d400000| Untracked 
| 438|0x000000066d800000, 0x000000066d800000, 0x000000066dc00000|  0%| F|  |TAMS 0x000000066d800000| PB 0x000000066d800000| Untracked 
| 439|0x000000066dc00000, 0x000000066dc00000, 0x000000066e000000|  0%| F|  |TAMS 0x000000066dc00000| PB 0x000000066dc00000| Untracked 
| 440|0x000000066e000000, 0x000000066e000000, 0x000000066e400000|  0%| F|  |TAMS 0x000000066e000000| PB 0x000000066e000000| Untracked 
| 441|0x000000066e400000, 0x000000066e400000, 0x000000066e800000|  0%| F|  |TAMS 0x000000066e400000| PB 0x000000066e400000| Untracked 
| 442|0x000000066e800000, 0x000000066e800000, 0x000000066ec00000|  0%| F|  |TAMS 0x000000066e800000| PB 0x000000066e800000| Untracked 
| 443|0x000000066ec00000, 0x000000066ec00000, 0x000000066f000000|  0%| F|  |TAMS 0x000000066ec00000| PB 0x000000066ec00000| Untracked 
| 444|0x000000066f000000, 0x000000066f000000, 0x000000066f400000|  0%| F|  |TAMS 0x000000066f000000| PB 0x000000066f000000| Untracked 
| 445|0x000000066f400000, 0x000000066f400000, 0x000000066f800000|  0%| F|  |TAMS 0x000000066f400000| PB 0x000000066f400000| Untracked 
| 446|0x000000066f800000, 0x000000066f800000, 0x000000066fc00000|  0%| F|  |TAMS 0x000000066f800000| PB 0x000000066f800000| Untracked 
| 447|0x000000066fc00000, 0x000000066fc00000, 0x0000000670000000|  0%| F|  |TAMS 0x000000066fc00000| PB 0x000000066fc00000| Untracked 
| 448|0x0000000670000000, 0x0000000670000000, 0x0000000670400000|  0%| F|  |TAMS 0x0000000670000000| PB 0x0000000670000000| Untracked 
| 449|0x0000000670400000, 0x0000000670400000, 0x0000000670800000|  0%| F|  |TAMS 0x0000000670400000| PB 0x0000000670400000| Untracked 
| 450|0x0000000670800000, 0x0000000670800000, 0x0000000670c00000|  0%| F|  |TAMS 0x0000000670800000| PB 0x0000000670800000| Untracked 
| 451|0x0000000670c00000, 0x0000000670c00000, 0x0000000671000000|  0%| F|  |TAMS 0x0000000670c00000| PB 0x0000000670c00000| Untracked 
| 452|0x0000000671000000, 0x0000000671000000, 0x0000000671400000|  0%| F|  |TAMS 0x0000000671000000| PB 0x0000000671000000| Untracked 
| 453|0x0000000671400000, 0x0000000671400000, 0x0000000671800000|  0%| F|  |TAMS 0x0000000671400000| PB 0x0000000671400000| Untracked 
| 454|0x0000000671800000, 0x0000000671800000, 0x0000000671c00000|  0%| F|  |TAMS 0x0000000671800000| PB 0x0000000671800000| Untracked 
| 455|0x0000000671c00000, 0x0000000671c00000, 0x0000000672000000|  0%| F|  |TAMS 0x0000000671c00000| PB 0x0000000671c00000| Untracked 
| 456|0x0000000672000000, 0x0000000672000000, 0x0000000672400000|  0%| F|  |TAMS 0x0000000672000000| PB 0x0000000672000000| Untracked 
| 457|0x0000000672400000, 0x0000000672400000, 0x0000000672800000|  0%| F|  |TAMS 0x0000000672400000| PB 0x0000000672400000| Untracked 
| 458|0x0000000672800000, 0x0000000672800000, 0x0000000672c00000|  0%| F|  |TAMS 0x0000000672800000| PB 0x0000000672800000| Untracked 
| 459|0x0000000672c00000, 0x0000000672c00000, 0x0000000673000000|  0%| F|  |TAMS 0x0000000672c00000| PB 0x0000000672c00000| Untracked 
| 460|0x0000000673000000, 0x0000000673000000, 0x0000000673400000|  0%| F|  |TAMS 0x0000000673000000| PB 0x0000000673000000| Untracked 
| 461|0x0000000673400000, 0x0000000673400000, 0x0000000673800000|  0%| F|  |TAMS 0x0000000673400000| PB 0x0000000673400000| Untracked 
| 462|0x0000000673800000, 0x0000000673800000, 0x0000000673c00000|  0%| F|  |TAMS 0x0000000673800000| PB 0x0000000673800000| Untracked 
| 463|0x0000000673c00000, 0x0000000673c00000, 0x0000000674000000|  0%| F|  |TAMS 0x0000000673c00000| PB 0x0000000673c00000| Untracked 
| 464|0x0000000674000000, 0x0000000674000000, 0x0000000674400000|  0%| F|  |TAMS 0x0000000674000000| PB 0x0000000674000000| Untracked 
| 465|0x0000000674400000, 0x0000000674400000, 0x0000000674800000|  0%| F|  |TAMS 0x0000000674400000| PB 0x0000000674400000| Untracked 
| 466|0x0000000674800000, 0x0000000674800000, 0x0000000674c00000|  0%| F|  |TAMS 0x0000000674800000| PB 0x0000000674800000| Untracked 
| 467|0x0000000674c00000, 0x0000000674c00000, 0x0000000675000000|  0%| F|  |TAMS 0x0000000674c00000| PB 0x0000000674c00000| Untracked 
| 468|0x0000000675000000, 0x0000000675000000, 0x0000000675400000|  0%| F|  |TAMS 0x0000000675000000| PB 0x0000000675000000| Untracked 
| 469|0x0000000675400000, 0x0000000675400000, 0x0000000675800000|  0%| F|  |TAMS 0x0000000675400000| PB 0x0000000675400000| Untracked 
| 470|0x0000000675800000, 0x0000000675800000, 0x0000000675c00000|  0%| F|  |TAMS 0x0000000675800000| PB 0x0000000675800000| Untracked 
| 471|0x0000000675c00000, 0x0000000675c00000, 0x0000000676000000|  0%| F|  |TAMS 0x0000000675c00000| PB 0x0000000675c00000| Untracked 
| 472|0x0000000676000000, 0x0000000676000000, 0x0000000676400000|  0%| F|  |TAMS 0x0000000676000000| PB 0x0000000676000000| Untracked 
| 473|0x0000000676400000, 0x0000000676400000, 0x0000000676800000|  0%| F|  |TAMS 0x0000000676400000| PB 0x0000000676400000| Untracked 
| 474|0x0000000676800000, 0x0000000676800000, 0x0000000676c00000|  0%| F|  |TAMS 0x0000000676800000| PB 0x0000000676800000| Untracked 
| 475|0x0000000676c00000, 0x0000000676c00000, 0x0000000677000000|  0%| F|  |TAMS 0x0000000676c00000| PB 0x0000000676c00000| Untracked 
| 476|0x0000000677000000, 0x0000000677000000, 0x0000000677400000|  0%| F|  |TAMS 0x0000000677000000| PB 0x0000000677000000| Untracked 
| 477|0x0000000677400000, 0x0000000677400000, 0x0000000677800000|  0%| F|  |TAMS 0x0000000677400000| PB 0x0000000677400000| Untracked 
| 478|0x0000000677800000, 0x0000000677800000, 0x0000000677c00000|  0%| F|  |TAMS 0x0000000677800000| PB 0x0000000677800000| Untracked 
| 479|0x0000000677c00000, 0x0000000677c00000, 0x0000000678000000|  0%| F|  |TAMS 0x0000000677c00000| PB 0x0000000677c00000| Untracked 
| 480|0x0000000678000000, 0x0000000678000000, 0x0000000678400000|  0%| F|  |TAMS 0x0000000678000000| PB 0x0000000678000000| Untracked 
| 481|0x0000000678400000, 0x0000000678400000, 0x0000000678800000|  0%| F|  |TAMS 0x0000000678400000| PB 0x0000000678400000| Untracked 
| 482|0x0000000678800000, 0x0000000678800000, 0x0000000678c00000|  0%| F|  |TAMS 0x0000000678800000| PB 0x0000000678800000| Untracked 
| 483|0x0000000678c00000, 0x0000000678c00000, 0x0000000679000000|  0%| F|  |TAMS 0x0000000678c00000| PB 0x0000000678c00000| Untracked 
| 484|0x0000000679000000, 0x0000000679000000, 0x0000000679400000|  0%| F|  |TAMS 0x0000000679000000| PB 0x0000000679000000| Untracked 
| 485|0x0000000679400000, 0x0000000679400000, 0x0000000679800000|  0%| F|  |TAMS 0x0000000679400000| PB 0x0000000679400000| Untracked 
| 486|0x0000000679800000, 0x0000000679800000, 0x0000000679c00000|  0%| F|  |TAMS 0x0000000679800000| PB 0x0000000679800000| Untracked 
| 487|0x0000000679c00000, 0x0000000679c00000, 0x000000067a000000|  0%| F|  |TAMS 0x0000000679c00000| PB 0x0000000679c00000| Untracked 
| 488|0x000000067a000000, 0x000000067a000000, 0x000000067a400000|  0%| F|  |TAMS 0x000000067a000000| PB 0x000000067a000000| Untracked 
| 489|0x000000067a400000, 0x000000067a400000, 0x000000067a800000|  0%| F|  |TAMS 0x000000067a400000| PB 0x000000067a400000| Untracked 
| 490|0x000000067a800000, 0x000000067a800000, 0x000000067ac00000|  0%| F|  |TAMS 0x000000067a800000| PB 0x000000067a800000| Untracked 
| 491|0x000000067ac00000, 0x000000067ac00000, 0x000000067b000000|  0%| F|  |TAMS 0x000000067ac00000| PB 0x000000067ac00000| Untracked 
| 492|0x000000067b000000, 0x000000067b000000, 0x000000067b400000|  0%| F|  |TAMS 0x000000067b000000| PB 0x000000067b000000| Untracked 
| 493|0x000000067b400000, 0x000000067b400000, 0x000000067b800000|  0%| F|  |TAMS 0x000000067b400000| PB 0x000000067b400000| Untracked 
| 494|0x000000067b800000, 0x000000067b800000, 0x000000067bc00000|  0%| F|  |TAMS 0x000000067b800000| PB 0x000000067b800000| Untracked 
| 495|0x000000067bc00000, 0x000000067bc00000, 0x000000067c000000|  0%| F|  |TAMS 0x000000067bc00000| PB 0x000000067bc00000| Untracked 
| 496|0x000000067c000000, 0x000000067c000000, 0x000000067c400000|  0%| F|  |TAMS 0x000000067c000000| PB 0x000000067c000000| Untracked 
| 497|0x000000067c400000, 0x000000067c400000, 0x000000067c800000|  0%| F|  |TAMS 0x000000067c400000| PB 0x000000067c400000| Untracked 
| 498|0x000000067c800000, 0x000000067c800000, 0x000000067cc00000|  0%| F|  |TAMS 0x000000067c800000| PB 0x000000067c800000| Untracked 
| 499|0x000000067cc00000, 0x000000067cc00000, 0x000000067d000000|  0%| F|  |TAMS 0x000000067cc00000| PB 0x000000067cc00000| Untracked 
| 500|0x000000067d000000, 0x000000067d000000, 0x000000067d400000|  0%| F|  |TAMS 0x000000067d000000| PB 0x000000067d000000| Untracked 
| 501|0x000000067d400000, 0x000000067d400000, 0x000000067d800000|  0%| F|  |TAMS 0x000000067d400000| PB 0x000000067d400000| Untracked 
| 502|0x000000067d800000, 0x000000067d800000, 0x000000067dc00000|  0%| F|  |TAMS 0x000000067d800000| PB 0x000000067d800000| Untracked 
| 503|0x000000067dc00000, 0x000000067dc00000, 0x000000067e000000|  0%| F|  |TAMS 0x000000067dc00000| PB 0x000000067dc00000| Untracked 
| 504|0x000000067e000000, 0x000000067e000000, 0x000000067e400000|  0%| F|  |TAMS 0x000000067e000000| PB 0x000000067e000000| Untracked 
| 505|0x000000067e400000, 0x000000067e400000, 0x000000067e800000|  0%| F|  |TAMS 0x000000067e400000| PB 0x000000067e400000| Untracked 
| 506|0x000000067e800000, 0x000000067e800000, 0x000000067ec00000|  0%| F|  |TAMS 0x000000067e800000| PB 0x000000067e800000| Untracked 
| 507|0x000000067ec00000, 0x000000067ec00000, 0x000000067f000000|  0%| F|  |TAMS 0x000000067ec00000| PB 0x000000067ec00000| Untracked 
| 508|0x000000067f000000, 0x000000067f000000, 0x000000067f400000|  0%| F|  |TAMS 0x000000067f000000| PB 0x000000067f000000| Untracked 
| 509|0x000000067f400000, 0x000000067f400000, 0x000000067f800000|  0%| F|  |TAMS 0x000000067f400000| PB 0x000000067f400000| Untracked 
| 510|0x000000067f800000, 0x000000067f800000, 0x000000067fc00000|  0%| F|  |TAMS 0x000000067f800000| PB 0x000000067f800000| Untracked 
| 511|0x000000067fc00000, 0x000000067fc00000, 0x0000000680000000|  0%| F|  |TAMS 0x000000067fc00000| PB 0x000000067fc00000| Untracked 
| 512|0x0000000680000000, 0x0000000680000000, 0x0000000680400000|  0%| F|  |TAMS 0x0000000680000000| PB 0x0000000680000000| Untracked 
| 513|0x0000000680400000, 0x0000000680400000, 0x0000000680800000|  0%| F|  |TAMS 0x0000000680400000| PB 0x0000000680400000| Untracked 
| 514|0x0000000680800000, 0x0000000680800000, 0x0000000680c00000|  0%| F|  |TAMS 0x0000000680800000| PB 0x0000000680800000| Untracked 
| 515|0x0000000680c00000, 0x0000000680c00000, 0x0000000681000000|  0%| F|  |TAMS 0x0000000680c00000| PB 0x0000000680c00000| Untracked 
| 516|0x0000000681000000, 0x0000000681000000, 0x0000000681400000|  0%| F|  |TAMS 0x0000000681000000| PB 0x0000000681000000| Untracked 
| 517|0x0000000681400000, 0x0000000681400000, 0x0000000681800000|  0%| F|  |TAMS 0x0000000681400000| PB 0x0000000681400000| Untracked 
| 518|0x0000000681800000, 0x0000000681800000, 0x0000000681c00000|  0%| F|  |TAMS 0x0000000681800000| PB 0x0000000681800000| Untracked 
| 519|0x0000000681c00000, 0x0000000681c00000, 0x0000000682000000|  0%| F|  |TAMS 0x0000000681c00000| PB 0x0000000681c00000| Untracked 
| 520|0x0000000682000000, 0x0000000682000000, 0x0000000682400000|  0%| F|  |TAMS 0x0000000682000000| PB 0x0000000682000000| Untracked 
| 521|0x0000000682400000, 0x0000000682400000, 0x0000000682800000|  0%| F|  |TAMS 0x0000000682400000| PB 0x0000000682400000| Untracked 
| 522|0x0000000682800000, 0x0000000682800000, 0x0000000682c00000|  0%| F|  |TAMS 0x0000000682800000| PB 0x0000000682800000| Untracked 
| 523|0x0000000682c00000, 0x0000000682c00000, 0x0000000683000000|  0%| F|  |TAMS 0x0000000682c00000| PB 0x0000000682c00000| Untracked 
| 524|0x0000000683000000, 0x0000000683000000, 0x0000000683400000|  0%| F|  |TAMS 0x0000000683000000| PB 0x0000000683000000| Untracked 
| 525|0x0000000683400000, 0x0000000683400000, 0x0000000683800000|  0%| F|  |TAMS 0x0000000683400000| PB 0x0000000683400000| Untracked 
| 526|0x0000000683800000, 0x0000000683800000, 0x0000000683c00000|  0%| F|  |TAMS 0x0000000683800000| PB 0x0000000683800000| Untracked 
| 527|0x0000000683c00000, 0x0000000683c00000, 0x0000000684000000|  0%| F|  |TAMS 0x0000000683c00000| PB 0x0000000683c00000| Untracked 
| 528|0x0000000684000000, 0x0000000684000000, 0x0000000684400000|  0%| F|  |TAMS 0x0000000684000000| PB 0x0000000684000000| Untracked 
| 529|0x0000000684400000, 0x0000000684400000, 0x0000000684800000|  0%| F|  |TAMS 0x0000000684400000| PB 0x0000000684400000| Untracked 
| 530|0x0000000684800000, 0x0000000684800000, 0x0000000684c00000|  0%| F|  |TAMS 0x0000000684800000| PB 0x0000000684800000| Untracked 
| 531|0x0000000684c00000, 0x0000000684c00000, 0x0000000685000000|  0%| F|  |TAMS 0x0000000684c00000| PB 0x0000000684c00000| Untracked 
| 532|0x0000000685000000, 0x0000000685000000, 0x0000000685400000|  0%| F|  |TAMS 0x0000000685000000| PB 0x0000000685000000| Untracked 
| 533|0x0000000685400000, 0x0000000685400000, 0x0000000685800000|  0%| F|  |TAMS 0x0000000685400000| PB 0x0000000685400000| Untracked 
| 534|0x0000000685800000, 0x0000000685800000, 0x0000000685c00000|  0%| F|  |TAMS 0x0000000685800000| PB 0x0000000685800000| Untracked 
| 535|0x0000000685c00000, 0x0000000685c00000, 0x0000000686000000|  0%| F|  |TAMS 0x0000000685c00000| PB 0x0000000685c00000| Untracked 
| 536|0x0000000686000000, 0x0000000686000000, 0x0000000686400000|  0%| F|  |TAMS 0x0000000686000000| PB 0x0000000686000000| Untracked 
| 537|0x0000000686400000, 0x0000000686400000, 0x0000000686800000|  0%| F|  |TAMS 0x0000000686400000| PB 0x0000000686400000| Untracked 
| 538|0x0000000686800000, 0x0000000686800000, 0x0000000686c00000|  0%| F|  |TAMS 0x0000000686800000| PB 0x0000000686800000| Untracked 
| 539|0x0000000686c00000, 0x0000000686c00000, 0x0000000687000000|  0%| F|  |TAMS 0x0000000686c00000| PB 0x0000000686c00000| Untracked 
| 540|0x0000000687000000, 0x0000000687000000, 0x0000000687400000|  0%| F|  |TAMS 0x0000000687000000| PB 0x0000000687000000| Untracked 
| 541|0x0000000687400000, 0x0000000687400000, 0x0000000687800000|  0%| F|  |TAMS 0x0000000687400000| PB 0x0000000687400000| Untracked 
| 542|0x0000000687800000, 0x0000000687800000, 0x0000000687c00000|  0%| F|  |TAMS 0x0000000687800000| PB 0x0000000687800000| Untracked 
| 543|0x0000000687c00000, 0x0000000687c00000, 0x0000000688000000|  0%| F|  |TAMS 0x0000000687c00000| PB 0x0000000687c00000| Untracked 
| 544|0x0000000688000000, 0x0000000688000000, 0x0000000688400000|  0%| F|  |TAMS 0x0000000688000000| PB 0x0000000688000000| Untracked 
| 545|0x0000000688400000, 0x0000000688400000, 0x0000000688800000|  0%| F|  |TAMS 0x0000000688400000| PB 0x0000000688400000| Untracked 
| 546|0x0000000688800000, 0x0000000688800000, 0x0000000688c00000|  0%| F|  |TAMS 0x0000000688800000| PB 0x0000000688800000| Untracked 
| 547|0x0000000688c00000, 0x0000000688c00000, 0x0000000689000000|  0%| F|  |TAMS 0x0000000688c00000| PB 0x0000000688c00000| Untracked 
| 548|0x0000000689000000, 0x0000000689000000, 0x0000000689400000|  0%| F|  |TAMS 0x0000000689000000| PB 0x0000000689000000| Untracked 
| 549|0x0000000689400000, 0x0000000689400000, 0x0000000689800000|  0%| F|  |TAMS 0x0000000689400000| PB 0x0000000689400000| Untracked 
| 550|0x0000000689800000, 0x0000000689800000, 0x0000000689c00000|  0%| F|  |TAMS 0x0000000689800000| PB 0x0000000689800000| Untracked 
| 551|0x0000000689c00000, 0x0000000689c00000, 0x000000068a000000|  0%| F|  |TAMS 0x0000000689c00000| PB 0x0000000689c00000| Untracked 
| 552|0x000000068a000000, 0x000000068a000000, 0x000000068a400000|  0%| F|  |TAMS 0x000000068a000000| PB 0x000000068a000000| Untracked 
| 553|0x000000068a400000, 0x000000068a400000, 0x000000068a800000|  0%| F|  |TAMS 0x000000068a400000| PB 0x000000068a400000| Untracked 
| 554|0x000000068a800000, 0x000000068a800000, 0x000000068ac00000|  0%| F|  |TAMS 0x000000068a800000| PB 0x000000068a800000| Untracked 
| 555|0x000000068ac00000, 0x000000068ac00000, 0x000000068b000000|  0%| F|  |TAMS 0x000000068ac00000| PB 0x000000068ac00000| Untracked 
| 556|0x000000068b000000, 0x000000068b000000, 0x000000068b400000|  0%| F|  |TAMS 0x000000068b000000| PB 0x000000068b000000| Untracked 
| 557|0x000000068b400000, 0x000000068b400000, 0x000000068b800000|  0%| F|  |TAMS 0x000000068b400000| PB 0x000000068b400000| Untracked 
| 558|0x000000068b800000, 0x000000068b800000, 0x000000068bc00000|  0%| F|  |TAMS 0x000000068b800000| PB 0x000000068b800000| Untracked 
| 559|0x000000068bc00000, 0x000000068bc00000, 0x000000068c000000|  0%| F|  |TAMS 0x000000068bc00000| PB 0x000000068bc00000| Untracked 
| 560|0x000000068c000000, 0x000000068c000000, 0x000000068c400000|  0%| F|  |TAMS 0x000000068c000000| PB 0x000000068c000000| Untracked 
| 561|0x000000068c400000, 0x000000068c400000, 0x000000068c800000|  0%| F|  |TAMS 0x000000068c400000| PB 0x000000068c400000| Untracked 
| 562|0x000000068c800000, 0x000000068c800000, 0x000000068cc00000|  0%| F|  |TAMS 0x000000068c800000| PB 0x000000068c800000| Untracked 
| 563|0x000000068cc00000, 0x000000068cc00000, 0x000000068d000000|  0%| F|  |TAMS 0x000000068cc00000| PB 0x000000068cc00000| Untracked 
| 564|0x000000068d000000, 0x000000068d000000, 0x000000068d400000|  0%| F|  |TAMS 0x000000068d000000| PB 0x000000068d000000| Untracked 
| 565|0x000000068d400000, 0x000000068d400000, 0x000000068d800000|  0%| F|  |TAMS 0x000000068d400000| PB 0x000000068d400000| Untracked 
| 566|0x000000068d800000, 0x000000068d800000, 0x000000068dc00000|  0%| F|  |TAMS 0x000000068d800000| PB 0x000000068d800000| Untracked 
| 567|0x000000068dc00000, 0x000000068dc00000, 0x000000068e000000|  0%| F|  |TAMS 0x000000068dc00000| PB 0x000000068dc00000| Untracked 
| 568|0x000000068e000000, 0x000000068e000000, 0x000000068e400000|  0%| F|  |TAMS 0x000000068e000000| PB 0x000000068e000000| Untracked 
| 569|0x000000068e400000, 0x000000068e400000, 0x000000068e800000|  0%| F|  |TAMS 0x000000068e400000| PB 0x000000068e400000| Untracked 
| 570|0x000000068e800000, 0x000000068e800000, 0x000000068ec00000|  0%| F|  |TAMS 0x000000068e800000| PB 0x000000068e800000| Untracked 
| 571|0x000000068ec00000, 0x000000068ec00000, 0x000000068f000000|  0%| F|  |TAMS 0x000000068ec00000| PB 0x000000068ec00000| Untracked 
| 572|0x000000068f000000, 0x000000068f000000, 0x000000068f400000|  0%| F|  |TAMS 0x000000068f000000| PB 0x000000068f000000| Untracked 
| 573|0x000000068f400000, 0x000000068f400000, 0x000000068f800000|  0%| F|  |TAMS 0x000000068f400000| PB 0x000000068f400000| Untracked 
| 574|0x000000068f800000, 0x000000068f800000, 0x000000068fc00000|  0%| F|  |TAMS 0x000000068f800000| PB 0x000000068f800000| Untracked 
| 575|0x000000068fc00000, 0x000000068fc00000, 0x0000000690000000|  0%| F|  |TAMS 0x000000068fc00000| PB 0x000000068fc00000| Untracked 
| 576|0x0000000690000000, 0x0000000690000000, 0x0000000690400000|  0%| F|  |TAMS 0x0000000690000000| PB 0x0000000690000000| Untracked 
| 577|0x0000000690400000, 0x0000000690400000, 0x0000000690800000|  0%| F|  |TAMS 0x0000000690400000| PB 0x0000000690400000| Untracked 
| 578|0x0000000690800000, 0x0000000690800000, 0x0000000690c00000|  0%| F|  |TAMS 0x0000000690800000| PB 0x0000000690800000| Untracked 
| 579|0x0000000690c00000, 0x0000000690c00000, 0x0000000691000000|  0%| F|  |TAMS 0x0000000690c00000| PB 0x0000000690c00000| Untracked 
| 580|0x0000000691000000, 0x0000000691000000, 0x0000000691400000|  0%| F|  |TAMS 0x0000000691000000| PB 0x0000000691000000| Untracked 
| 581|0x0000000691400000, 0x0000000691400000, 0x0000000691800000|  0%| F|  |TAMS 0x0000000691400000| PB 0x0000000691400000| Untracked 
| 582|0x0000000691800000, 0x0000000691800000, 0x0000000691c00000|  0%| F|  |TAMS 0x0000000691800000| PB 0x0000000691800000| Untracked 
| 583|0x0000000691c00000, 0x0000000691c00000, 0x0000000692000000|  0%| F|  |TAMS 0x0000000691c00000| PB 0x0000000691c00000| Untracked 
| 584|0x0000000692000000, 0x0000000692000000, 0x0000000692400000|  0%| F|  |TAMS 0x0000000692000000| PB 0x0000000692000000| Untracked 
| 585|0x0000000692400000, 0x0000000692400000, 0x0000000692800000|  0%| F|  |TAMS 0x0000000692400000| PB 0x0000000692400000| Untracked 
| 586|0x0000000692800000, 0x0000000692800000, 0x0000000692c00000|  0%| F|  |TAMS 0x0000000692800000| PB 0x0000000692800000| Untracked 
| 587|0x0000000692c00000, 0x0000000692c00000, 0x0000000693000000|  0%| F|  |TAMS 0x0000000692c00000| PB 0x0000000692c00000| Untracked 
| 588|0x0000000693000000, 0x0000000693000000, 0x0000000693400000|  0%| F|  |TAMS 0x0000000693000000| PB 0x0000000693000000| Untracked 
| 589|0x0000000693400000, 0x0000000693400000, 0x0000000693800000|  0%| F|  |TAMS 0x0000000693400000| PB 0x0000000693400000| Untracked 
| 590|0x0000000693800000, 0x0000000693800000, 0x0000000693c00000|  0%| F|  |TAMS 0x0000000693800000| PB 0x0000000693800000| Untracked 
| 591|0x0000000693c00000, 0x0000000693c00000, 0x0000000694000000|  0%| F|  |TAMS 0x0000000693c00000| PB 0x0000000693c00000| Untracked 
| 592|0x0000000694000000, 0x0000000694000000, 0x0000000694400000|  0%| F|  |TAMS 0x0000000694000000| PB 0x0000000694000000| Untracked 
| 593|0x0000000694400000, 0x0000000694400000, 0x0000000694800000|  0%| F|  |TAMS 0x0000000694400000| PB 0x0000000694400000| Untracked 
| 594|0x0000000694800000, 0x0000000694800000, 0x0000000694c00000|  0%| F|  |TAMS 0x0000000694800000| PB 0x0000000694800000| Untracked 
| 595|0x0000000694c00000, 0x0000000694c00000, 0x0000000695000000|  0%| F|  |TAMS 0x0000000694c00000| PB 0x0000000694c00000| Untracked 
| 596|0x0000000695000000, 0x0000000695000000, 0x0000000695400000|  0%| F|  |TAMS 0x0000000695000000| PB 0x0000000695000000| Untracked 
| 597|0x0000000695400000, 0x0000000695400000, 0x0000000695800000|  0%| F|  |TAMS 0x0000000695400000| PB 0x0000000695400000| Untracked 
| 598|0x0000000695800000, 0x0000000695800000, 0x0000000695c00000|  0%| F|  |TAMS 0x0000000695800000| PB 0x0000000695800000| Untracked 
| 599|0x0000000695c00000, 0x0000000695c00000, 0x0000000696000000|  0%| F|  |TAMS 0x0000000695c00000| PB 0x0000000695c00000| Untracked 
| 600|0x0000000696000000, 0x0000000696000000, 0x0000000696400000|  0%| F|  |TAMS 0x0000000696000000| PB 0x0000000696000000| Untracked 
| 601|0x0000000696400000, 0x0000000696400000, 0x0000000696800000|  0%| F|  |TAMS 0x0000000696400000| PB 0x0000000696400000| Untracked 
| 602|0x0000000696800000, 0x0000000696800000, 0x0000000696c00000|  0%| F|  |TAMS 0x0000000696800000| PB 0x0000000696800000| Untracked 
| 603|0x0000000696c00000, 0x0000000696c00000, 0x0000000697000000|  0%| F|  |TAMS 0x0000000696c00000| PB 0x0000000696c00000| Untracked 
| 604|0x0000000697000000, 0x0000000697000000, 0x0000000697400000|  0%| F|  |TAMS 0x0000000697000000| PB 0x0000000697000000| Untracked 
| 605|0x0000000697400000, 0x0000000697400000, 0x0000000697800000|  0%| F|  |TAMS 0x0000000697400000| PB 0x0000000697400000| Untracked 
| 606|0x0000000697800000, 0x0000000697800000, 0x0000000697c00000|  0%| F|  |TAMS 0x0000000697800000| PB 0x0000000697800000| Untracked 
| 607|0x0000000697c00000, 0x0000000697c00000, 0x0000000698000000|  0%| F|  |TAMS 0x0000000697c00000| PB 0x0000000697c00000| Untracked 
| 608|0x0000000698000000, 0x0000000698000000, 0x0000000698400000|  0%| F|  |TAMS 0x0000000698000000| PB 0x0000000698000000| Untracked 
| 609|0x0000000698400000, 0x0000000698400000, 0x0000000698800000|  0%| F|  |TAMS 0x0000000698400000| PB 0x0000000698400000| Untracked 
| 610|0x0000000698800000, 0x0000000698800000, 0x0000000698c00000|  0%| F|  |TAMS 0x0000000698800000| PB 0x0000000698800000| Untracked 
| 611|0x0000000698c00000, 0x0000000698c00000, 0x0000000699000000|  0%| F|  |TAMS 0x0000000698c00000| PB 0x0000000698c00000| Untracked 
| 612|0x0000000699000000, 0x0000000699000000, 0x0000000699400000|  0%| F|  |TAMS 0x0000000699000000| PB 0x0000000699000000| Untracked 
| 613|0x0000000699400000, 0x0000000699400000, 0x0000000699800000|  0%| F|  |TAMS 0x0000000699400000| PB 0x0000000699400000| Untracked 
| 614|0x0000000699800000, 0x0000000699800000, 0x0000000699c00000|  0%| F|  |TAMS 0x0000000699800000| PB 0x0000000699800000| Untracked 
| 615|0x0000000699c00000, 0x0000000699c00000, 0x000000069a000000|  0%| F|  |TAMS 0x0000000699c00000| PB 0x0000000699c00000| Untracked 
| 616|0x000000069a000000, 0x000000069a000000, 0x000000069a400000|  0%| F|  |TAMS 0x000000069a000000| PB 0x000000069a000000| Untracked 
| 617|0x000000069a400000, 0x000000069a400000, 0x000000069a800000|  0%| F|  |TAMS 0x000000069a400000| PB 0x000000069a400000| Untracked 
| 618|0x000000069a800000, 0x000000069a800000, 0x000000069ac00000|  0%| F|  |TAMS 0x000000069a800000| PB 0x000000069a800000| Untracked 
| 619|0x000000069ac00000, 0x000000069ac00000, 0x000000069b000000|  0%| F|  |TAMS 0x000000069ac00000| PB 0x000000069ac00000| Untracked 
| 620|0x000000069b000000, 0x000000069b000000, 0x000000069b400000|  0%| F|  |TAMS 0x000000069b000000| PB 0x000000069b000000| Untracked 
| 621|0x000000069b400000, 0x000000069b400000, 0x000000069b800000|  0%| F|  |TAMS 0x000000069b400000| PB 0x000000069b400000| Untracked 
| 622|0x000000069b800000, 0x000000069b800000, 0x000000069bc00000|  0%| F|  |TAMS 0x000000069b800000| PB 0x000000069b800000| Untracked 
| 623|0x000000069bc00000, 0x000000069bc00000, 0x000000069c000000|  0%| F|  |TAMS 0x000000069bc00000| PB 0x000000069bc00000| Untracked 
| 624|0x000000069c000000, 0x000000069c000000, 0x000000069c400000|  0%| F|  |TAMS 0x000000069c000000| PB 0x000000069c000000| Untracked 
| 625|0x000000069c400000, 0x000000069c400000, 0x000000069c800000|  0%| F|  |TAMS 0x000000069c400000| PB 0x000000069c400000| Untracked 
| 626|0x000000069c800000, 0x000000069c800000, 0x000000069cc00000|  0%| F|  |TAMS 0x000000069c800000| PB 0x000000069c800000| Untracked 
| 627|0x000000069cc00000, 0x000000069cc00000, 0x000000069d000000|  0%| F|  |TAMS 0x000000069cc00000| PB 0x000000069cc00000| Untracked 
| 628|0x000000069d000000, 0x000000069d000000, 0x000000069d400000|  0%| F|  |TAMS 0x000000069d000000| PB 0x000000069d000000| Untracked 
| 629|0x000000069d400000, 0x000000069d400000, 0x000000069d800000|  0%| F|  |TAMS 0x000000069d400000| PB 0x000000069d400000| Untracked 
| 630|0x000000069d800000, 0x000000069d800000, 0x000000069dc00000|  0%| F|  |TAMS 0x000000069d800000| PB 0x000000069d800000| Untracked 
| 631|0x000000069dc00000, 0x000000069dc00000, 0x000000069e000000|  0%| F|  |TAMS 0x000000069dc00000| PB 0x000000069dc00000| Untracked 
| 632|0x000000069e000000, 0x000000069e000000, 0x000000069e400000|  0%| F|  |TAMS 0x000000069e000000| PB 0x000000069e000000| Untracked 
| 633|0x000000069e400000, 0x000000069e400000, 0x000000069e800000|  0%| F|  |TAMS 0x000000069e400000| PB 0x000000069e400000| Untracked 
| 634|0x000000069e800000, 0x000000069e800000, 0x000000069ec00000|  0%| F|  |TAMS 0x000000069e800000| PB 0x000000069e800000| Untracked 
| 635|0x000000069ec00000, 0x000000069ec00000, 0x000000069f000000|  0%| F|  |TAMS 0x000000069ec00000| PB 0x000000069ec00000| Untracked 
| 636|0x000000069f000000, 0x000000069f000000, 0x000000069f400000|  0%| F|  |TAMS 0x000000069f000000| PB 0x000000069f000000| Untracked 
| 637|0x000000069f400000, 0x000000069f400000, 0x000000069f800000|  0%| F|  |TAMS 0x000000069f400000| PB 0x000000069f400000| Untracked 
| 638|0x000000069f800000, 0x000000069f800000, 0x000000069fc00000|  0%| F|  |TAMS 0x000000069f800000| PB 0x000000069f800000| Untracked 
| 639|0x000000069fc00000, 0x000000069fc00000, 0x00000006a0000000|  0%| F|  |TAMS 0x000000069fc00000| PB 0x000000069fc00000| Untracked 
| 640|0x00000006a0000000, 0x00000006a0000000, 0x00000006a0400000|  0%| F|  |TAMS 0x00000006a0000000| PB 0x00000006a0000000| Untracked 
| 641|0x00000006a0400000, 0x00000006a0400000, 0x00000006a0800000|  0%| F|  |TAMS 0x00000006a0400000| PB 0x00000006a0400000| Untracked 
| 642|0x00000006a0800000, 0x00000006a0800000, 0x00000006a0c00000|  0%| F|  |TAMS 0x00000006a0800000| PB 0x00000006a0800000| Untracked 
| 643|0x00000006a0c00000, 0x00000006a0c00000, 0x00000006a1000000|  0%| F|  |TAMS 0x00000006a0c00000| PB 0x00000006a0c00000| Untracked 
| 644|0x00000006a1000000, 0x00000006a1000000, 0x00000006a1400000|  0%| F|  |TAMS 0x00000006a1000000| PB 0x00000006a1000000| Untracked 
| 645|0x00000006a1400000, 0x00000006a1400000, 0x00000006a1800000|  0%| F|  |TAMS 0x00000006a1400000| PB 0x00000006a1400000| Untracked 
| 646|0x00000006a1800000, 0x00000006a1800000, 0x00000006a1c00000|  0%| F|  |TAMS 0x00000006a1800000| PB 0x00000006a1800000| Untracked 
| 647|0x00000006a1c00000, 0x00000006a1c00000, 0x00000006a2000000|  0%| F|  |TAMS 0x00000006a1c00000| PB 0x00000006a1c00000| Untracked 
| 648|0x00000006a2000000, 0x00000006a2000000, 0x00000006a2400000|  0%| F|  |TAMS 0x00000006a2000000| PB 0x00000006a2000000| Untracked 
| 649|0x00000006a2400000, 0x00000006a2400000, 0x00000006a2800000|  0%| F|  |TAMS 0x00000006a2400000| PB 0x00000006a2400000| Untracked 
| 650|0x00000006a2800000, 0x00000006a2800000, 0x00000006a2c00000|  0%| F|  |TAMS 0x00000006a2800000| PB 0x00000006a2800000| Untracked 
| 651|0x00000006a2c00000, 0x00000006a2c00000, 0x00000006a3000000|  0%| F|  |TAMS 0x00000006a2c00000| PB 0x00000006a2c00000| Untracked 
| 652|0x00000006a3000000, 0x00000006a3000000, 0x00000006a3400000|  0%| F|  |TAMS 0x00000006a3000000| PB 0x00000006a3000000| Untracked 
| 653|0x00000006a3400000, 0x00000006a3400000, 0x00000006a3800000|  0%| F|  |TAMS 0x00000006a3400000| PB 0x00000006a3400000| Untracked 
| 654|0x00000006a3800000, 0x00000006a3800000, 0x00000006a3c00000|  0%| F|  |TAMS 0x00000006a3800000| PB 0x00000006a3800000| Untracked 
| 655|0x00000006a3c00000, 0x00000006a3c00000, 0x00000006a4000000|  0%| F|  |TAMS 0x00000006a3c00000| PB 0x00000006a3c00000| Untracked 
| 656|0x00000006a4000000, 0x00000006a4000000, 0x00000006a4400000|  0%| F|  |TAMS 0x00000006a4000000| PB 0x00000006a4000000| Untracked 
| 657|0x00000006a4400000, 0x00000006a4400000, 0x00000006a4800000|  0%| F|  |TAMS 0x00000006a4400000| PB 0x00000006a4400000| Untracked 
| 658|0x00000006a4800000, 0x00000006a4800000, 0x00000006a4c00000|  0%| F|  |TAMS 0x00000006a4800000| PB 0x00000006a4800000| Untracked 
| 659|0x00000006a4c00000, 0x00000006a4c00000, 0x00000006a5000000|  0%| F|  |TAMS 0x00000006a4c00000| PB 0x00000006a4c00000| Untracked 
| 660|0x00000006a5000000, 0x00000006a5000000, 0x00000006a5400000|  0%| F|  |TAMS 0x00000006a5000000| PB 0x00000006a5000000| Untracked 
| 661|0x00000006a5400000, 0x00000006a5400000, 0x00000006a5800000|  0%| F|  |TAMS 0x00000006a5400000| PB 0x00000006a5400000| Untracked 
| 662|0x00000006a5800000, 0x00000006a5800000, 0x00000006a5c00000|  0%| F|  |TAMS 0x00000006a5800000| PB 0x00000006a5800000| Untracked 
| 663|0x00000006a5c00000, 0x00000006a5c00000, 0x00000006a6000000|  0%| F|  |TAMS 0x00000006a5c00000| PB 0x00000006a5c00000| Untracked 
| 664|0x00000006a6000000, 0x00000006a6000000, 0x00000006a6400000|  0%| F|  |TAMS 0x00000006a6000000| PB 0x00000006a6000000| Untracked 
| 665|0x00000006a6400000, 0x00000006a6400000, 0x00000006a6800000|  0%| F|  |TAMS 0x00000006a6400000| PB 0x00000006a6400000| Untracked 
| 666|0x00000006a6800000, 0x00000006a6800000, 0x00000006a6c00000|  0%| F|  |TAMS 0x00000006a6800000| PB 0x00000006a6800000| Untracked 
| 667|0x00000006a6c00000, 0x00000006a6c00000, 0x00000006a7000000|  0%| F|  |TAMS 0x00000006a6c00000| PB 0x00000006a6c00000| Untracked 
| 668|0x00000006a7000000, 0x00000006a7000000, 0x00000006a7400000|  0%| F|  |TAMS 0x00000006a7000000| PB 0x00000006a7000000| Untracked 
| 669|0x00000006a7400000, 0x00000006a7400000, 0x00000006a7800000|  0%| F|  |TAMS 0x00000006a7400000| PB 0x00000006a7400000| Untracked 
| 670|0x00000006a7800000, 0x00000006a7800000, 0x00000006a7c00000|  0%| F|  |TAMS 0x00000006a7800000| PB 0x00000006a7800000| Untracked 
| 671|0x00000006a7c00000, 0x00000006a7c00000, 0x00000006a8000000|  0%| F|  |TAMS 0x00000006a7c00000| PB 0x00000006a7c00000| Untracked 
| 672|0x00000006a8000000, 0x00000006a8000000, 0x00000006a8400000|  0%| F|  |TAMS 0x00000006a8000000| PB 0x00000006a8000000| Untracked 
| 673|0x00000006a8400000, 0x00000006a8400000, 0x00000006a8800000|  0%| F|  |TAMS 0x00000006a8400000| PB 0x00000006a8400000| Untracked 
| 674|0x00000006a8800000, 0x00000006a8800000, 0x00000006a8c00000|  0%| F|  |TAMS 0x00000006a8800000| PB 0x00000006a8800000| Untracked 
| 675|0x00000006a8c00000, 0x00000006a8c00000, 0x00000006a9000000|  0%| F|  |TAMS 0x00000006a8c00000| PB 0x00000006a8c00000| Untracked 
| 676|0x00000006a9000000, 0x00000006a9000000, 0x00000006a9400000|  0%| F|  |TAMS 0x00000006a9000000| PB 0x00000006a9000000| Untracked 
| 677|0x00000006a9400000, 0x00000006a9400000, 0x00000006a9800000|  0%| F|  |TAMS 0x00000006a9400000| PB 0x00000006a9400000| Untracked 
| 678|0x00000006a9800000, 0x00000006a9800000, 0x00000006a9c00000|  0%| F|  |TAMS 0x00000006a9800000| PB 0x00000006a9800000| Untracked 
| 679|0x00000006a9c00000, 0x00000006a9c00000, 0x00000006aa000000|  0%| F|  |TAMS 0x00000006a9c00000| PB 0x00000006a9c00000| Untracked 
| 680|0x00000006aa000000, 0x00000006aa000000, 0x00000006aa400000|  0%| F|  |TAMS 0x00000006aa000000| PB 0x00000006aa000000| Untracked 
| 681|0x00000006aa400000, 0x00000006aa400000, 0x00000006aa800000|  0%| F|  |TAMS 0x00000006aa400000| PB 0x00000006aa400000| Untracked 
| 682|0x00000006aa800000, 0x00000006aa800000, 0x00000006aac00000|  0%| F|  |TAMS 0x00000006aa800000| PB 0x00000006aa800000| Untracked 
| 683|0x00000006aac00000, 0x00000006aac00000, 0x00000006ab000000|  0%| F|  |TAMS 0x00000006aac00000| PB 0x00000006aac00000| Untracked 
| 684|0x00000006ab000000, 0x00000006ab000000, 0x00000006ab400000|  0%| F|  |TAMS 0x00000006ab000000| PB 0x00000006ab000000| Untracked 
| 685|0x00000006ab400000, 0x00000006ab400000, 0x00000006ab800000|  0%| F|  |TAMS 0x00000006ab400000| PB 0x00000006ab400000| Untracked 
| 686|0x00000006ab800000, 0x00000006ab800000, 0x00000006abc00000|  0%| F|  |TAMS 0x00000006ab800000| PB 0x00000006ab800000| Untracked 
| 687|0x00000006abc00000, 0x00000006abc00000, 0x00000006ac000000|  0%| F|  |TAMS 0x00000006abc00000| PB 0x00000006abc00000| Untracked 
| 688|0x00000006ac000000, 0x00000006ac000000, 0x00000006ac400000|  0%| F|  |TAMS 0x00000006ac000000| PB 0x00000006ac000000| Untracked 
| 689|0x00000006ac400000, 0x00000006ac400000, 0x00000006ac800000|  0%| F|  |TAMS 0x00000006ac400000| PB 0x00000006ac400000| Untracked 
| 690|0x00000006ac800000, 0x00000006ac800000, 0x00000006acc00000|  0%| F|  |TAMS 0x00000006ac800000| PB 0x00000006ac800000| Untracked 
| 691|0x00000006acc00000, 0x00000006acc00000, 0x00000006ad000000|  0%| F|  |TAMS 0x00000006acc00000| PB 0x00000006acc00000| Untracked 
| 692|0x00000006ad000000, 0x00000006ad000000, 0x00000006ad400000|  0%| F|  |TAMS 0x00000006ad000000| PB 0x00000006ad000000| Untracked 
| 693|0x00000006ad400000, 0x00000006ad400000, 0x00000006ad800000|  0%| F|  |TAMS 0x00000006ad400000| PB 0x00000006ad400000| Untracked 
| 694|0x00000006ad800000, 0x00000006ad800000, 0x00000006adc00000|  0%| F|  |TAMS 0x00000006ad800000| PB 0x00000006ad800000| Untracked 
| 695|0x00000006adc00000, 0x00000006adc00000, 0x00000006ae000000|  0%| F|  |TAMS 0x00000006adc00000| PB 0x00000006adc00000| Untracked 
| 696|0x00000006ae000000, 0x00000006ae000000, 0x00000006ae400000|  0%| F|  |TAMS 0x00000006ae000000| PB 0x00000006ae000000| Untracked 
| 697|0x00000006ae400000, 0x00000006ae400000, 0x00000006ae800000|  0%| F|  |TAMS 0x00000006ae400000| PB 0x00000006ae400000| Untracked 
| 698|0x00000006ae800000, 0x00000006ae800000, 0x00000006aec00000|  0%| F|  |TAMS 0x00000006ae800000| PB 0x00000006ae800000| Untracked 
| 699|0x00000006aec00000, 0x00000006aec00000, 0x00000006af000000|  0%| F|  |TAMS 0x00000006aec00000| PB 0x00000006aec00000| Untracked 
| 700|0x00000006af000000, 0x00000006af000000, 0x00000006af400000|  0%| F|  |TAMS 0x00000006af000000| PB 0x00000006af000000| Untracked 
| 701|0x00000006af400000, 0x00000006af400000, 0x00000006af800000|  0%| F|  |TAMS 0x00000006af400000| PB 0x00000006af400000| Untracked 
| 702|0x00000006af800000, 0x00000006af800000, 0x00000006afc00000|  0%| F|  |TAMS 0x00000006af800000| PB 0x00000006af800000| Untracked 
| 703|0x00000006afc00000, 0x00000006afc00000, 0x00000006b0000000|  0%| F|  |TAMS 0x00000006afc00000| PB 0x00000006afc00000| Untracked 
| 704|0x00000006b0000000, 0x00000006b0000000, 0x00000006b0400000|  0%| F|  |TAMS 0x00000006b0000000| PB 0x00000006b0000000| Untracked 
| 705|0x00000006b0400000, 0x00000006b0400000, 0x00000006b0800000|  0%| F|  |TAMS 0x00000006b0400000| PB 0x00000006b0400000| Untracked 
| 706|0x00000006b0800000, 0x00000006b0800000, 0x00000006b0c00000|  0%| F|  |TAMS 0x00000006b0800000| PB 0x00000006b0800000| Untracked 
| 707|0x00000006b0c00000, 0x00000006b0c00000, 0x00000006b1000000|  0%| F|  |TAMS 0x00000006b0c00000| PB 0x00000006b0c00000| Untracked 
| 708|0x00000006b1000000, 0x00000006b1000000, 0x00000006b1400000|  0%| F|  |TAMS 0x00000006b1000000| PB 0x00000006b1000000| Untracked 
| 709|0x00000006b1400000, 0x00000006b1400000, 0x00000006b1800000|  0%| F|  |TAMS 0x00000006b1400000| PB 0x00000006b1400000| Untracked 
| 710|0x00000006b1800000, 0x00000006b1800000, 0x00000006b1c00000|  0%| F|  |TAMS 0x00000006b1800000| PB 0x00000006b1800000| Untracked 
| 711|0x00000006b1c00000, 0x00000006b1c00000, 0x00000006b2000000|  0%| F|  |TAMS 0x00000006b1c00000| PB 0x00000006b1c00000| Untracked 
| 712|0x00000006b2000000, 0x00000006b2000000, 0x00000006b2400000|  0%| F|  |TAMS 0x00000006b2000000| PB 0x00000006b2000000| Untracked 
| 713|0x00000006b2400000, 0x00000006b2400000, 0x00000006b2800000|  0%| F|  |TAMS 0x00000006b2400000| PB 0x00000006b2400000| Untracked 
| 714|0x00000006b2800000, 0x00000006b2800000, 0x00000006b2c00000|  0%| F|  |TAMS 0x00000006b2800000| PB 0x00000006b2800000| Untracked 
| 715|0x00000006b2c00000, 0x00000006b2c00000, 0x00000006b3000000|  0%| F|  |TAMS 0x00000006b2c00000| PB 0x00000006b2c00000| Untracked 
| 716|0x00000006b3000000, 0x00000006b3000000, 0x00000006b3400000|  0%| F|  |TAMS 0x00000006b3000000| PB 0x00000006b3000000| Untracked 
| 717|0x00000006b3400000, 0x00000006b3400000, 0x00000006b3800000|  0%| F|  |TAMS 0x00000006b3400000| PB 0x00000006b3400000| Untracked 
| 718|0x00000006b3800000, 0x00000006b3800000, 0x00000006b3c00000|  0%| F|  |TAMS 0x00000006b3800000| PB 0x00000006b3800000| Untracked 
| 719|0x00000006b3c00000, 0x00000006b3c00000, 0x00000006b4000000|  0%| F|  |TAMS 0x00000006b3c00000| PB 0x00000006b3c00000| Untracked 
| 720|0x00000006b4000000, 0x00000006b4000000, 0x00000006b4400000|  0%| F|  |TAMS 0x00000006b4000000| PB 0x00000006b4000000| Untracked 
| 721|0x00000006b4400000, 0x00000006b4400000, 0x00000006b4800000|  0%| F|  |TAMS 0x00000006b4400000| PB 0x00000006b4400000| Untracked 
| 722|0x00000006b4800000, 0x00000006b4800000, 0x00000006b4c00000|  0%| F|  |TAMS 0x00000006b4800000| PB 0x00000006b4800000| Untracked 
| 723|0x00000006b4c00000, 0x00000006b4c00000, 0x00000006b5000000|  0%| F|  |TAMS 0x00000006b4c00000| PB 0x00000006b4c00000| Untracked 
| 724|0x00000006b5000000, 0x00000006b5000000, 0x00000006b5400000|  0%| F|  |TAMS 0x00000006b5000000| PB 0x00000006b5000000| Untracked 
| 725|0x00000006b5400000, 0x00000006b5400000, 0x00000006b5800000|  0%| F|  |TAMS 0x00000006b5400000| PB 0x00000006b5400000| Untracked 
| 726|0x00000006b5800000, 0x00000006b5800000, 0x00000006b5c00000|  0%| F|  |TAMS 0x00000006b5800000| PB 0x00000006b5800000| Untracked 
| 727|0x00000006b5c00000, 0x00000006b5c00000, 0x00000006b6000000|  0%| F|  |TAMS 0x00000006b5c00000| PB 0x00000006b5c00000| Untracked 
| 728|0x00000006b6000000, 0x00000006b6000000, 0x00000006b6400000|  0%| F|  |TAMS 0x00000006b6000000| PB 0x00000006b6000000| Untracked 
| 729|0x00000006b6400000, 0x00000006b6400000, 0x00000006b6800000|  0%| F|  |TAMS 0x00000006b6400000| PB 0x00000006b6400000| Untracked 
| 730|0x00000006b6800000, 0x00000006b6800000, 0x00000006b6c00000|  0%| F|  |TAMS 0x00000006b6800000| PB 0x00000006b6800000| Untracked 
| 731|0x00000006b6c00000, 0x00000006b6c00000, 0x00000006b7000000|  0%| F|  |TAMS 0x00000006b6c00000| PB 0x00000006b6c00000| Untracked 
| 732|0x00000006b7000000, 0x00000006b7000000, 0x00000006b7400000|  0%| F|  |TAMS 0x00000006b7000000| PB 0x00000006b7000000| Untracked 
| 733|0x00000006b7400000, 0x00000006b7400000, 0x00000006b7800000|  0%| F|  |TAMS 0x00000006b7400000| PB 0x00000006b7400000| Untracked 
| 734|0x00000006b7800000, 0x00000006b7800000, 0x00000006b7c00000|  0%| F|  |TAMS 0x00000006b7800000| PB 0x00000006b7800000| Untracked 
| 735|0x00000006b7c00000, 0x00000006b7c00000, 0x00000006b8000000|  0%| F|  |TAMS 0x00000006b7c00000| PB 0x00000006b7c00000| Untracked 
| 736|0x00000006b8000000, 0x00000006b8000000, 0x00000006b8400000|  0%| F|  |TAMS 0x00000006b8000000| PB 0x00000006b8000000| Untracked 
| 737|0x00000006b8400000, 0x00000006b8400000, 0x00000006b8800000|  0%| F|  |TAMS 0x00000006b8400000| PB 0x00000006b8400000| Untracked 
| 738|0x00000006b8800000, 0x00000006b8800000, 0x00000006b8c00000|  0%| F|  |TAMS 0x00000006b8800000| PB 0x00000006b8800000| Untracked 
| 739|0x00000006b8c00000, 0x00000006b8c00000, 0x00000006b9000000|  0%| F|  |TAMS 0x00000006b8c00000| PB 0x00000006b8c00000| Untracked 
| 740|0x00000006b9000000, 0x00000006b9000000, 0x00000006b9400000|  0%| F|  |TAMS 0x00000006b9000000| PB 0x00000006b9000000| Untracked 
| 741|0x00000006b9400000, 0x00000006b9400000, 0x00000006b9800000|  0%| F|  |TAMS 0x00000006b9400000| PB 0x00000006b9400000| Untracked 
| 742|0x00000006b9800000, 0x00000006b9800000, 0x00000006b9c00000|  0%| F|  |TAMS 0x00000006b9800000| PB 0x00000006b9800000| Untracked 
| 743|0x00000006b9c00000, 0x00000006b9c00000, 0x00000006ba000000|  0%| F|  |TAMS 0x00000006b9c00000| PB 0x00000006b9c00000| Untracked 
| 744|0x00000006ba000000, 0x00000006ba000000, 0x00000006ba400000|  0%| F|  |TAMS 0x00000006ba000000| PB 0x00000006ba000000| Untracked 
| 745|0x00000006ba400000, 0x00000006ba400000, 0x00000006ba800000|  0%| F|  |TAMS 0x00000006ba400000| PB 0x00000006ba400000| Untracked 
| 746|0x00000006ba800000, 0x00000006ba800000, 0x00000006bac00000|  0%| F|  |TAMS 0x00000006ba800000| PB 0x00000006ba800000| Untracked 
| 747|0x00000006bac00000, 0x00000006bac00000, 0x00000006bb000000|  0%| F|  |TAMS 0x00000006bac00000| PB 0x00000006bac00000| Untracked 
| 748|0x00000006bb000000, 0x00000006bb000000, 0x00000006bb400000|  0%| F|  |TAMS 0x00000006bb000000| PB 0x00000006bb000000| Untracked 
| 749|0x00000006bb400000, 0x00000006bb400000, 0x00000006bb800000|  0%| F|  |TAMS 0x00000006bb400000| PB 0x00000006bb400000| Untracked 
| 750|0x00000006bb800000, 0x00000006bb800000, 0x00000006bbc00000|  0%| F|  |TAMS 0x00000006bb800000| PB 0x00000006bb800000| Untracked 
| 751|0x00000006bbc00000, 0x00000006bbc00000, 0x00000006bc000000|  0%| F|  |TAMS 0x00000006bbc00000| PB 0x00000006bbc00000| Untracked 
| 752|0x00000006bc000000, 0x00000006bc000000, 0x00000006bc400000|  0%| F|  |TAMS 0x00000006bc000000| PB 0x00000006bc000000| Untracked 
| 753|0x00000006bc400000, 0x00000006bc400000, 0x00000006bc800000|  0%| F|  |TAMS 0x00000006bc400000| PB 0x00000006bc400000| Untracked 
| 754|0x00000006bc800000, 0x00000006bc800000, 0x00000006bcc00000|  0%| F|  |TAMS 0x00000006bc800000| PB 0x00000006bc800000| Untracked 
| 755|0x00000006bcc00000, 0x00000006bcc00000, 0x00000006bd000000|  0%| F|  |TAMS 0x00000006bcc00000| PB 0x00000006bcc00000| Untracked 
| 756|0x00000006bd000000, 0x00000006bd000000, 0x00000006bd400000|  0%| F|  |TAMS 0x00000006bd000000| PB 0x00000006bd000000| Untracked 
| 757|0x00000006bd400000, 0x00000006bd400000, 0x00000006bd800000|  0%| F|  |TAMS 0x00000006bd400000| PB 0x00000006bd400000| Untracked 
| 758|0x00000006bd800000, 0x00000006bd800000, 0x00000006bdc00000|  0%| F|  |TAMS 0x00000006bd800000| PB 0x00000006bd800000| Untracked 
| 759|0x00000006bdc00000, 0x00000006bdc00000, 0x00000006be000000|  0%| F|  |TAMS 0x00000006bdc00000| PB 0x00000006bdc00000| Untracked 
| 760|0x00000006be000000, 0x00000006be000000, 0x00000006be400000|  0%| F|  |TAMS 0x00000006be000000| PB 0x00000006be000000| Untracked 
| 761|0x00000006be400000, 0x00000006be400000, 0x00000006be800000|  0%| F|  |TAMS 0x00000006be400000| PB 0x00000006be400000| Untracked 
| 762|0x00000006be800000, 0x00000006be800000, 0x00000006bec00000|  0%| F|  |TAMS 0x00000006be800000| PB 0x00000006be800000| Untracked 
| 763|0x00000006bec00000, 0x00000006bec00000, 0x00000006bf000000|  0%| F|  |TAMS 0x00000006bec00000| PB 0x00000006bec00000| Untracked 
| 764|0x00000006bf000000, 0x00000006bf000000, 0x00000006bf400000|  0%| F|  |TAMS 0x00000006bf000000| PB 0x00000006bf000000| Untracked 
| 765|0x00000006bf400000, 0x00000006bf400000, 0x00000006bf800000|  0%| F|  |TAMS 0x00000006bf400000| PB 0x00000006bf400000| Untracked 
| 766|0x00000006bf800000, 0x00000006bf800000, 0x00000006bfc00000|  0%| F|  |TAMS 0x00000006bf800000| PB 0x00000006bf800000| Untracked 
| 767|0x00000006bfc00000, 0x00000006bfc00000, 0x00000006c0000000|  0%| F|  |TAMS 0x00000006bfc00000| PB 0x00000006bfc00000| Untracked 
| 768|0x00000006c0000000, 0x00000006c0000000, 0x00000006c0400000|  0%| F|  |TAMS 0x00000006c0000000| PB 0x00000006c0000000| Untracked 
| 769|0x00000006c0400000, 0x00000006c0400000, 0x00000006c0800000|  0%| F|  |TAMS 0x00000006c0400000| PB 0x00000006c0400000| Untracked 
| 770|0x00000006c0800000, 0x00000006c0800000, 0x00000006c0c00000|  0%| F|  |TAMS 0x00000006c0800000| PB 0x00000006c0800000| Untracked 
| 771|0x00000006c0c00000, 0x00000006c0c00000, 0x00000006c1000000|  0%| F|  |TAMS 0x00000006c0c00000| PB 0x00000006c0c00000| Untracked 
| 772|0x00000006c1000000, 0x00000006c1000000, 0x00000006c1400000|  0%| F|  |TAMS 0x00000006c1000000| PB 0x00000006c1000000| Untracked 
| 773|0x00000006c1400000, 0x00000006c1400000, 0x00000006c1800000|  0%| F|  |TAMS 0x00000006c1400000| PB 0x00000006c1400000| Untracked 
| 774|0x00000006c1800000, 0x00000006c1800000, 0x00000006c1c00000|  0%| F|  |TAMS 0x00000006c1800000| PB 0x00000006c1800000| Untracked 
| 775|0x00000006c1c00000, 0x00000006c1c00000, 0x00000006c2000000|  0%| F|  |TAMS 0x00000006c1c00000| PB 0x00000006c1c00000| Untracked 
| 776|0x00000006c2000000, 0x00000006c2000000, 0x00000006c2400000|  0%| F|  |TAMS 0x00000006c2000000| PB 0x00000006c2000000| Untracked 
| 777|0x00000006c2400000, 0x00000006c2400000, 0x00000006c2800000|  0%| F|  |TAMS 0x00000006c2400000| PB 0x00000006c2400000| Untracked 
| 778|0x00000006c2800000, 0x00000006c2800000, 0x00000006c2c00000|  0%| F|  |TAMS 0x00000006c2800000| PB 0x00000006c2800000| Untracked 
| 779|0x00000006c2c00000, 0x00000006c2c00000, 0x00000006c3000000|  0%| F|  |TAMS 0x00000006c2c00000| PB 0x00000006c2c00000| Untracked 
| 780|0x00000006c3000000, 0x00000006c3000000, 0x00000006c3400000|  0%| F|  |TAMS 0x00000006c3000000| PB 0x00000006c3000000| Untracked 
| 781|0x00000006c3400000, 0x00000006c3400000, 0x00000006c3800000|  0%| F|  |TAMS 0x00000006c3400000| PB 0x00000006c3400000| Untracked 
| 782|0x00000006c3800000, 0x00000006c3800000, 0x00000006c3c00000|  0%| F|  |TAMS 0x00000006c3800000| PB 0x00000006c3800000| Untracked 
| 783|0x00000006c3c00000, 0x00000006c3c00000, 0x00000006c4000000|  0%| F|  |TAMS 0x00000006c3c00000| PB 0x00000006c3c00000| Untracked 
| 784|0x00000006c4000000, 0x00000006c4335aa8, 0x00000006c4400000| 80%| S|CS|TAMS 0x00000006c4000000| PB 0x00000006c4000000| Complete 
| 785|0x00000006c4400000, 0x00000006c4800000, 0x00000006c4800000|100%| S|CS|TAMS 0x00000006c4400000| PB 0x00000006c4400000| Complete 
| 786|0x00000006c4800000, 0x00000006c4800000, 0x00000006c4c00000|  0%| F|  |TAMS 0x00000006c4800000| PB 0x00000006c4800000| Untracked 
| 787|0x00000006c4c00000, 0x00000006c4c00000, 0x00000006c5000000|  0%| F|  |TAMS 0x00000006c4c00000| PB 0x00000006c4c00000| Untracked 
| 788|0x00000006c5000000, 0x00000006c5000000, 0x00000006c5400000|  0%| F|  |TAMS 0x00000006c5000000| PB 0x00000006c5000000| Untracked 
| 789|0x00000006c5400000, 0x00000006c5400000, 0x00000006c5800000|  0%| F|  |TAMS 0x00000006c5400000| PB 0x00000006c5400000| Untracked 
| 790|0x00000006c5800000, 0x00000006c5800000, 0x00000006c5c00000|  0%| F|  |TAMS 0x00000006c5800000| PB 0x00000006c5800000| Untracked 
| 791|0x00000006c5c00000, 0x00000006c5c00000, 0x00000006c6000000|  0%| F|  |TAMS 0x00000006c5c00000| PB 0x00000006c5c00000| Untracked 
| 792|0x00000006c6000000, 0x00000006c6000000, 0x00000006c6400000|  0%| F|  |TAMS 0x00000006c6000000| PB 0x00000006c6000000| Untracked 
| 793|0x00000006c6400000, 0x00000006c6400000, 0x00000006c6800000|  0%| F|  |TAMS 0x00000006c6400000| PB 0x00000006c6400000| Untracked 
| 794|0x00000006c6800000, 0x00000006c6800000, 0x00000006c6c00000|  0%| F|  |TAMS 0x00000006c6800000| PB 0x00000006c6800000| Untracked 
| 795|0x00000006c6c00000, 0x00000006c6c00000, 0x00000006c7000000|  0%| F|  |TAMS 0x00000006c6c00000| PB 0x00000006c6c00000| Untracked 
| 796|0x00000006c7000000, 0x00000006c7000000, 0x00000006c7400000|  0%| F|  |TAMS 0x00000006c7000000| PB 0x00000006c7000000| Untracked 
| 797|0x00000006c7400000, 0x00000006c7400000, 0x00000006c7800000|  0%| F|  |TAMS 0x00000006c7400000| PB 0x00000006c7400000| Untracked 
| 798|0x00000006c7800000, 0x00000006c7800000, 0x00000006c7c00000|  0%| F|  |TAMS 0x00000006c7800000| PB 0x00000006c7800000| Untracked 
| 799|0x00000006c7c00000, 0x00000006c7e5d8e0, 0x00000006c8000000| 59%| E|  |TAMS 0x00000006c7c00000| PB 0x00000006c7c00000| Complete 
| 800|0x00000006c8000000, 0x00000006c8400000, 0x00000006c8400000|100%| E|CS|TAMS 0x00000006c8000000| PB 0x00000006c8000000| Complete 
| 801|0x00000006c8400000, 0x00000006c8800000, 0x00000006c8800000|100%| E|CS|TAMS 0x00000006c8400000| PB 0x00000006c8400000| Complete 
| 802|0x00000006c8800000, 0x00000006c8c00000, 0x00000006c8c00000|100%| E|CS|TAMS 0x00000006c8800000| PB 0x00000006c8800000| Complete 
| 803|0x00000006c8c00000, 0x00000006c9000000, 0x00000006c9000000|100%| E|CS|TAMS 0x00000006c8c00000| PB 0x00000006c8c00000| Complete 
| 804|0x00000006c9000000, 0x00000006c9400000, 0x00000006c9400000|100%| E|CS|TAMS 0x00000006c9000000| PB 0x00000006c9000000| Complete 
| 805|0x00000006c9400000, 0x00000006c9800000, 0x00000006c9800000|100%| E|CS|TAMS 0x00000006c9400000| PB 0x00000006c9400000| Complete 
| 806|0x00000006c9800000, 0x00000006c9c00000, 0x00000006c9c00000|100%| E|CS|TAMS 0x00000006c9800000| PB 0x00000006c9800000| Complete 
| 807|0x00000006c9c00000, 0x00000006ca000000, 0x00000006ca000000|100%| E|CS|TAMS 0x00000006c9c00000| PB 0x00000006c9c00000| Complete 
| 808|0x00000006ca000000, 0x00000006ca400000, 0x00000006ca400000|100%| E|CS|TAMS 0x00000006ca000000| PB 0x00000006ca000000| Complete 
| 809|0x00000006ca400000, 0x00000006ca800000, 0x00000006ca800000|100%| E|CS|TAMS 0x00000006ca400000| PB 0x00000006ca400000| Complete 
| 810|0x00000006ca800000, 0x00000006cac00000, 0x00000006cac00000|100%| E|CS|TAMS 0x00000006ca800000| PB 0x00000006ca800000| Complete 
| 811|0x00000006cac00000, 0x00000006cb000000, 0x00000006cb000000|100%| E|CS|TAMS 0x00000006cac00000| PB 0x00000006cac00000| Complete 
| 812|0x00000006cb000000, 0x00000006cb400000, 0x00000006cb400000|100%| E|CS|TAMS 0x00000006cb000000| PB 0x00000006cb000000| Complete 
| 813|0x00000006cb400000, 0x00000006cb800000, 0x00000006cb800000|100%| E|CS|TAMS 0x00000006cb400000| PB 0x00000006cb400000| Complete 
| 814|0x00000006cb800000, 0x00000006cbc00000, 0x00000006cbc00000|100%| E|CS|TAMS 0x00000006cb800000| PB 0x00000006cb800000| Complete 
| 815|0x00000006cbc00000, 0x00000006cc000000, 0x00000006cc000000|100%| E|CS|TAMS 0x00000006cbc00000| PB 0x00000006cbc00000| Complete 
| 816|0x00000006cc000000, 0x00000006cc400000, 0x00000006cc400000|100%| E|CS|TAMS 0x00000006cc000000| PB 0x00000006cc000000| Complete 
| 817|0x00000006cc400000, 0x00000006cc800000, 0x00000006cc800000|100%| E|CS|TAMS 0x00000006cc400000| PB 0x00000006cc400000| Complete 
| 818|0x00000006cc800000, 0x00000006ccc00000, 0x00000006ccc00000|100%| E|CS|TAMS 0x00000006cc800000| PB 0x00000006cc800000| Complete 
| 819|0x00000006ccc00000, 0x00000006cd000000, 0x00000006cd000000|100%| E|CS|TAMS 0x00000006ccc00000| PB 0x00000006ccc00000| Complete 
| 820|0x00000006cd000000, 0x00000006cd400000, 0x00000006cd400000|100%| E|CS|TAMS 0x00000006cd000000| PB 0x00000006cd000000| Complete 
| 821|0x00000006cd400000, 0x00000006cd800000, 0x00000006cd800000|100%| E|CS|TAMS 0x00000006cd400000| PB 0x00000006cd400000| Complete 
| 822|0x00000006cd800000, 0x00000006cdc00000, 0x00000006cdc00000|100%| E|CS|TAMS 0x00000006cd800000| PB 0x00000006cd800000| Complete 
| 823|0x00000006cdc00000, 0x00000006ce000000, 0x00000006ce000000|100%| E|CS|TAMS 0x00000006cdc00000| PB 0x00000006cdc00000| Complete 
| 824|0x00000006ce000000, 0x00000006ce400000, 0x00000006ce400000|100%| E|CS|TAMS 0x00000006ce000000| PB 0x00000006ce000000| Complete 
| 825|0x00000006ce400000, 0x00000006ce800000, 0x00000006ce800000|100%| E|CS|TAMS 0x00000006ce400000| PB 0x00000006ce400000| Complete 
|2047|0x00000007ffc00000, 0x0000000800000000, 0x0000000800000000|100%| E|CS|TAMS 0x00000007ffc00000| PB 0x00000007ffc00000| Complete 

Card table byte_map: [0x0000018a7d210000,0x0000018a7e210000] _byte_map_base: 0x0000018a7a210000

Marking Bits: (CMBitMap*) 0x0000018a7bcaaae0
 Bits: [0x0000018a17750000, 0x0000018a1f750000)

Polling page: 0x0000018a79a70000

Metaspace:

Usage:
  Non-class:    147.50 MB used.
      Class:     23.62 MB used.
       Both:    171.12 MB used.

Virtual space:
  Non-class space:      192.00 MB reserved,     148.88 MB ( 78%) committed,  3 nodes.
      Class space:        1.00 GB reserved,      25.06 MB (  2%) committed,  1 nodes.
             Both:        1.19 GB reserved,     173.94 MB ( 14%) committed. 

Chunk freelists:
   Non-Class:  10.27 MB
       Class:  6.98 MB
        Both:  17.25 MB

MaxMetaspaceSize: unlimited
CompressedClassSpaceSize: 1.00 GB
Initial GC threshold: 21.00 MB
Current GC threshold: 285.56 MB
CDS: on
 - commit_granule_bytes: 65536.
 - commit_granule_words: 8192.
 - virtual_space_node_default_size: 8388608.
 - enlarge_chunks_in_place: 1.
 - use_allocation_guard: 0.


Internal statistics:

num_allocs_failed_limit: 9.
num_arena_births: 5272.
num_arena_deaths: 118.
num_vsnodes_births: 4.
num_vsnodes_deaths: 0.
num_space_committed: 2784.
num_space_uncommitted: 2.
num_chunks_returned_to_freelist: 195.
num_chunks_taken_from_freelist: 13507.
num_chunk_merges: 85.
num_chunk_splits: 8848.
num_chunks_enlarged: 5699.
num_inconsistent_stats: 0.

CodeHeap 'non-profiled nmethods': size=120000Kb used=18502Kb max_used=19775Kb free=101497Kb
 bounds [0x0000018a10220000, 0x0000018a115a0000, 0x0000018a17750000]
CodeHeap 'profiled nmethods': size=120000Kb used=43649Kb max_used=48007Kb free=76350Kb
 bounds [0x0000018a08750000, 0x0000018a0b660000, 0x0000018a0fc80000]
CodeHeap 'non-nmethods': size=5760Kb used=3404Kb max_used=3480Kb free=2355Kb
 bounds [0x0000018a0fc80000, 0x0000018a10000000, 0x0000018a10220000]
 total_blobs=22497 nmethods=21366 adapters=1033
 compilation: enabled
              stopped_count=0, restarted_count=0
 full_count=0

Compilation events (20 events):
Event: 33.155 Thread 0x0000018a2178c600 nmethod 31909 0x0000018a09beb810 code [0x0000018a09beb9c0, 0x0000018a09bebb98]
Event: 33.155 Thread 0x0000018a2178c600 32039       3       com.android.tools.r8.internal.Au::get (55 bytes)
Event: 33.155 Thread 0x0000018a2178c600 nmethod 32039 0x0000018a08efb010 code [0x0000018a08efb260, 0x0000018a08efb978]
Event: 33.155 Thread 0x0000018a2178c600 32017       2       com.android.tools.r8.internal.fM::a (31 bytes)
Event: 33.155 Thread 0x0000018a2178c600 nmethod 32017 0x0000018a0b3ee890 code [0x0000018a0b3eea60, 0x0000018a0b3eec70]
Event: 33.155 Thread 0x0000018a2178c600 32101   !   2       com.android.tools.r8.internal.Aa0::<init> (1049 bytes)
Event: 33.157 Thread 0x0000018a2178c600 nmethod 32101 0x0000018a090cf110 code [0x0000018a090cf620, 0x0000018a090d2290]
Event: 33.157 Thread 0x0000018a2178c600 32106       3       com.android.tools.r8.internal.za0::c (22 bytes)
Event: 33.157 Thread 0x0000018a2178c600 nmethod 32106 0x0000018a09db1b10 code [0x0000018a09db1ce0, 0x0000018a09db1f78]
Event: 33.157 Thread 0x0000018a2178c600 32107       3       com.android.tools.r8.internal.HM::c (59 bytes)
Event: 33.157 Thread 0x0000018a2178c600 nmethod 32107 0x0000018a0b404210 code [0x0000018a0b4043c0, 0x0000018a0b404610]
Event: 33.157 Thread 0x0000018a2178c600 32110 %     3       com.android.tools.r8.internal.Gl::e @ 225 (301 bytes)
Event: 33.158 Thread 0x0000018a2178c600 nmethod 32110% 0x0000018a09d13090 code [0x0000018a09d13500, 0x0000018a09d15b88]
Event: 33.158 Thread 0x0000018a2178c600 32111       3       com.android.tools.r8.internal.OM::a (9 bytes)
Event: 33.158 Thread 0x0000018a2178c600 nmethod 32111 0x0000018a09c07790 code [0x0000018a09c07940, 0x0000018a09c07af0]
Event: 33.158 Thread 0x0000018a2178c600 32109       3       com.android.tools.r8.internal.IM::<init> (24 bytes)
Event: 33.158 Thread 0x0000018a2178c600 nmethod 32109 0x0000018a09e66c10 code [0x0000018a09e66dc0, 0x0000018a09e67060]
Event: 33.158 Thread 0x0000018a2178c600 32108       3       com.android.tools.r8.internal.HM::<init> (5 bytes)
Event: 33.158 Thread 0x0000018a2178c600 nmethod 32108 0x0000018a0b41f210 code [0x0000018a0b41f3c0, 0x0000018a0b41f600]
Event: 33.158 Thread 0x0000018a2178c600 32112       3       com.android.tools.r8.kotlin.b0::a (19 bytes)

GC Heap History (20 events):
Event: 29.095 GC heap before
{Heap before GC invocations=82 (full 0):
 garbage-first heap   total 1830912K, used 1673789K [0x0000000600000000, 0x0000000800000000)
  region size 4096K, 260 young (1064960K), 14 survivors (57344K)
 Metaspace       used 172396K, committed 175424K, reserved 1245184K
  class space    used 23790K, committed 25280K, reserved 1048576K
}
Event: 29.111 GC heap after
{Heap after GC invocations=83 (full 0):
 garbage-first heap   total 1830912K, used 677025K [0x0000000600000000, 0x0000000800000000)
  region size 4096K, 17 young (69632K), 17 survivors (69632K)
 Metaspace       used 172396K, committed 175424K, reserved 1245184K
  class space    used 23790K, committed 25280K, reserved 1048576K
}
Event: 29.379 GC heap before
{Heap before GC invocations=83 (full 0):
 garbage-first heap   total 1830912K, used 1660065K [0x0000000600000000, 0x0000000800000000)
  region size 4096K, 257 young (1052672K), 17 survivors (69632K)
 Metaspace       used 172396K, committed 175424K, reserved 1245184K
  class space    used 23790K, committed 25280K, reserved 1048576K
}
Event: 29.400 GC heap after
{Heap after GC invocations=84 (full 0):
 garbage-first heap   total 1830912K, used 674640K [0x0000000600000000, 0x0000000800000000)
  region size 4096K, 22 young (90112K), 22 survivors (90112K)
 Metaspace       used 172396K, committed 175424K, reserved 1245184K
  class space    used 23790K, committed 25280K, reserved 1048576K
}
Event: 29.657 GC heap before
{Heap before GC invocations=84 (full 0):
 garbage-first heap   total 1830912K, used 1637200K [0x0000000600000000, 0x0000000800000000)
  region size 4096K, 258 young (1056768K), 22 survivors (90112K)
 Metaspace       used 172430K, committed 175424K, reserved 1245184K
  class space    used 23794K, committed 25280K, reserved 1048576K
}
Event: 29.676 GC heap after
{Heap after GC invocations=85 (full 0):
 garbage-first heap   total 1830912K, used 679324K [0x0000000600000000, 0x0000000800000000)
  region size 4096K, 19 young (77824K), 19 survivors (77824K)
 Metaspace       used 172430K, committed 175424K, reserved 1245184K
  class space    used 23794K, committed 25280K, reserved 1048576K
}
Event: 29.946 GC heap before
{Heap before GC invocations=85 (full 0):
 garbage-first heap   total 1830912K, used 1654172K [0x0000000600000000, 0x0000000800000000)
  region size 4096K, 257 young (1052672K), 19 survivors (77824K)
 Metaspace       used 172463K, committed 175424K, reserved 1245184K
  class space    used 23800K, committed 25280K, reserved 1048576K
}
Event: 29.964 GC heap after
{Heap after GC invocations=86 (full 0):
 garbage-first heap   total 1830912K, used 691113K [0x0000000600000000, 0x0000000800000000)
  region size 4096K, 19 young (77824K), 19 survivors (77824K)
 Metaspace       used 172463K, committed 175424K, reserved 1245184K
  class space    used 23800K, committed 25280K, reserved 1048576K
}
Event: 30.280 GC heap before
{Heap before GC invocations=86 (full 0):
 garbage-first heap   total 1830912K, used 1649577K [0x0000000600000000, 0x0000000800000000)
  region size 4096K, 254 young (1040384K), 19 survivors (77824K)
 Metaspace       used 172488K, committed 175424K, reserved 1245184K
  class space    used 23804K, committed 25280K, reserved 1048576K
}
Event: 30.299 GC heap after
{Heap after GC invocations=87 (full 0):
 garbage-first heap   total 1830912K, used 696242K [0x0000000600000000, 0x0000000800000000)
  region size 4096K, 17 young (69632K), 17 survivors (69632K)
 Metaspace       used 172488K, committed 175424K, reserved 1245184K
  class space    used 23804K, committed 25280K, reserved 1048576K
}
Event: 30.572 GC heap before
{Heap before GC invocations=88 (full 0):
 garbage-first heap   total 1830912K, used 1662898K [0x0000000600000000, 0x0000000800000000)
  region size 4096K, 254 young (1040384K), 17 survivors (69632K)
 Metaspace       used 172566K, committed 175488K, reserved 1245184K
  class space    used 23812K, committed 25280K, reserved 1048576K
}
Event: 30.590 GC heap after
{Heap after GC invocations=89 (full 0):
 garbage-first heap   total 1830912K, used 706482K [0x0000000600000000, 0x0000000800000000)
  region size 4096K, 20 young (81920K), 20 survivors (81920K)
 Metaspace       used 172566K, committed 175488K, reserved 1245184K
  class space    used 23812K, committed 25280K, reserved 1048576K
}
Event: 30.914 GC heap before
{Heap before GC invocations=89 (full 0):
 garbage-first heap   total 1830912K, used 1652658K [0x0000000600000000, 0x0000000800000000)
  region size 4096K, 251 young (1028096K), 20 survivors (81920K)
 Metaspace       used 174266K, committed 177152K, reserved 1245184K
  class space    used 24062K, committed 25536K, reserved 1048576K
}
Event: 31.940 GC heap after
{Heap after GC invocations=90 (full 0):
 garbage-first heap   total 3387392K, used 686022K [0x0000000600000000, 0x0000000800000000)
  region size 4096K, 20 young (81920K), 20 survivors (81920K)
 Metaspace       used 174266K, committed 177152K, reserved 1245184K
  class space    used 24062K, committed 25536K, reserved 1048576K
}
Event: 31.972 GC heap before
{Heap before GC invocations=90 (full 0):
 garbage-first heap   total 3387392K, used 767942K [0x0000000600000000, 0x0000000800000000)
  region size 4096K, 41 young (167936K), 20 survivors (81920K)
 Metaspace       used 174332K, committed 177216K, reserved 1245184K
  class space    used 24078K, committed 25536K, reserved 1048576K
}
Event: 31.989 GC heap after
{Heap after GC invocations=91 (full 0):
 garbage-first heap   total 3387392K, used 697295K [0x0000000600000000, 0x0000000800000000)
  region size 4096K, 4 young (16384K), 4 survivors (16384K)
 Metaspace       used 174332K, committed 177216K, reserved 1245184K
  class space    used 24078K, committed 25536K, reserved 1048576K
}
Event: 33.056 GC heap before
{Heap before GC invocations=91 (full 0):
 garbage-first heap   total 3387392K, used 848847K [0x0000000600000000, 0x0000000800000000)
  region size 4096K, 41 young (167936K), 4 survivors (16384K)
 Metaspace       used 174654K, committed 177536K, reserved 1245184K
  class space    used 24120K, committed 25600K, reserved 1048576K
}
Event: 33.057 GC heap after
{Heap after GC invocations=92 (full 0):
 garbage-first heap   total 3387392K, used 687298K [0x0000000600000000, 0x0000000800000000)
  region size 4096K, 1 young (4096K), 1 survivors (4096K)
 Metaspace       used 174654K, committed 177536K, reserved 1245184K
  class space    used 24120K, committed 25600K, reserved 1048576K
}
Event: 33.116 GC heap before
{Heap before GC invocations=92 (full 0):
 garbage-first heap   total 3387392K, used 851138K [0x0000000600000000, 0x0000000800000000)
  region size 4096K, 41 young (167936K), 1 survivors (4096K)
 Metaspace       used 175035K, committed 177856K, reserved 1245184K
  class space    used 24181K, committed 25600K, reserved 1048576K
}
Event: 33.118 GC heap after
{Heap after GC invocations=93 (full 0):
 garbage-first heap   total 3387392K, used 687668K [0x0000000600000000, 0x0000000800000000)
  region size 4096K, 1 young (4096K), 1 survivors (4096K)
 Metaspace       used 175035K, committed 177856K, reserved 1245184K
  class space    used 24181K, committed 25600K, reserved 1048576K
}

Dll operation events (16 events):
Event: 0.005 Loaded shared library C:\Program Files\Zulu\zulu-21\bin\java.dll
Event: 0.020 Loaded shared library C:\Program Files\Zulu\zulu-21\bin\jsvml.dll
Event: 0.036 Loaded shared library C:\Program Files\Zulu\zulu-21\bin\zip.dll
Event: 0.038 Loaded shared library C:\Program Files\Zulu\zulu-21\bin\instrument.dll
Event: 0.040 Loaded shared library C:\Program Files\Zulu\zulu-21\bin\net.dll
Event: 0.041 Loaded shared library C:\Program Files\Zulu\zulu-21\bin\nio.dll
Event: 0.043 Loaded shared library C:\Program Files\Zulu\zulu-21\bin\zip.dll
Event: 0.190 Loaded shared library C:\Program Files\Zulu\zulu-21\bin\jimage.dll
Event: 0.266 Loaded shared library C:\Program Files\Zulu\zulu-21\bin\verify.dll
Event: 0.303 Loaded shared library C:\Users\Administrator\.gradle\native\1def1411415f61bf3af743bc5b6707747c0891f09f0c88961ee8f79bc544acac\windows-amd64\native-platform.dll
Event: 0.307 Loaded shared library C:\Users\Administrator\.gradle\native\0.2.7\x86_64-windows-gnu\gradle-fileevents.dll
Event: 0.836 Loaded shared library C:\Program Files\Zulu\zulu-21\bin\management.dll
Event: 0.838 Loaded shared library C:\Program Files\Zulu\zulu-21\bin\management_ext.dll
Event: 0.890 Loaded shared library C:\Program Files\Zulu\zulu-21\bin\extnet.dll
Event: 0.983 Loaded shared library C:\Program Files\Zulu\zulu-21\bin\sunmscapi.dll
Event: 17.268 Loaded shared library C:\Program Files\Zulu\zulu-21\bin\rmi.dll

Deoptimization events (20 events):
Event: 33.131 Thread 0x0000018a67d5d780 DEOPT PACKING pc=0x0000018a105cf4f4 sp=0x0000001e3fafd2a0
Event: 33.131 Thread 0x0000018a67d5d780 DEOPT UNPACKING pc=0x0000018a0fcd7da2 sp=0x0000001e3fafd290 mode 2
Event: 33.131 Thread 0x0000018a67d5d780 Uncommon trap: trap_request=0xffffffc6 fr.pc=0x0000018a105cf4f4 relative=0x00000000000013d4
Event: 33.131 Thread 0x0000018a67d5d780 Uncommon trap: reason=bimorphic_or_optimized_type_check action=maybe_recompile pc=0x0000018a105cf4f4 method=com.android.tools.r8.internal.FA.a(Ljava/util/function/Predicate;Ljava/util/function/Function;Lcom/android/tools/r8/internal/Er0;Lcom/android/tools
Event: 33.131 Thread 0x0000018a67d5d780 DEOPT PACKING pc=0x0000018a105cf4f4 sp=0x0000001e3fafd2a0
Event: 33.131 Thread 0x0000018a67d5d780 DEOPT UNPACKING pc=0x0000018a0fcd7da2 sp=0x0000001e3fafd290 mode 2
Event: 33.131 Thread 0x0000018a67d5d780 Uncommon trap: trap_request=0xffffffc6 fr.pc=0x0000018a105cf4f4 relative=0x00000000000013d4
Event: 33.131 Thread 0x0000018a67d5d780 Uncommon trap: reason=bimorphic_or_optimized_type_check action=maybe_recompile pc=0x0000018a105cf4f4 method=com.android.tools.r8.internal.FA.a(Ljava/util/function/Predicate;Ljava/util/function/Function;Lcom/android/tools/r8/internal/Er0;Lcom/android/tools
Event: 33.131 Thread 0x0000018a67d5d780 DEOPT PACKING pc=0x0000018a105cf4f4 sp=0x0000001e3fafd2a0
Event: 33.131 Thread 0x0000018a67d5d780 DEOPT UNPACKING pc=0x0000018a0fcd7da2 sp=0x0000001e3fafd290 mode 2
Event: 33.141 Thread 0x0000018a74c43340 DEOPT PACKING pc=0x0000018a0adbdb16 sp=0x0000001e337fc8b0
Event: 33.141 Thread 0x0000018a74c43340 DEOPT UNPACKING pc=0x0000018a0fcd88e2 sp=0x0000001e337fbdb8 mode 0
Event: 33.147 Thread 0x0000018a74c43340 DEOPT PACKING pc=0x0000018a0ad34f53 sp=0x0000001e337fc830
Event: 33.147 Thread 0x0000018a74c43340 DEOPT UNPACKING pc=0x0000018a0fcd88e2 sp=0x0000001e337fbd60 mode 0
Event: 33.148 Thread 0x0000018a67d5de10 DEOPT PACKING pc=0x0000018a091c6dca sp=0x0000001e3fefbe90
Event: 33.148 Thread 0x0000018a67d5de10 DEOPT UNPACKING pc=0x0000018a0fcd88e2 sp=0x0000001e3fefb410 mode 0
Event: 33.156 Thread 0x0000018a67d5c3d0 Uncommon trap: trap_request=0x00000168 fr.pc=0x0000018a105373e4 relative=0x00000000000007e4
Event: 33.156 Thread 0x0000018a67d5c3d0 Uncommon trap: reason=unloaded action=reinterpret pc=0x0000018a105373e4 method=com.android.tools.r8.internal.Gl.e(Ljava/lang/String;)[Ljava/lang/String; @ 213 c2
Event: 33.156 Thread 0x0000018a67d5c3d0 DEOPT PACKING pc=0x0000018a105373e4 sp=0x0000001e3fbfcb40
Event: 33.156 Thread 0x0000018a67d5c3d0 DEOPT UNPACKING pc=0x0000018a0fcd7da2 sp=0x0000001e3fbfcb38 mode 2

Classes loaded (20 events):
Event: 26.498 Loading class java/util/stream/SliceOps$1
Event: 26.498 Loading class java/util/stream/SliceOps$1 done
Event: 26.500 Loading class java/util/stream/SliceOps$1$1
Event: 26.500 Loading class java/util/stream/SliceOps$1$1 done
Event: 26.512 Loading class java/util/IdentityHashMap$ValueIterator
Event: 26.512 Loading class java/util/IdentityHashMap$ValueIterator done
Event: 26.737 Loading class java/util/concurrent/ConcurrentHashMap$TreeNode
Event: 26.737 Loading class java/util/concurrent/ConcurrentHashMap$TreeNode done
Event: 26.737 Loading class java/util/concurrent/ConcurrentHashMap$TreeBin
Event: 26.737 Loading class java/util/concurrent/ConcurrentHashMap$TreeBin done
Event: 26.885 Loading class java/nio/ShortBuffer
Event: 26.885 Loading class java/nio/ShortBuffer done
Event: 26.931 Loading class java/nio/ByteBufferAsShortBufferL
Event: 26.931 Loading class java/nio/ByteBufferAsShortBufferL done
Event: 26.963 Loading class java/util/zip/Adler32
Event: 26.963 Loading class java/util/zip/Adler32 done
Event: 26.990 Loading class java/util/zip/ZipOutputStream$XEntry
Event: 26.990 Loading class java/util/zip/ZipOutputStream$XEntry done
Event: 27.005 Loading class java/util/Vector$Itr
Event: 27.005 Loading class java/util/Vector$Itr done

Classes unloaded (20 events):
Event: 28.930 Thread 0x0000018a7e3f5c00 Unloading class 0x0000018a2466a000 'java/lang/invoke/LambdaForm$DMH+0x0000018a2466a000'
Event: 28.930 Thread 0x0000018a7e3f5c00 Unloading class 0x0000018a2466a400 'java/lang/invoke/LambdaForm$DMH+0x0000018a2466a400'
Event: 28.930 Thread 0x0000018a7e3f5c00 Unloading class 0x0000018a24669c00 'java/lang/invoke/LambdaForm$DMH+0x0000018a24669c00'
Event: 28.930 Thread 0x0000018a7e3f5c00 Unloading class 0x0000018a24669800 'java/lang/invoke/LambdaForm$DMH+0x0000018a24669800'
Event: 28.930 Thread 0x0000018a7e3f5c00 Unloading class 0x0000018a24669400 'java/lang/invoke/LambdaForm$DMH+0x0000018a24669400'
Event: 28.930 Thread 0x0000018a7e3f5c00 Unloading class 0x0000018a24668c00 'java/lang/invoke/LambdaForm$DMH+0x0000018a24668c00'
Event: 28.930 Thread 0x0000018a7e3f5c00 Unloading class 0x0000018a24669000 'java/lang/invoke/LambdaForm$DMH+0x0000018a24669000'
Event: 28.930 Thread 0x0000018a7e3f5c00 Unloading class 0x0000018a24668800 'java/lang/invoke/LambdaForm$DMH+0x0000018a24668800'
Event: 28.930 Thread 0x0000018a7e3f5c00 Unloading class 0x0000018a24668400 'java/lang/invoke/LambdaForm$DMH+0x0000018a24668400'
Event: 28.930 Thread 0x0000018a7e3f5c00 Unloading class 0x0000018a2464ec00 'java/lang/invoke/LambdaForm$DMH+0x0000018a2464ec00'
Event: 28.930 Thread 0x0000018a7e3f5c00 Unloading class 0x0000018a2464e800 'java/lang/invoke/LambdaForm$DMH+0x0000018a2464e800'
Event: 28.930 Thread 0x0000018a7e3f5c00 Unloading class 0x0000018a2464e400 'java/lang/invoke/LambdaForm$DMH+0x0000018a2464e400'
Event: 28.930 Thread 0x0000018a7e3f5c00 Unloading class 0x0000018a2464e000 'java/lang/invoke/LambdaForm$DMH+0x0000018a2464e000'
Event: 28.930 Thread 0x0000018a7e3f5c00 Unloading class 0x0000018a2464dc00 'java/lang/invoke/LambdaForm$DMH+0x0000018a2464dc00'
Event: 28.930 Thread 0x0000018a7e3f5c00 Unloading class 0x0000018a2464d800 'java/lang/invoke/LambdaForm$DMH+0x0000018a2464d800'
Event: 28.930 Thread 0x0000018a7e3f5c00 Unloading class 0x0000018a2464d400 'java/lang/invoke/LambdaForm$DMH+0x0000018a2464d400'
Event: 28.930 Thread 0x0000018a7e3f5c00 Unloading class 0x0000018a2464d000 'java/lang/invoke/LambdaForm$DMH+0x0000018a2464d000'
Event: 28.930 Thread 0x0000018a7e3f5c00 Unloading class 0x0000018a2464cc00 'java/lang/invoke/LambdaForm$DMH+0x0000018a2464cc00'
Event: 28.930 Thread 0x0000018a7e3f5c00 Unloading class 0x0000018a2464c800 'java/lang/invoke/LambdaForm$DMH+0x0000018a2464c800'
Event: 28.930 Thread 0x0000018a7e3f5c00 Unloading class 0x0000018a2464c400 'java/lang/invoke/LambdaForm$DMH+0x0000018a2464c400'

Classes redefined (0 events):
No events

Internal exceptions (20 events):
Event: 26.521 Thread 0x0000018a67d5f850 Exception <a 'java/lang/NoSuchMethodError'{0x0000000636927ab8}: 'int java.lang.invoke.DirectMethodHandle$Holder.invokeSpecial(java.lang.Object, java.lang.Object, java.lang.Object, int, java.lang.Object)'> (0x0000000636927ab8) 
thrown [s\src\hotspot\share\interpreter\linkResolver.cpp, line 773]
Event: 26.521 Thread 0x0000018a67d5d0f0 Exception <a 'java/lang/NoSuchMethodError'{0x0000000636a7e020}: 'int java.lang.invoke.DirectMethodHandle$Holder.invokeSpecial(java.lang.Object, java.lang.Object, java.lang.Object, int, java.lang.Object)'> (0x0000000636a7e020) 
thrown [s\src\hotspot\share\interpreter\linkResolver.cpp, line 773]
Event: 26.521 Thread 0x0000018a67d5a300 Exception <a 'java/lang/NoSuchMethodError'{0x000000063714f608}: 'int java.lang.invoke.DirectMethodHandle$Holder.invokeSpecial(java.lang.Object, java.lang.Object, java.lang.Object, int, java.lang.Object)'> (0x000000063714f608) 
thrown [s\src\hotspot\share\interpreter\linkResolver.cpp, line 773]
Event: 26.521 Thread 0x0000018a67d5eb30 Exception <a 'java/lang/NoSuchMethodError'{0x0000000636eecd88}: 'int java.lang.invoke.DirectMethodHandle$Holder.invokeSpecial(java.lang.Object, java.lang.Object, java.lang.Object, int, java.lang.Object)'> (0x0000000636eecd88) 
thrown [s\src\hotspot\share\interpreter\linkResolver.cpp, line 773]
Event: 26.521 Thread 0x0000018a74c43340 Exception <a 'java/lang/NoSuchMethodError'{0x0000000636db0a60}: 'int java.lang.invoke.DirectMethodHandle$Holder.invokeSpecial(java.lang.Object, java.lang.Object, java.lang.Object, int, java.lang.Object)'> (0x0000000636db0a60) 
thrown [s\src\hotspot\share\interpreter\linkResolver.cpp, line 773]
Event: 26.521 Thread 0x0000018a67d60c00 Exception <a 'java/lang/NoSuchMethodError'{0x000000063677a400}: 'int java.lang.invoke.DirectMethodHandle$Holder.invokeSpecial(java.lang.Object, java.lang.Object, java.lang.Object, int, java.lang.Object)'> (0x000000063677a400) 
thrown [s\src\hotspot\share\interpreter\linkResolver.cpp, line 773]
Event: 26.521 Thread 0x0000018a67d5a990 Exception <a 'java/lang/NoSuchMethodError'{0x000000063675fb38}: 'int java.lang.invoke.DirectMethodHandle$Holder.invokeSpecial(java.lang.Object, java.lang.Object, java.lang.Object, int, java.lang.Object)'> (0x000000063675fb38) 
thrown [s\src\hotspot\share\interpreter\linkResolver.cpp, line 773]
Event: 26.539 Thread 0x0000018a67d5de10 Exception <a 'java/lang/NoSuchMethodError'{0x00000006361b4d10}: 'void java.lang.invoke.DirectMethodHandle$Holder.invokeVirtual(java.lang.Object, java.lang.Object, int)'> (0x00000006361b4d10) 
thrown [s\src\hotspot\share\interpreter\linkResolver.cpp, line 773]
Event: 26.539 Thread 0x0000018a67d5c3d0 Exception <a 'java/lang/NoSuchMethodError'{0x000000063587f118}: 'void java.lang.invoke.DirectMethodHandle$Holder.invokeVirtual(java.lang.Object, java.lang.Object, int)'> (0x000000063587f118) 
thrown [s\src\hotspot\share\interpreter\linkResolver.cpp, line 773]
Event: 26.557 Thread 0x0000018a67d5c3d0 Exception <a 'java/lang/NoSuchMethodError'{0x0000000635917678}: 'int java.lang.invoke.DirectMethodHandle$Holder.invokeSpecial(java.lang.Object, java.lang.Object, java.lang.Object, java.lang.Object, java.lang.Object, java.lang.Object)'> (0x0000000635917678) 
thrown [s\src\hotspot\share\interpreter\linkResolver.cpp, line 773]
Event: 26.559 Thread 0x0000018a67d5d780 Exception <a 'java/lang/IncompatibleClassChangeError'{0x00000006357019d8}: Found class java.lang.Object, but interface was expected> (0x00000006357019d8) 
thrown [s\src\hotspot\share\interpreter\linkResolver.cpp, line 840]
Event: 26.560 Thread 0x0000018a67d5c3d0 Exception <a 'java/lang/NoSuchMethodError'{0x000000063592a6e0}: 'int java.lang.invoke.DirectMethodHandle$Holder.invokeInterface(java.lang.Object, java.lang.Object, int)'> (0x000000063592a6e0) 
thrown [s\src\hotspot\share\interpreter\linkResolver.cpp, line 773]
Event: 26.563 Thread 0x0000018a67d5c3d0 Exception <a 'java/lang/NoSuchMethodError'{0x000000063593a7a0}: 'void java.lang.invoke.DirectMethodHandle$Holder.invokeStatic(java.lang.Object, int)'> (0x000000063593a7a0) 
thrown [s\src\hotspot\share\interpreter\linkResolver.cpp, line 773]
Event: 26.673 Thread 0x0000018a67d5a990 Exception <a 'java/lang/NoSuchMethodError'{0x000000062e83bba0}: 'void java.lang.invoke.DirectMethodHandle$Holder.invokeSpecial(java.lang.Object, java.lang.Object, java.lang.Object, int, java.lang.Object, java.lang.Object, java.lang.Object, java.lang.Object)'> (0x000000062e83bba0) 
thrown [s\src\hotspot\share\interpreter\linkResolver.cpp, line 773]
Event: 26.674 Thread 0x0000018a67d5a990 Exception <a 'java/lang/NoSuchMethodError'{0x000000062e9f1438}: 'void java.lang.invoke.DirectMethodHandle$Holder.invokeStatic(java.lang.Object, java.lang.Object, java.lang.Object, java.lang.Object, java.lang.Object, java.lang.Object, java.lang.Object, java.lang.Object)'> (0x000000062e9f1438) 
thrown [s\src\hotspot\share\interpreter\linkResolver.cpp, line 773]
Event: 26.824 Thread 0x0000018a67d5a990 Exception <a 'java/lang/IncompatibleClassChangeError'{0x000000063b2051d8}: Found class java.lang.Object, but interface was expected> (0x000000063b2051d8) 
thrown [s\src\hotspot\share\interpreter\linkResolver.cpp, line 840]
Event: 28.987 Thread 0x0000018a67d5d0f0 Exception <a 'java/lang/NoSuchMethodError'{0x0000000648199238}: 'void java.lang.invoke.DirectMethodHandle$Holder.invokeSpecialIFC(java.lang.Object, java.lang.Object, java.lang.Object, java.lang.Object)'> (0x0000000648199238) 
thrown [s\src\hotspot\share\interpreter\linkResolver.cpp, line 773]
Event: 30.706 Thread 0x0000018a67d5a300 Implicit null exception at 0x0000018a102d8e00 to 0x0000018a102d8f38
Event: 30.741 Thread 0x0000018a67d5a300 Exception <a 'java/lang/NoSuchMethodError'{0x0000000652b9d5a8}: 'java.lang.Object java.lang.invoke.DirectMethodHandle$Holder.invokeStatic(java.lang.Object, java.lang.Object, int, java.lang.Object)'> (0x0000000652b9d5a8) 
thrown [s\src\hotspot\share\interpreter\linkResolver.cpp, line 773]
Event: 30.846 Thread 0x0000018a67d5a300 Exception <a 'java/lang/ClassCastException'{0x00000006431496b0}: class kotlin.reflect.jvm.internal.ReflectionFactoryImpl cannot be cast to class com.android.tools.r8.internal.mf0 (kotlin.reflect.jvm.internal.ReflectionFactoryImpl is in unnamed module of loader org.gradle.internal.classloader.VisitableURLClassLoader @629f0666; com.android.tools.r8.internal.mf0 is in unnamed module of loader org.gradle.internal.classloader.VisitableURLClassLoader$InstrumentingVisitableURLClassLoader @6ce86020)> (0x0000000643

ZGC Phase Switch (0 events):
No events

VM Operations (20 events):
Event: 30.532 Executing VM operation: ICBufferFull done
Event: 30.572 Executing VM operation: G1CollectForAllocation (G1 Evacuation Pause)
Event: 30.590 Executing VM operation: G1CollectForAllocation (G1 Evacuation Pause) done
Event: 30.635 Executing VM operation: HandshakeAllThreads (Deoptimize)
Event: 30.635 Executing VM operation: HandshakeAllThreads (Deoptimize) done
Event: 30.667 Executing VM operation: HandshakeAllThreads (Deoptimize)
Event: 30.667 Executing VM operation: HandshakeAllThreads (Deoptimize) done
Event: 30.703 Executing VM operation: ICBufferFull
Event: 30.703 Executing VM operation: ICBufferFull done
Event: 30.822 Executing VM operation: ICBufferFull
Event: 30.822 Executing VM operation: ICBufferFull done
Event: 30.913 Executing VM operation: G1CollectForAllocation (G1 Evacuation Pause)
Event: 31.940 Executing VM operation: G1CollectForAllocation (G1 Evacuation Pause) done
Event: 31.972 Executing VM operation: G1CollectForAllocation (G1 Evacuation Pause)
Event: 31.989 Executing VM operation: G1CollectForAllocation (G1 Evacuation Pause) done
Event: 32.057 Executing VM operation: G1CollectForAllocation (G1 Evacuation Pause)
Event: 33.057 Executing VM operation: G1CollectForAllocation (G1 Evacuation Pause) done
Event: 33.116 Executing VM operation: G1CollectForAllocation (G1 Evacuation Pause)
Event: 33.118 Executing VM operation: G1CollectForAllocation (G1 Evacuation Pause) done
Event: 33.189 Executing VM operation: G1CollectForAllocation (G1 Evacuation Pause)

Memory protections (0 events):
No events

Nmethod flushes (20 events):
Event: 30.227 Thread 0x0000018a7e3f5c00 flushing  nmethod 0x0000018a0b30c510
Event: 30.227 Thread 0x0000018a7e3f5c00 flushing  nmethod 0x0000018a0b30cd90
Event: 30.227 Thread 0x0000018a7e3f5c00 flushing  nmethod 0x0000018a0b30dd90
Event: 30.227 Thread 0x0000018a7e3f5c00 flushing  nmethod 0x0000018a0b310c10
Event: 30.227 Thread 0x0000018a7e3f5c00 flushing  nmethod 0x0000018a0b311210
Event: 30.227 Thread 0x0000018a7e3f5c00 flushing  nmethod 0x0000018a0b3a4110
Event: 30.227 Thread 0x0000018a7e3f5c00 flushing  nmethod 0x0000018a0b3a5c90
Event: 30.227 Thread 0x0000018a7e3f5c00 flushing  nmethod 0x0000018a0b3a6190
Event: 30.227 Thread 0x0000018a7e3f5c00 flushing  nmethod 0x0000018a0b3a6610
Event: 30.227 Thread 0x0000018a7e3f5c00 flushing  nmethod 0x0000018a0b3a6a10
Event: 30.227 Thread 0x0000018a7e3f5c00 flushing  nmethod 0x0000018a0b3a7310
Event: 30.227 Thread 0x0000018a7e3f5c00 flushing  nmethod 0x0000018a0b3a7790
Event: 30.227 Thread 0x0000018a7e3f5c00 flushing  nmethod 0x0000018a0b3a8810
Event: 30.227 Thread 0x0000018a7e3f5c00 flushing  nmethod 0x0000018a0b3a8f10
Event: 30.227 Thread 0x0000018a7e3f5c00 flushing  nmethod 0x0000018a0b3a9310
Event: 30.227 Thread 0x0000018a7e3f5c00 flushing  nmethod 0x0000018a0b3a9b90
Event: 30.227 Thread 0x0000018a7e3f5c00 flushing  nmethod 0x0000018a0b3edc90
Event: 30.227 Thread 0x0000018a7e3f5c00 flushing  nmethod 0x0000018a0b3ee890
Event: 30.227 Thread 0x0000018a7e3f5c00 flushing  nmethod 0x0000018a0b3f0a10
Event: 30.227 Thread 0x0000018a7e3f5c00 flushing  nmethod 0x0000018a0b3f0f10

Events (20 events):
Event: 22.726 Thread 0x0000018a6b251300 Thread added: 0x0000018a6b257c00
Event: 22.726 Thread 0x0000018a6b251300 Thread added: 0x0000018a67d55440
Event: 22.726 Thread 0x0000018a6b251300 Thread added: 0x0000018a67d56e80
Event: 23.180 Thread 0x0000018a75de9200 Thread exited: 0x0000018a75de9200
Event: 23.180 Thread 0x0000018a75de98d0 Thread exited: 0x0000018a75de98d0
Event: 23.201 Thread 0x0000018a2178c600 Thread added: 0x0000018a75de98d0
Event: 23.202 Thread 0x0000018a2178c600 Thread added: 0x0000018a75de9200
Event: 24.060 Thread 0x0000018a75de9200 Thread exited: 0x0000018a75de9200
Event: 24.367 Thread 0x0000018a2178c600 Thread added: 0x0000018a75de9200
Event: 24.748 Thread 0x0000018a6b251300 Thread added: 0x0000018a67d5d780
Event: 24.748 Thread 0x0000018a6b251300 Thread added: 0x0000018a67d5c3d0
Event: 24.749 Thread 0x0000018a6b251300 Thread added: 0x0000018a67d5d0f0
Event: 24.750 Thread 0x0000018a6b251300 Thread added: 0x0000018a67d5a300
Event: 24.750 Thread 0x0000018a6b251300 Thread added: 0x0000018a67d5de10
Event: 24.751 Thread 0x0000018a6b251300 Thread added: 0x0000018a67d5a990
Event: 24.755 Thread 0x0000018a6b251300 Thread added: 0x0000018a67d5f850
Event: 24.756 Thread 0x0000018a6b251300 Thread added: 0x0000018a67d5f1c0
Event: 24.757 Thread 0x0000018a6b251300 Thread added: 0x0000018a67d60c00
Event: 24.757 Thread 0x0000018a6b251300 Thread added: 0x0000018a67d60570
Event: 24.758 Thread 0x0000018a6b251300 Thread added: 0x0000018a67d5eb30


Dynamic libraries:
0x00007ff645b60000 - 0x00007ff645b6e000 	C:\Program Files\Zulu\zulu-21\bin\java.exe
0x00007ff9c6f20000 - 0x00007ff9c7186000 	C:\WINDOWS\SYSTEM32\ntdll.dll
0x00007ff9c5d80000 - 0x00007ff9c5e47000 	C:\WINDOWS\System32\KERNEL32.DLL
0x00007ff9c44f0000 - 0x00007ff9c48bb000 	C:\WINDOWS\System32\KERNELBASE.dll
0x00007ff9c4220000 - 0x00007ff9c436b000 	C:\WINDOWS\System32\ucrtbase.dll
0x00007ff9b5710000 - 0x00007ff9b5729000 	C:\Program Files\Zulu\zulu-21\bin\jli.dll
0x00007ff9b56f0000 - 0x00007ff9b570e000 	C:\Program Files\Zulu\zulu-21\bin\VCRUNTIME140.dll
0x00007ff9c4d00000 - 0x00007ff9c4ecc000 	C:\WINDOWS\System32\USER32.dll
0x00007ff9c4c10000 - 0x00007ff9c4c37000 	C:\WINDOWS\System32\win32u.dll
0x00007ff9c60f0000 - 0x00007ff9c611b000 	C:\WINDOWS\System32\GDI32.dll
0x00007ff9ac360000 - 0x00007ff9ac5f7000 	C:\WINDOWS\WinSxS\amd64_microsoft.windows.common-controls_6595b64144ccf1df_6.0.26100.5516_none_3e073f78e335730c\COMCTL32.dll
0x00007ff9c48c0000 - 0x00007ff9c49f1000 	C:\WINDOWS\System32\gdi32full.dll
0x00007ff9c52d0000 - 0x00007ff9c5379000 	C:\WINDOWS\System32\msvcrt.dll
0x00007ff9c4170000 - 0x00007ff9c4213000 	C:\WINDOWS\System32\msvcp_win.dll
0x00007ff9c5e50000 - 0x00007ff9c5e7f000 	C:\WINDOWS\System32\IMM32.DLL
0x00007ff9b5bc0000 - 0x00007ff9b5bcc000 	C:\Program Files\Zulu\zulu-21\bin\vcruntime140_1.dll
0x00007ff999150000 - 0x00007ff9991dd000 	C:\Program Files\Zulu\zulu-21\bin\msvcp140.dll
0x00007ff929340000 - 0x00007ff92a11d000 	C:\Program Files\Zulu\zulu-21\bin\server\jvm.dll
0x00007ff9c54a0000 - 0x00007ff9c5552000 	C:\WINDOWS\System32\ADVAPI32.dll
0x00007ff9c56e0000 - 0x00007ff9c5786000 	C:\WINDOWS\System32\sechost.dll
0x00007ff9c5380000 - 0x00007ff9c5495000 	C:\WINDOWS\System32\RPCRT4.dll
0x00007ff9c6070000 - 0x00007ff9c60e4000 	C:\WINDOWS\System32\WS2_32.dll
0x00007ff9c3db0000 - 0x00007ff9c3e0e000 	C:\WINDOWS\SYSTEM32\POWRPROF.dll
0x00007ff9b96f0000 - 0x00007ff9b9726000 	C:\WINDOWS\SYSTEM32\WINMM.dll
0x00007ff9b70c0000 - 0x00007ff9b70cb000 	C:\WINDOWS\SYSTEM32\VERSION.dll
0x00007ff9c3d90000 - 0x00007ff9c3da4000 	C:\WINDOWS\SYSTEM32\UMPDC.dll
0x00007ff9c2ed0000 - 0x00007ff9c2eea000 	C:\WINDOWS\SYSTEM32\kernel.appcore.dll
0x00007ff9b57c0000 - 0x00007ff9b57ca000 	C:\Program Files\Zulu\zulu-21\bin\jimage.dll
0x00007ff9b7270000 - 0x00007ff9b74b1000 	C:\WINDOWS\SYSTEM32\DBGHELP.DLL
0x00007ff9c6250000 - 0x00007ff9c65d3000 	C:\WINDOWS\System32\combase.dll
0x00007ff9c5170000 - 0x00007ff9c5246000 	C:\WINDOWS\System32\OLEAUT32.dll
0x00007ff9ab5f0000 - 0x00007ff9ab629000 	C:\WINDOWS\SYSTEM32\dbgcore.DLL
0x00007ff9c40d0000 - 0x00007ff9c4169000 	C:\WINDOWS\System32\bcryptPrimitives.dll
0x00007ff9be1f0000 - 0x00007ff9be200000 	C:\Program Files\Zulu\zulu-21\bin\instrument.dll
0x00007ff99ba50000 - 0x00007ff99ba72000 	C:\Program Files\Zulu\zulu-21\bin\java.dll
0x00007ff9c6670000 - 0x00007ff9c6d9a000 	C:\WINDOWS\System32\SHELL32.dll
0x00007ff9c4a90000 - 0x00007ff9c4c04000 	C:\WINDOWS\System32\wintypes.dll
0x00007ff9c1d90000 - 0x00007ff9c25e2000 	C:\WINDOWS\SYSTEM32\windows.storage.dll
0x00007ff9c5c80000 - 0x00007ff9c5d6e000 	C:\WINDOWS\System32\SHCORE.dll
0x00007ff9c6da0000 - 0x00007ff9c6e06000 	C:\WINDOWS\System32\shlwapi.dll
0x00007ff9c3fe0000 - 0x00007ff9c400f000 	C:\WINDOWS\SYSTEM32\profapi.dll
0x00007ff944f80000 - 0x00007ff945057000 	C:\Program Files\Zulu\zulu-21\bin\jsvml.dll
0x00007ff9ab300000 - 0x00007ff9ab318000 	C:\Program Files\Zulu\zulu-21\bin\zip.dll
0x00007ff9b0df0000 - 0x00007ff9b0e02000 	C:\Program Files\Zulu\zulu-21\bin\net.dll
0x00007ff9bcf50000 - 0x00007ff9bd06e000 	C:\WINDOWS\SYSTEM32\WINHTTP.dll
0x00007ff9c33d0000 - 0x00007ff9c343a000 	C:\WINDOWS\system32\mswsock.dll
0x00007ff9b0590000 - 0x00007ff9b05a6000 	C:\Program Files\Zulu\zulu-21\bin\nio.dll
0x00007ff9b5740000 - 0x00007ff9b5750000 	C:\Program Files\Zulu\zulu-21\bin\verify.dll
0x00007ff9abd00000 - 0x00007ff9abd27000 	C:\Users\Administrator\.gradle\native\1def1411415f61bf3af743bc5b6707747c0891f09f0c88961ee8f79bc544acac\windows-amd64\native-platform.dll
0x00007ff9a3930000 - 0x00007ff9a39a8000 	C:\Users\Administrator\.gradle\native\0.2.7\x86_64-windows-gnu\gradle-fileevents.dll
0x00007ff9b56e0000 - 0x00007ff9b56ea000 	C:\Program Files\Zulu\zulu-21\bin\management.dll
0x00007ff9b56b0000 - 0x00007ff9b56bc000 	C:\Program Files\Zulu\zulu-21\bin\management_ext.dll
0x00007ff9c56d0000 - 0x00007ff9c56d8000 	C:\WINDOWS\System32\PSAPI.DLL
0x00007ff9c28e0000 - 0x00007ff9c2913000 	C:\WINDOWS\SYSTEM32\IPHLPAPI.DLL
0x00007ff9c6e70000 - 0x00007ff9c6e7a000 	C:\WINDOWS\System32\NSI.dll
0x00007ff9b5360000 - 0x00007ff9b5369000 	C:\Program Files\Zulu\zulu-21\bin\extnet.dll
0x00007ff9c3780000 - 0x00007ff9c379a000 	C:\WINDOWS\SYSTEM32\CRYPTSP.dll
0x00007ff9c2e30000 - 0x00007ff9c2e6a000 	C:\WINDOWS\system32\rsaenh.dll
0x00007ff9c3470000 - 0x00007ff9c349b000 	C:\WINDOWS\SYSTEM32\USERENV.dll
0x00007ff9c3910000 - 0x00007ff9c3936000 	C:\WINDOWS\SYSTEM32\bcrypt.dll
0x00007ff9c3600000 - 0x00007ff9c360c000 	C:\WINDOWS\SYSTEM32\CRYPTBASE.dll
0x00007ff9b5bf0000 - 0x00007ff9b5bfe000 	C:\Program Files\Zulu\zulu-21\bin\sunmscapi.dll
0x00007ff9c4370000 - 0x00007ff9c44e7000 	C:\WINDOWS\System32\CRYPT32.dll
0x00007ff9c38d0000 - 0x00007ff9c3900000 	C:\WINDOWS\SYSTEM32\ncrypt.dll
0x00007ff9c3880000 - 0x00007ff9c38bf000 	C:\WINDOWS\SYSTEM32\NTASN1.dll
0x00007ff99fc70000 - 0x00007ff99fc78000 	C:\WINDOWS\system32\wshunix.dll
0x00007ff9a5be0000 - 0x00007ff9a5bf8000 	C:\WINDOWS\system32\napinsp.dll
0x00007ff9c2920000 - 0x00007ff9c2a45000 	C:\WINDOWS\SYSTEM32\DNSAPI.dll
0x00007ff9a3c40000 - 0x00007ff9a3c52000 	C:\WINDOWS\System32\winrnr.dll
0x00007ff9a35c0000 - 0x00007ff9a35f0000 	C:\WINDOWS\system32\nlansp_c.dll
0x00007ff9bcf30000 - 0x00007ff9bcf46000 	C:\WINDOWS\system32\wshbth.dll
0x00007ff9bd130000 - 0x00007ff9bd13b000 	C:\Windows\System32\rasadhlp.dll
0x00007ff9b9660000 - 0x00007ff9b96e6000 	C:\WINDOWS\System32\fwpuclnt.dll
0x00007ff9a9710000 - 0x00007ff9a9717000 	C:\Program Files\Zulu\zulu-21\bin\rmi.dll

dbghelp: loaded successfully - version: 4.0.5 - missing functions: none
symbol engine: initialized successfully - sym options: 0x614 - pdb path: .;C:\Program Files\Zulu\zulu-21\bin;C:\WINDOWS\SYSTEM32;C:\WINDOWS\WinSxS\amd64_microsoft.windows.common-controls_6595b64144ccf1df_6.0.26100.5516_none_3e073f78e335730c;C:\Program Files\Zulu\zulu-21\bin\server;C:\Users\Administrator\.gradle\native\1def1411415f61bf3af743bc5b6707747c0891f09f0c88961ee8f79bc544acac\windows-amd64;C:\Users\Administrator\.gradle\native\0.2.7\x86_64-windows-gnu

VM Arguments:
jvm_args: --add-opens=java.base/java.lang=ALL-UNNAMED --add-opens=java.base/java.lang.invoke=ALL-UNNAMED --add-opens=java.base/java.util=ALL-UNNAMED --add-opens=java.prefs/java.util.prefs=ALL-UNNAMED --add-exports=jdk.compiler/com.sun.tools.javac.api=ALL-UNNAMED --add-exports=jdk.compiler/com.sun.tools.javac.util=ALL-UNNAMED --add-opens=java.base/java.util=ALL-UNNAMED --add-opens=java.prefs/java.util.prefs=ALL-UNNAMED --add-opens=java.base/java.nio.charset=ALL-UNNAMED --add-opens=java.base/java.net=ALL-UNNAMED --add-opens=java.base/java.util.concurrent.atomic=ALL-UNNAMED --add-opens=java.xml/javax.xml.namespace=ALL-UNNAMED -Xmx8g -Dfile.encoding=UTF-8 -Duser.country=GB -Duser.language=en -Duser.variant -javaagent:C:\Users\Administrator\.gradle\wrapper\dists\gradle-8.14.3-bin\cv11ve7ro1n3o1j4so8xd9n66\gradle-8.14.3\lib\agents\gradle-instrumentation-agent-8.14.3.jar 
java_command: org.gradle.launcher.daemon.bootstrap.GradleDaemon 8.14.3
java_class_path (initial): C:\Users\Administrator\.gradle\wrapper\dists\gradle-8.14.3-bin\cv11ve7ro1n3o1j4so8xd9n66\gradle-8.14.3\lib\gradle-daemon-main-8.14.3.jar
Launcher Type: SUN_STANDARD

[Global flags]
     intx CICompilerCount                          = 4                                         {product} {ergonomic}
     uint ConcGCThreads                            = 3                                         {product} {ergonomic}
     uint G1ConcRefinementThreads                  = 10                                        {product} {ergonomic}
   size_t G1HeapRegionSize                         = 4194304                                   {product} {ergonomic}
    uintx GCDrainStackTargetSize                   = 64                                        {product} {ergonomic}
   size_t InitialHeapSize                          = 524288000                                 {product} {ergonomic}
   size_t MarkStackSize                            = 4194304                                   {product} {ergonomic}
   size_t MaxHeapSize                              = 8589934592                                {product} {command line}
   size_t MaxNewSize                               = 5150605312                                {product} {ergonomic}
   size_t MinHeapDeltaBytes                        = 4194304                                   {product} {ergonomic}
   size_t MinHeapSize                              = 8388608                                   {product} {ergonomic}
    uintx NonNMethodCodeHeapSize                   = 5839372                                {pd product} {ergonomic}
    uintx NonProfiledCodeHeapSize                  = 122909434                              {pd product} {ergonomic}
    uintx ProfiledCodeHeapSize                     = 122909434                              {pd product} {ergonomic}
    uintx ReservedCodeCacheSize                    = 251658240                              {pd product} {ergonomic}
     bool SegmentedCodeCache                       = true                                      {product} {ergonomic}
   size_t SoftMaxHeapSize                          = 8589934592                             {manageable} {ergonomic}
     bool UseCompressedOops                        = true                           {product lp64_product} {ergonomic}
     bool UseG1GC                                  = true                                      {product} {ergonomic}
     bool UseLargePagesIndividualAllocation        = false                                  {pd product} {ergonomic}

Logging:
Log output configuration:
 #0: stdout all=warning uptime,level,tags foldmultilines=false
 #1: stderr all=off uptime,level,tags foldmultilines=false

Environment Variables:
PATH=C:\Program Files\PowerShell\7;C:\Program Files\Zulu\zulu-21\bin\;C:\Program Files (x86)\Common Files\Oracle\Java\java8path;C:\Program Files (x86)\Common Files\Oracle\Java\javapath;C:\Program Files (x86)\Razer Chroma SDK\bin;C:\Program Files\Razer Chroma SDK\bin;C:\Program Files (x86)\Razer\ChromaBroadcast\bin;C:\Program Files\Razer\ChromaBroadcast\bin;C:\Program Files (x86)\Common Files\Intel\Shared Libraries\redist\intel64\compiler;C:\WINDOWS\system32;C:\WINDOWS;C:\WINDOWS\System32\Wbem;C:\WINDOWS\System32\WindowsPowerShell\v1.0\;C:\WINDOWS\System32\OpenSSH\;C:\Program Files\dotnet\;C:\WINDOWS\system32\config\systemprofile\AppData\Local\Microsoft\WindowsApps;C:\Users\Administrator\AppData\Local\Programs\Python\Launcher\;C:\Users\Administrator\AppData\Local\Microsoft\WindowsApps;C:\Users\Administrator\AppData\Roaming\npm;C:\Users\Administrator\AppData\Local\Programs\Microsoft VS Code\bin;C:\WINDOWS\system32;C:\WINDOWS;C:\WINDOWS\System32\Wbem;C:\WINDOWS\System32\WindowsPowerShell\v1.0\;C:\WINDOWS\System32\OpenSSH\;C:\Program Files\Calibre2\;C:\Program Files\Git\cmd;C:\Program Files\PowerShell\7\;C:\Program Files\ffmpeg-8.0.1-essentials_build\ffmpeg-8.0.1-essentials_build\bin;C:\Program Files\nodejs\;C:\ProgramData\chocolatey\bin;C:\Users\Administrator\.local\bin;C:\Users\Administrator\AppData\Local\Programs\Python\Python313\Scripts\;C:\Users\Administrator\AppData\Local\Programs\Python\Python313\;C:\Users\Administrator\AppData\Local\Microsoft\WindowsApps;C:\Users\Administrator\AppData\Local\Programs\Microsoft VS Code\bin;C:\Users\Administrator\AppData\Local\Muse Hub\lib;C:\Users\Administrator\.lmstudio\bin;C:\Users\Administrator\AppData\Local\spicetify;C:\Users\Administrator\AppData\Roaming\npm;C:\Users\Administrator\AppData\Local\Programs\Antigravity\bin;C:\Users\Administrator\AppData\Local\GitHubDesktop\bin
USERNAME=Administrator
LANG=en_US.UTF-8
OS=Windows_NT
PROCESSOR_IDENTIFIER=AMD64 Family 25 Model 97 Stepping 2, AuthenticAMD
TMP=C:\Users\ADMINI~1\AppData\Local\Temp
TEMP=C:\Users\ADMINI~1\AppData\Local\Temp




Periodic native trim disabled

---------------  S Y S T E M  ---------------

OS:
 Windows 11 , 64 bit Build 26100 (10.0.26100.5514)
OS uptime: 0 days 3:25 hours
Hyper-V role detected

CPU: total 12 (initial active 12) (12 cores per cpu, 2 threads per core) family 25 model 97 stepping 2 microcode 0xa60120c, cx8, cmov, fxsr, ht, mmx, 3dnowpref, sse, sse2, sse3, ssse3, sse4a, sse4.1, sse4.2, popcnt, lzcnt, tsc, tscinvbit, avx, avx2, aes, erms, clmul, bmi1, bmi2, adx, avx512f, avx512dq, avx512cd, avx512bw, avx512vl, sha, fma, vzeroupper, avx512_vpopcntdq, avx512_vpclmulqdq, avx512_vaes, avx512_vnni, clflush, clflushopt, avx512_vbmi2, avx512_vbmi, hv, rdtscp, rdpid, fsrm, gfni, avx512_bitalg, f16c, cet_ss, avx512_ifma
Processor Information for the first 12 processors :
  Max Mhz: 4701, Current Mhz: 4701, Mhz Limit: 4701

Memory: 4k page, system-wide physical 31913M (5282M free)
TotalPageFile size 31913M (AvailPageFile size 8M)
current process WorkingSet (physical memory assigned to process): 2494M, peak: 2494M
current process commit charge ("private bytes"): 3922M, peak: 3924M

vm_info: OpenJDK 64-Bit Server VM (21.0.7+6-LTS) for windows-amd64 JRE (21.0.7+6-LTS) (Zulu21.42+19-CA), built on 2025-04-07T10:58:52Z by "zulu_re" with MS VC++ 17.1 (VS2022)

END.
